sample,absolute_seconds,G1_new_solver_sdf_eta_m,G1_new_display_mesh_eta_m,G1_old_solver_sdf_eta_m,G1_old_display_mesh_eta_m,G2_new_solver_sdf_eta_m,G2_new_display_mesh_eta_m,G2_old_solver_sdf_eta_m,G2_old_display_mesh_eta_m,G3_new_solver_sdf_eta_m,G3_new_display_mesh_eta_m,G3_old_solver_sdf_eta_m,G3_old_display_mesh_eta_m,piston_displacement_m,piston_analytic_velocity_m_s,actual_collision_vx_m_s,particle_count,negative_voxel_proxy_m3
0,0.0,-1.20693817730537e-06,-0.013189262151718117,-1.20693817730537e-06,-0.013189262151718117,-1.20693817730537e-06,-0.010983443260192849,-1.20693817730537e-06,-0.010983383655548073,-1.20693817730537e-06,-0.012592768669128396,-1.20693817730537e-06,-0.012592828273773171,0.0,0.0,0.0,53794,2.160000257489944
1,0.016666666666666666,-0.0041009631881031,,-0.0041009631881031,,-0.002580419227835085,,-0.0025801809384277865,,-0.000756010337954387,,-0.0007562786879672836,,0.0,0.0,0.0,53612,2.358936281204768
2,0.03333333333333333,-0.004162326679157852,-0.013224190473556496,-0.004162326679157852,-0.013224160671234109,-0.002621874153993482,-0.010952597856521584,-0.0026217849854555278,-0.010952478647232033,-0.0008569509805964901,-0.012616431713104226,-0.0008570700408602357,-0.012616491317749001,0.0,0.0,0.0,53611,2.3572082809987758
3,0.05,-0.004256740455029393,,-0.004256710225543987,,-0.002666637266685943,,-0.0026666075438399584,,-0.0009843856561984475,,-0.0009845048853419996,,0.0,0.0,0.0,53609,2.355696280818533
4,0.06666666666666667,-0.004378572374163224,-0.01338151693344114,-0.004378453145019671,-0.013381487131118752,-0.002709671725676701,-0.0109111428260803,-0.002709552496533148,-0.010910993814468362,-0.0011276156601240078,-0.012642985582351662,-0.0011277348892675602,-0.01264328360557554,0.0,0.0,0.0,53605,2.35418428063829
5,0.08333333333333333,-0.0045226368132138435,,-0.004522487354584886,,-0.0027478486947864382,,-0.0027474911762355877,,-0.0012795179798848477,,-0.0012798754984356983,,0.0,0.0,0.0,53587,2.352888280483796
6,0.1,-0.004683121773632585,-0.013522779941558816,-0.0046830329428542445,-0.013522660732269265,-0.002777412624873059,-0.01083264350891111,-0.002776786587429505,-0.010832047462463357,-0.0014350263901588265,-0.012653505802154519,-0.0014352351255999462,-0.012653684616088845,0.0,0.0,0.0,53575,2.352888280483796
7,0.11666666666666667,-0.004854485126801943,,-0.0048543366814518246,,-0.0027941616174652754,,-0.0027939527131443484,,-0.0015880019410914451,,-0.0015883594596422961,,0.0,0.0,0.0,53567,2.352672280458047
8,0.13333333333333333,-0.005029574306267411,-0.01366276144981382,-0.005029424847638454,-0.013662701845169045,-0.00279842313050834,-0.010704821348190285,-0.002798810709664789,-0.010704970359802224,-0.0017420203248306315,-0.012641435861587502,-0.0017422883370839144,-0.012641614675521828,0.0,0.0,0.0,53557,2.351808280355051
9,0.15,-0.005205407907920952,,-0.0052051696185136526,,-0.0027886183066891186,,-0.002789422681208581,,-0.001893207438609963,,-0.0018933264988737087,,0.0,0.0,0.0,53549,2.3520242803808
10,0.16666666666666666,-0.0053762348988241285,-0.013798332214355447,-0.005376085440195171,-0.013798213005065896,-0.002764269553914175,-0.010535395145416238,-0.0027650148205012816,-0.010535812377929665,-0.0020415036678576638,-0.012613898515701272,-0.0020415337284632623,-0.012613898515701272,0.0,0.0,0.0,53535,2.3520242803808
11,0.18333333333333332,-0.005534931759849199,,-0.00553466408535553,,-0.0027224270485993293,,-0.002723172484066242,,-0.002183571609833104,,-0.0021833927661177757,,0.0,0.0,0.0,53517,2.3520242803808
12,0.2,-0.005678757740612713,-0.013909971714019753,-0.005678519451205413,-0.013909852504730202,-0.00265301778579227,-0.010272061824798562,-0.0026538817748835088,-0.01027247905731199,-0.0023154466421934547,-0.012627130746841408,-0.0023151190153683954,-0.012626922130584695,0.0,0.0,0.0,53503,2.352240280406549
13,0.21666666666666667,-0.005803271977716859,,-0.005803004134343382,,-0.0025718958639893434,,-0.0025724918408272994,,-0.002442523799244561,,-0.0024419577141323967,,0.0,0.0,0.0,53497,2.354832280715537
14,0.23333333333333334,-0.005901977158357257,-0.013982480764389016,-0.0059016498692918105,-0.013982361555099465,-0.0024550406638800845,-0.009995406866073586,-0.0024555771950260704,-0.009995645284652688,-0.0025623289918178063,-0.01260060667991636,-0.0025616734004080747,-0.012600129842758157,0.0,0.0,0.0,53483,2.355048280741286
15,0.25,-0.005967751452204222,,-0.005967393764773567,,-0.0023075788697574447,,-0.002308324136344551,,-0.002673581435458939,,-0.0026728660605976236,,0.0,0.0,0.0,53459,2.3565602809215287
16,0.26666666666666666,-0.005999251927034635,-0.01399613022804258,-0.005998924637969189,-0.01399601101875303,-0.0021323410760620515,-0.009669190645217873,-0.002132937221779813,-0.009669309854507424,-0.0027760713814479966,-0.012571102380752541,-0.002775326452620504,-0.012570506334304787,0.0,0.0,0.0,53447,2.3572082809987758
17,0.2833333333333333,-0.005994275376889869,,-0.00599376839971006,,-0.0019316226971269985,,-0.0019321887822391628,,-0.0028712599778728224,,-0.0028703063136042094,,0.0,0.0,0.0,53434,2.3593682812562657
18,0.3,-0.005968138355841446,-0.013963317871093728,-0.005967542379003491,-0.01396301984786985,-0.001705929527973449,-0.00927961468696592,-0.0017065256736912113,-0.009279525279998757,-0.002958461572718086,-0.012545353174209573,-0.0029576271375930246,-0.012544846534728982,0.0,0.0,0.0,53423,2.360016281333513
19,0.31666666666666665,-0.005902484304416871,,-0.005901977158357257,,-0.0014574081998247669,,-0.0014580041766627228,,-0.0030395834945210125,,-0.0030389577948370717,,0.0,0.0,0.0,53423,2.360232281359262
20,0.3333333333333333,-0.005790635715057975,-0.013882493972778298,-0.005790010353133651,-0.013882166147232033,-0.00112752615382644,-0.008949702978134133,-0.0011286289389643967,-0.008949911594390847,-0.0031160561552446195,-0.012537842988967873,-0.003116294613531725,-0.012538230419158913,0.0,0.0,0.0,53417,2.36066428141076
21,0.35,-0.0056343825448363135,,-0.005633875567656505,,-0.0011125652606278976,,-0.0011137573831836154,,-0.003197535764478204,,-0.003200694830142925,,0.0,0.0,0.0,53405,2.360016281333513
22,0.36666666666666664,-0.005457476049770607,-0.013761764764785744,-0.005456968903710993,-0.01376155614852903,-0.0010785310820570918,-0.008674657344818093,-0.0010801107837692591,-0.008675581216812112,-0.003265097819959233,-0.012560701370239236,-0.003274008594081618,-0.012568211555480935,0.0,0.0,0.0,53382,2.3608802814365086
23,0.38333333333333336,-0.00524707156952047,,-0.005246594821826064,,-0.0010658652654320314,,-0.0010681897270918847,,-0.0033219010495928155,,-0.003334060395677488,,0.0,0.0,0.0,53366,2.3598002813077636
24,0.4,-0.005010589682793682,-0.013596153259277322,-0.005010083550012907,-0.01359591484069822,-0.0010944454706444413,-0.008502280712127663,-0.0010972470177583109,-0.008503979444503762,-0.003382697780016178,-0.012604391574859597,-0.0034001023640181263,-0.012618547677993752,0.0,0.0,0.0,53358,2.3593682812562657
25,0.4166666666666667,-0.004758194251878581,,-0.0047576872746987724,,-0.0011556893947960293,,-0.0011589676896043028,,-0.003440603457028103,,-0.0034612267212665486,,0.0,0.0,0.0,53350,2.359152281230517
26,0.43333333333333335,-0.004485562629242063,-0.013397133350372292,-0.004484936422918702,-0.013396745920181252,-0.001221969821423773,-0.008419191837310769,-0.001226112105323285,-0.008420890569686867,-0.0034915359179402755,-0.012659645080566384,-0.0035135299795699608,-0.01267690062522886,0.0,0.0,0.0,53328,2.360016281333513
27,0.45,-0.004215017178858098,,-0.004214301972876592,,-0.0011965782358422617,,-0.0011999755909142809,,-0.0035379974548490367,,-0.0035608561810891877,,0.0,0.0,0.0,53323,2.360232281359262
28,0.4666666666666667,-0.003941401662467562,-0.013199514150619485,-0.003940418613112577,-0.013198888301849343,-0.0011468679580914059,-0.008360302448272683,-0.0011514871585651277,-0.00836253762245176,-0.003578081921375807,-0.012717580795288064,-0.003603532952649287,-0.012737607955932595,0.0,0.0,0.0,53315,2.3604482813850107
29,0.48333333333333334,-0.0036707369829400457,,-0.003669068112689924,,-0.0010786503112006447,,-0.001084223513702593,,-0.0036137549095911353,,-0.003643766202285788,,0.0,0.0,0.0,53311,2.36066428141076
30,0.5,-0.00340290374225219,-0.012984728813171365,-0.0034009367991431868,-0.012983536720275857,-0.000996664231426672,-0.008338785171508767,-0.001003846520727159,-0.008342808485031106,-0.003644868649664132,-0.012804871797561623,-0.0036825687021996593,-0.012834852933883645,0.0,0.0,0.0,53299,2.3608802814365086
31,0.5166666666666667,-0.0031420438865438927,,-0.0031398980997195615,,-0.0009055883649351805,,-0.0009136050893607276,,-0.0036713631892634066,,-0.0037183911490439457,,0.0,0.0,0.0,53269,2.3608802814365086
32,0.5333333333333333,-0.0028910786987119985,-0.012761569023132302,-0.0028886944536005623,-0.012760347127914407,-0.000957027127507934,-0.008389151096343972,-0.0009683221467417546,-0.008395230770111062,-0.003696426641380437,-0.012860929965972878,-0.003748699839078252,-0.012904918193817116,0.0,0.0,0.0,53259,2.361096281462258
33,0.55,-0.002653971450060883,,-0.0026515275903776707,,-0.0009622424736994181,,-0.0009748785674784939,,-0.003713086296554893,,-0.0037735255084274054,,0.0,0.0,0.0,53241,2.360232281359262
34,0.5666666666666667,-0.002436354788784464,-0.012552744150161721,-0.002433911097981058,-0.01255146265029905,-0.0009759813526164509,-0.008496946096420266,-0.0009928792971982043,-0.008507049083709695,-0.0037259309568952828,-0.012917494773864724,-0.0037994233956694973,-0.012975281476974465,0.0,0.0,0.0,53229,2.3598002813077636
35,0.5833333333333334,-0.002241030430876417,,-0.002238765414908534,,-0.0010113864974583033,,-0.001032039484542733,,-0.0037346927790281293,,-0.0038203151788006456,,0.0,0.0,0.0,53219,2.358936281204768
36,0.6,-0.002071574406244286,-0.012370383739471413,-0.002069994704532119,-0.012369757890701272,-0.0010595471341025902,-0.0086450934410095,-0.0010833590179719342,-0.008659398555755593,-0.003740891681214018,-0.012964850664138772,-0.0038353650716573353,-0.013037776947021462,0.0,0.0,0.0,53201,2.3587202811790187
37,0.6166666666666667,-0.0019381791178637382,,-0.001936569862185393,,-0.0011202246353824012,,-0.001146569885232525,,-0.003751382157048569,,-0.003850564254263177,,0.0,0.0,0.0,53187,2.3598002813077636
38,0.6333333333333333,-0.0018320232979099579,-0.012241309881210305,-0.001830324535934045,-0.012240564823150613,-0.0011892468256724312,-0.008812522888183572,-0.001218363562030827,-0.008831506967544533,-0.00375036887820818,-0.012997096776962258,-0.003859475366145174,-0.013081198930740334,0.0,0.0,0.0,53179,2.3593682812562657
39,0.65,-0.0017495601326819685,,-0.0017484872392698031,,-0.0012718589428899578,,-0.0013066083274422711,,-0.003742739395179468,,-0.003866180738871451,,0.0,0.0,0.0,53167,2.3598002813077636
40,0.6666666666666666,-0.0016847401786228397,-0.012141174077987649,-0.0016844123829179735,-0.012141382694244363,-0.0013625175073790161,-0.009009158611297585,-0.0014019458758566345,-0.009035950899124123,-0.003728493876842241,-0.013005232810974099,-0.003866389474312572,-0.013108438253402688,0.0,0.0,0.0,53155,2.360016281333513
41,0.6833333333333333,-0.0016453415329912065,,-0.001643762000158846,,-0.001461044013183891,,-0.001504555388748858,,-0.003716126133076061,,-0.00386472060406245,,0.0,0.0,0.0,53147,2.3598002813077636
42,0.7,-0.0016249268353140745,-0.012070453166961648,-0.0016255229810318373,-0.012071645259857156,-0.0015680639911087165,-0.009184455871582009,-0.0016140192263568963,-0.009217357635498025,-0.003700330973632265,-0.013001179695129372,-0.003862038454971939,-0.013121134042739846,0.0,0.0,0.0,53123,2.3615282815137557
43,0.7166666666666667,-0.0016159265548941226,,-0.001617983004300693,,-0.0016685873317483862,,-0.0017210991566131116,,-0.003686532311263649,,-0.003856793217054664,,0.0,0.0,0.0,53115,2.361312281488007
44,0.7333333333333333,-0.0016146152031948522,-0.012006258964538552,-0.0016195924288588447,-0.012010788917541482,-0.0017650276653007058,-0.009329354763030984,-0.0018233807049206634,-0.009370213747024514,-0.003665670588738099,-0.012987589836120583,-0.003851219845672909,-0.013124531507492043,0.0,0.0,0.0,53101,2.3615282815137557
45,0.75,-0.0016218869987929064,,-0.001629903892098261,,-0.0018599779723182334,,-0.0019234568518321075,,-0.0036441534436826243,,-0.0038469284409040527,,0.0,0.0,0.0,53089,2.360016281333513
46,0.7666666666666667,-0.0016264170307286737,-0.0119429290294647,-0.0016406328262199166,-0.011953091621398904,-0.0019517690447912336,-0.009452021121978738,-0.0020196587270973217,-0.009499228000640847,-0.0036274941262677816,-0.012961184978485085,-0.003844246122933735,-0.013121044635772683,0.0,0.0,0.0,53069,2.360232281359262
47,0.7833333333333333,-0.0016281157927045872,,-0.0016451327975500864,,-0.0020333974371345488,,-0.002104893378833583,,-0.0036154540093266616,,-0.003842309240430331,,0.0,0.0,0.0,53065,2.360232281359262
48,0.8,-0.0016199796702556805,-0.011870181560516335,-0.001639649270225512,-0.011883383989334084,-0.0021010787217591305,-0.009513205289840676,-0.0021771041887545125,-0.009566223621368386,-0.003602906915205733,-0.012936747074127175,-0.0038409678281254617,-0.013111060857772805,0.0,0.0,0.0,53045,2.359584281282015
49,0.8166666666666667,-0.0016036479796658976,,-0.0016239434481994768,,-0.0021476594878114437,,-0.0022298543030265365,,-0.0035875885034563405,,-0.0038441268937901827,,0.0,0.0,0.0,53029,2.360232281359262
50,0.8333333333333334,-0.0015709845984863322,-0.01178891062736509,-0.001593425853844243,-0.011804854869842507,-0.0021763889827730045,-0.00953087806701658,-0.0022651106647586586,-0.009592568874359109,-0.0035626442804828616,-0.012903696298599221,-0.0038327425371386015,-0.013102269172668435,0.0,0.0,0.0,53009,2.360232281359262
51,0.85,-0.001521006308482193,,-0.0015483648371727066,,-0.002192422600503905,,-0.00228662797869394,,-0.003560736951945635,,-0.003841713263592375,,0.0,0.0,0.0,53004,2.3608802814365086
52,0.8666666666666667,-0.0014602989154765913,-0.01169646382331846,-0.0014876574441671049,-0.01171532869338987,-0.0021843759843525666,-0.009494251012802102,-0.0022848098186946677,-0.009564197063446023,-0.0035604984936585303,-0.012882655858993508,-0.003852322799690673,-0.013094013929367043,0.0,0.0,0.0,52984,2.3604482813850107
53,0.8833333333333333,-0.0013978034230773158,,-0.0014317482642303599,,-0.0021570174556620535,,-0.002267077607867661,,-0.003566071358400865,,-0.0038652865202948076,,0.0,0.0,0.0,52978,2.3604482813850107
54,0.9,-0.001336172257528892,-0.011613881587982156,-0.0013784915105381412,-0.011640107631683327,-0.0021145789735092517,-0.009398674964904763,-0.002234593070403424,-0.009482985734939553,-0.0035711676443286036,-0.012862479686737038,-0.0038851349639799685,-0.013088589906692483,0.0,0.0,0.0,52966,2.3587202811790187
55,0.9166666666666666,-0.0012795179798848477,,-0.001328125641377553,,-0.0020605175075379565,,-0.002185866179767166,,-0.0035828502427188726,,-0.003910168693251014,,0.0,0.0,0.0,52966,2.360232281359262
56,0.9333333333333333,-0.0012191684431897098,-0.011539554595947243,-0.0012752562979619765,-0.011550313234329201,-0.0019837467739554685,-0.009216612577438332,-0.002118125618330421,-0.009308522939681985,-0.0035996286203974605,-0.012849515676498391,-0.003936305883179244,-0.013089126348495461,0.0,0.0,0.0,52965,2.3604482813850107
57,0.95,-0.001158490773030093,,-0.0012188404786050368,,-0.0018946677422987707,,-0.002038225373049391,,-0.0036172421087203354,,-0.003969236938852481,,0.0,0.0,0.0,52951,2.3626082816425007
58,0.9666666666666667,-0.0011164099783079486,-0.011481648683547951,-0.0011774747209845945,-0.011492049694061257,-0.001789674153174917,-0.009031927585601784,-0.0019546898210486565,-0.009142136573791482,-0.0036380440477943032,-0.012837743759155251,-0.0040206757014252335,-0.013108944892883279,0.0,0.0,0.0,52943,2.36066428141076
59,0.9833333333333333,-0.0010725706381583084,,-0.0011355430471317943,,-0.0016700775271629854,,-0.0018484443259175016,,-0.003661051557144184,,-0.004072889453431079,,0.0,0.0,0.0,52924,2.3604482813850107
60,1.0,-0.0010270923194843386,-0.011450862884521462,-0.0010974853071656094,-0.011484539508819558,-0.0015331357628410747,-0.008812582492828347,-0.0017293840621717487,-0.008940523862838723,-0.0036807505422003874,-0.012824720144271828,-0.004131361553314781,-0.013144648075103738,0.0,0.0,0.0,52910,2.3593682812562657
61,1.0166666666666666,-0.0009935348886079363,,-0.0010732858441398164,,-0.0013837068567296253,,-0.0016124099706785514,,-0.003699913671629831,,-0.004202261855935472,,0.0,0.0,0.0,52900,2.359152281230517
62,1.0333333333333334,-0.0009751469174913905,-0.011439418792724587,-0.0010657161445626877,-0.011481738090515115,-0.0012277215298814362,-0.008608704805374123,-0.0014859586821911919,-0.008770024776458718,-0.003723904399214504,-0.012808179855346657,-0.004278227370599463,-0.013209617137908913,0.0,0.0,0.0,52880,2.357856281076023
63,1.05,-0.000979766117965112,,-0.0010810345563120809,,-0.0010629446580544162,,-0.0013531595395284064,,-0.003749772732490418,,-0.004352673642522098,,0.0,0.0,0.0,52868,2.358072281101772
64,1.0666666666666667,-0.0010164826145062345,-0.011478877067565896,-0.0011227576636035678,-0.011525934934616067,-0.0009021908409833548,-0.008386349678039529,-0.0012239367645327753,-0.008563017845153786,-0.003763660732276795,-0.012798613309860207,-0.004426225864747894,-0.013270711898803689,0.0,0.0,0.0,52860,2.35850428115327
65,1.0833333333333333,-0.001072660144455876,,-0.0011764915027498032,,-0.0007407218179307856,,-0.001099809937705269,,-0.003813997047471205,,-0.004505828206049849,,0.0,0.0,0.0,52846,2.357856281076023
66,1.1,-0.0011406094413337411,-0.011559671163558938,-0.0012467949841335059,-0.011607861518859841,-0.000582143679409847,-0.00820425748825071,-0.0009895116649721709,-0.008438086509704568,-0.0038651674600310615,-0.0128184914588928,-0.004588082635836717,-0.013337856531143166,0.0,0.0,0.0,52840,2.357424281024525
67,1.1166666666666667,-0.0012387782597079585,,-0.0013562290988955593,,-0.0005269795971804018,,-0.0009110420005339628,,-0.003934010637725955,,-0.004674658024358621,,0.0,0.0,0.0,52822,2.356128280870031
68,1.1333333333333333,-0.0013587921877223244,-0.011685556173324563,-0.0014899819058269582,-0.011750286817550637,-0.0005851835159310151,-0.008128947019577004,-0.0008625537370646164,-0.008337175846099831,-0.004007801149359053,-0.012882298231124856,-0.004762783898386124,-0.013410663604736306,0.0,0.0,0.0,52802,2.35634428089578
69,1.15,-0.0014950781917546967,,-0.0016399176202384087,,-0.0006411224187137447,,-0.0008502452701105998,,-0.004078105306261981,,-0.004852637412836491,,0.0,0.0,0.0,52784,2.3565602809215287
70,1.1666666666666667,-0.0016500203480367044,-0.011846399307250954,-0.0018069595080333132,-0.011928206682205178,-0.0007259100456015869,-0.008163607120513894,-0.0008704811240724027,-0.008313125371932961,-0.004145964759082665,-0.012942230701446511,-0.0049386175000396635,-0.01349413990974424,0.0,0.0,0.0,52764,2.355912280844282
71,1.1833333333333333,-0.001814022737070054,,-0.001984760052795858,,-0.000825569059390404,,-0.0009328573873281262,,-0.0042095334826537205,,-0.0050449815487951435,,0.0,0.0,0.0,52754,2.3565602809215287
72,1.2,-0.0019928662835189737,-0.012030696868896462,-0.0021727234465678956,-0.012129789590835549,-0.0009519011187342108,-0.008250480890274026,-0.0010303408914466268,-0.008362567424774148,-0.004273757122115279,-0.0129921495914459,-0.005128517945194913,-0.013566470146179177,0.0,0.0,0.0,52732,2.358072281101772
73,1.2166666666666666,-0.0021735876045389413,,-0.0023694783853187643,,-0.00110064437283033,,-0.0011659414123434755,,-0.004343286458464924,,-0.005206242511925819,,0.0,0.0,0.0,52718,2.3565602809215287
74,1.2333333333333334,-0.0023538916235564746,-0.012221431732177712,-0.002568647123147248,-0.012345141172409035,-0.0012746304293982293,-0.008393621444702126,-0.0013312847070422735,-0.008492982387542702,-0.004417672946935973,-0.01305810213088987,-0.005276873957894192,-0.013092195987701394,0.0,0.0,0.0,52704,2.35634428089578
75,1.25,-0.002532616447501262,,-0.0027742234986027404,,-0.0014546066527108973,,-0.001525119038415527,,-0.004501834705260069,,-0.005335375442864269,,0.0,0.0,0.0,52696,2.357856281076023
76,1.2666666666666666,-0.0027143208178762143,-0.012407398223876931,-0.0029775350269701547,-0.012559777498245217,-0.0016637295041077526,-0.008601671457290627,-0.0017448217030646947,-0.008684849739074685,-0.004590138578603867,-0.013150668144226052,-0.00537790376907425,-0.01311150789260862,0.0,0.0,0.0,52680,2.355264280767035
77,1.2833333333333334,-0.0028925688941265986,,-0.0030595214445037406,,-0.0018949955380036369,,-0.0019848792819394108,,-0.004679277731471762,,-0.005414262578184717,,0.0,0.0,0.0,52668,2.356128280870031
78,1.3,-0.00295861069358743,-0.012586927413940407,-0.003234103477909597,-0.012760376930236794,-0.002140119848839913,-0.008855020999908425,-0.0022390038731956393,-0.008936500549316384,-0.004767552219729189,-0.013239032030105569,-0.005432054234703691,-0.013136780261993386,0.0,0.0,0.0,52667,2.355912280844282
79,1.3166666666666667,-0.0031170098195132325,,-0.0034010560282867392,,-0.0023943932232058725,,-0.002483650929698092,,-0.004872813989986133,,-0.0054461511388109955,,0.0,0.0,0.0,52651,2.356776280947278
80,1.3333333333333333,-0.0032633988891035133,-0.012758022546768166,-0.0035174042512161894,-0.012946522235870339,-0.0026517956026309536,-0.009137517213821389,-0.002756103708619284,-0.00922415256500242,-0.0049427596150593694,-0.012785530090332009,-0.005440429153199316,-0.013049370050430276,0.0,0.0,0.0,52637,2.355264280767035
81,1.35,-0.0033976286126091225,,-0.003667250459330073,,-0.0029123575543601754,,-0.0030305536601348826,,-0.005002930983558406,,-0.005418404693204419,,0.0,0.0,0.0,52627,2.356128280870031
82,1.3666666666666667,-0.0034837277600760414,-0.0129081070423126,-0.003797426898594317,-0.013070678710937478,-0.0031291992262035035,-0.009426242113113381,-0.0033075658560782133,-0.009510552883148171,-0.005055204350136025,-0.01284009814262388,-0.005376979489892008,-0.01292259097099302,0.0,0.0,0.0,52611,2.355912280844282
83,1.3833333333333333,-0.0036071689348882176,,-0.003922924185053451,,-0.003374323199280167,,-0.0035757868448023254,,-0.0050910862426722815,,-0.005317017194593706,,0.0,0.0,0.0,52593,2.35418428063829
84,1.4,-0.0037107618348950397,-0.013045883178710915,-0.004036858946664898,-0.013204073905944802,-0.0036036521817928396,-0.009686148166656472,-0.003835156673975829,-0.009789830446243264,-0.005112513712550381,-0.012796914577484109,-0.005257651045013165,-0.0127460718154907,0.0,0.0,0.0,52575,2.354832280715537
85,1.4166666666666667,-0.0038109572109500368,,-0.004138633348912835,,-0.0038227588696040523,,-0.004077866847974877,,-0.005108698886596121,,-0.005161985532014133,,0.0,0.0,0.0,52561,2.355048280741286
86,1.4333333333333333,-0.0039022715357286335,-0.013150101900100686,-0.004231646942306764,-0.013295716047286965,-0.004022285125983386,-0.009904271364212014,-0.004307553011278786,-0.010041987895965554,-0.005088404093581769,-0.012678480148315407,-0.00508208596225233,-0.012561506032943703,0.0,0.0,0.0,52549,2.355048280741286
87,1.45,-0.003981545743566111,,-0.00431387097372842,,-0.004201904168504814,,-0.004528567027627222,,-0.005060449419173494,,-0.004988953308594654,,0.0,0.0,0.0,52541,2.354400280664039
88,1.4666666666666666,-0.004048899063606018,-0.013219153881072976,-0.004387572654583175,-0.013368731737136819,-0.004362002225286335,-0.01006892919540403,-0.004739567484715317,-0.010283654928207375,-0.004991635457685167,-0.01249755024909971,-0.00488521179435791,-0.012350267171859719,0.0,0.0,0.0,52529,2.353752280586792
89,1.4833333333333334,-0.004108145984043007,,-0.0044519749688802564,,-0.00449962930386396,,-0.004913345143601706,,-0.004898742106713629,,-0.004768714112799503,,0.0,0.0,0.0,52515,2.353536280561043
90,1.5,-0.004158810094942282,-0.013235038518905617,-0.004235819286811875,-0.013428366184234597,-0.004619642894118713,-0.010188049077987649,-0.005059078621782256,-0.010480588674545266,-0.004783436378831133,-0.012227511405944802,-0.004638746577856187,-0.012103295326232888,0.0,0.0,0.0,52511,2.355696280818533
91,1.5166666666666666,-0.004199906995910406,,-0.0042805520011391235,,-0.0047336068719367255,,-0.005201861094219976,,-0.004648253159936722,,-0.004500404293297053,,0.0,0.0,0.0,52495,2.355912280844282
92,1.5333333333333334,-0.0042344483205408266,-0.013271188735961892,-0.0043279680467155305,-0.013498729467391946,-0.004819706357163257,-0.010285323858261086,-0.005341693574193708,-0.010712063312530495,-0.004471823412565417,-0.011891251802444436,-0.0043548194293464276,-0.01185098886489866,0.0,0.0,0.0,52481,2.354832280715537
93,1.55,-0.004002555911441776,,-0.0043970498515773365,,-0.004871145119736011,,-0.0054713042661054,,-0.004284187983378054,,-0.004213318079122574,,0.0,0.0,0.0,52468,2.355048280741286
94,1.5666666666666667,-0.004027739437101394,-0.013320720195770241,-0.004461988528140599,-0.013574397563934304,-0.004910632765025791,-0.01032859683036802,-0.005575374082686432,-0.010905271768569924,-0.004158213949224519,-0.011505401134490945,-0.004068866567554926,-0.011601036787033059,0.0,0.0,0.0,52464,2.357856281076023
95,1.5833333333333333,-0.00406132608418436,,-0.004531756322777346,,-0.004930451823624579,,-0.005663171654369649,,-0.003953084091978027,,-0.003936663570609903,,0.0,0.0,0.0,52455,2.3587202811790187
96,1.6,-0.00409050311063376,-0.013353800773620583,-0.004600063138206061,-0.0136615991592407,-0.0049214513743248214,-0.010329461097717263,-0.005723610697362354,-0.011006897687911965,-0.0037355868287249666,-0.011109983921051003,-0.0037850588170685235,-0.011343336105346657,0.0,0.0,0.0,52445,2.358072281101772
97,1.6166666666666667,-0.004113956969312833,,-0.004667803361883192,,-0.00489096316505596,,-0.005760088735616372,,-0.0035136492087135137,,-0.0036814363630955243,,0.0,0.0,0.0,52443,2.360016281333513
98,1.6333333333333333,-0.00415201504703863,-0.013376927375793435,-0.004740401919840376,-0.013750559091567971,-0.004845723304669095,-0.010267412662506081,-0.005771741104521236,-0.011023825407028176,-0.003308042772652423,-0.010713493824005105,-0.003522053512295509,-0.011108553409576394,0.0,0.0,0.0,52434,2.3593682812562657
99,1.65,-0.004179612034016247,,-0.0048124043320798005,,-0.004784926574245733,,-0.005764380309265033,,-0.0030718891882699204,,-0.0033828170091597305,,0.0,0.0,0.0,52426,2.3608802814365086
100,1.6666666666666667,-0.004205271294091428,-0.013404107093811013,-0.004886433301999999,-0.013843333721160866,-0.004706725259820422,-0.010144686698913552,-0.005745276625527561,-0.010986483097076394,-0.0028211920126913087,-0.01035419702529905,-0.003183379921318351,-0.010905927419662453,0.0,0.0,0.0,52410,2.357856281076023
101,1.6833333333333333,-0.004232242919144718,,-0.004966452945304388,,-0.0046149048022610505,,-0.005726679918969895,,-0.002582237050074743,,-0.003076299991062135,,0.0,0.0,0.0,52390,2.3576402810502737
102,1.7,-0.004262283596925744,-0.01343310475349424,-0.005051568367897096,-0.013952857255935647,-0.004510089550213108,-0.009968525171279885,-0.005633756338512952,-0.010900354385375954,-0.0023422090251662055,-0.010049170255660989,-0.0029642732335071393,-0.010752147436141946,0.0,0.0,0.0,52377,2.3582882811275208
103,1.7166666666666666,-0.004291876912098735,,-0.005142018028065225,,-0.0043881686314211285,,-0.005533054660797376,,-0.0021197049822829746,,-0.002900436666562608,,0.0,0.0,0.0,52365,2.3572082809987758
104,1.7333333333333334,-0.004321619685900684,-0.013462579250335671,-0.0052379814450433364,-0.014060235023498513,-0.0042536703890228185,-0.00974488854408262,-0.005411967332731426,-0.010729914903640725,-0.001908853646064222,-0.009809887409210183,-0.002825573261517346,-0.010665273666381814,0.0,0.0,0.0,52339,2.358936281204768
105,1.75,-0.0043593200761958256,,-0.005335017755433611,,-0.004123434166306995,,-0.005271867178264023,,-0.0017415731311024064,,-0.002736702627542155,,0.0,0.0,0.0,52313,2.356992280973027
106,1.7666666666666666,-0.004409089968518458,-0.013510471582412698,-0.005440279525690551,-0.014175838232040383,-0.004000619366697987,-0.009539908170700051,-0.005120023797555733,-0.010532504320144631,-0.0015272943792060362,-0.00966263413429258,-0.002674802943101028,-0.010593569278717019,0.0,0.0,0.0,52299,2.358072281101772
107,1.7833333333333334,-0.0044726578476904765,,-0.005548790374549204,,-0.003882661550330577,,-0.00495405514093261,,-0.0013971775545135682,,-0.002630874434413434,,0.0,0.0,0.0,52279,2.3576402810502737
108,1.8,-0.004549488195844741,-0.013593769073486306,-0.005671218270520988,-0.014306044578552224,-0.0037567169012634126,-0.009352719783782937,-0.004756971899837457,-0.010247981548309304,-0.0013064890982987182,-0.009666478633880593,-0.0025581867079182944,-0.010533487796783425,0.0,0.0,0.0,52271,2.3565602809215287
109,1.8166666666666667,-0.004629746297436236,,-0.005794599830761386,,-0.003636613635831286,,-0.004551485368439148,,-0.0012982041927400816,,-0.002532377989214157,,0.0,0.0,0.0,52255,2.357856281076023
110,1.8333333333333333,-0.004710510531808503,-0.013689196109771706,-0.00591598421840738,-0.01444289684295652,-0.003509744876461687,-0.009163206815719582,-0.00433973947588414,-0.009973591566085793,-0.0012493283501142866,-0.00977707505226133,-0.0025051386896671963,-0.010490423440933205,0.0,0.0,0.0,52254,2.3565602809215287
111,1.85,-0.004791125476431622,,-0.006032809357911036,,-0.003380015630925668,,-0.004124894976635223,,-0.001265987667529128,,-0.002464190234049187,,0.0,0.0,0.0,52242,2.355912280844282
112,1.8666666666666667,-0.004871949325375668,-0.013777261972427346,-0.00614957488284292,-0.014562016725540139,-0.0032505543976429313,-0.008978015184402444,-0.003907605773304058,-0.009693717956542947,-0.0012600272236303442,-0.009923344850540139,-0.0024658591042993083,-0.01048505902290342,0.0,0.0,0.0,52241,2.356776280947278
113,1.8833333333333333,-0.004952207426967161,,-0.006261274013572857,,-0.003120318174927104,,-0.003691151849496984,,-0.0012962668035972572,,-0.0024632365697805736,,0.0,0.0,0.0,52238,2.357424281024525
114,1.9,-0.00502346440373967,-0.013853406906127907,-0.00636784713552907,-0.014672791957855202,-0.0029783995227008146,-0.008798247575759865,-0.00347508499820694,-0.00941151976585386,-0.0013453811045101576,-0.010084158182144143,-0.0024720580064851974,-0.010506039857864358,0.0,0.0,0.0,52224,2.360232281359262
115,1.9166666666666667,-0.005093261414582984,,-0.006468251584784798,,-0.0028433053034645473,,-0.0032618195251509596,,-0.001403406348425249,,-0.002476856050674248,,0.0,0.0,0.0,52206,2.360016281333513
116,1.9333333333333333,-0.00515602508811535,-0.013910835981368996,-0.006559685138706946,-0.014712816476821877,-0.0027159898570061425,-0.008675760030746438,-0.0030561239205519155,-0.009138113260269143,-0.0014777033305987332,-0.010239458084106423,-0.002527192365868658,-0.010560339689254739,0.0,0.0,0.0,52192,2.357424281024525
117,1.95,-0.005214169898933604,,-0.0066481980852514805,,-0.0026136486941268147,,-0.002854630214424159,,-0.0015407054624182034,,-0.002586975817451631,,0.0,0.0,0.0,52182,2.358072281101772
118,1.9666666666666666,-0.005268499039398569,-0.013950026035308816,-0.006735488510875083,-0.014780229330062844,-0.0025309173477657356,-0.008621907234191872,-0.0026575177571224397,-0.008890068531036355,-0.0016178637751571405,-0.010382986068725564,-0.0026643426967518815,-0.010674721002578713,0.0,0.0,0.0,52170,2.3554802807927837
119,1.9833333333333334,-0.005329414998965483,,-0.006802395143826188,,-0.002464040944300036,,-0.0024759620009774104,,-0.0017088205813848866,,-0.00274945811934459,,0.0,0.0,0.0,52154,2.354400280664039
120,2.0,-0.005397841043537752,-0.013995683193206765,-0.006864413381891638,-0.014829373359680154,-0.002411767746602222,-0.008623993396759011,-0.002279504966205616,-0.008678561449050881,-0.0018153636427355024,-0.010539209842681863,-0.002840980841804694,-0.010811811685562112,0.0,0.0,0.0,52151,2.353752280586792
121,2.0166666666666666,-0.005479947027974502,,-0.006915107553396511,,-0.00237636260176037,,-0.0020841806082975704,,-0.0019351392813425701,,-0.002934292001418084,,0.0,0.0,0.0,52141,2.352888280483796
122,2.033333333333333,-0.005564466304849447,-0.01407954692840574,-0.0069511088439561265,-0.014858192205429055,-0.002362802735438472,-0.008675968647003152,-0.0019038765892800359,-0.008479541540145852,-0.0020577161293038938,-0.010702884197235085,-0.00302810980045167,-0.01095149517059324,0.0,0.0,0.0,52133,2.35418428063829
123,2.05,-0.005652979251393979,,-0.006970569201845418,,-0.0023592265366511253,,-0.0017317086927114088,,-0.0021802632544192326,,-0.0031284539596163974,,0.0,0.0,0.0,52123,2.35418428063829
124,2.066666666666667,-0.005746081675566251,-0.014070188999176003,-0.006976619658681191,-0.014833456277847268,-0.0023711769784148704,-0.00876081585884092,-0.001568421678539374,-0.008314704895019509,-0.0023037044292314093,-0.010847067832946755,-0.0032635481788526642,-0.011100685596466042,0.0,0.0,0.0,52118,2.355264280767035
125,2.0833333333333335,-0.005835846359238277,,-0.006963893551965125,,-0.002396449334852829,,-0.0014092176714546887,,-0.002430245224016336,,-0.0033579023401524295,,0.0,0.0,0.0,52113,2.355696280818533
126,2.1,-0.0059268029965862164,-0.014140045642852761,-0.0069389192683860495,-0.014732396602630593,-0.002411767746602222,-0.008828556537628152,-0.001261398189901391,-0.008179521560668923,-0.0025552360399350806,-0.010980999469757058,-0.0033930389661015786,-0.011223471164703347,0.0,0.0,0.0,52097,2.354400280664039
127,2.1166666666666667,-0.006009117040944858,,-0.006884977031558307,,-0.002428456955742855,,-0.0011362582531133023,,-0.002678528600517333,,-0.0034566370747590052,,0.0,0.0,0.0,52092,2.35634428089578
128,2.1333333333333333,-0.006084844266201553,-0.014229691028594948,-0.006808861889385551,-0.014554476737976052,-0.002434626303962567,-0.008895224332809426,-0.0010425002375312993,-0.00810778737068174,-0.0027968733205219645,-0.0110961854457855,-0.0035215765957212993,-0.011308825016021706,0.0,0.0,0.0,52092,2.3565602809215287
129,2.15,-0.00615428358961421,,-0.006704285940023745,,-0.002453610251917068,,-0.0009700209087176671,,-0.002907141870409077,,-0.0035349280643616906,,0.0,0.0,0.0,52087,2.356128280870031
130,2.1666666666666665,-0.006218388844331251,-0.014274752140045144,-0.0065673740674276285,-0.014285004138946511,-0.0024746210953119625,-0.008946007490158059,-0.0009157807679108503,-0.008068776130676247,-0.0030425937770760026,-0.011182582378387429,-0.003613874138734688,-0.011357581615447976,0.0,0.0,0.0,52070,2.354616280689788
131,2.183333333333333,-0.00627066221090887,,-0.006413563912490143,,-0.0024965555423698714,,-0.0008756964702638869,,-0.0031432659008254027,,-0.003631815253882623,,0.0,0.0,0.0,52066,2.354832280715537
132,2.2,-0.006303861954354615,-0.014285689592361428,-0.006227508353894755,-0.013932532072067239,-0.002513810836622669,-0.008980697393417336,-0.0008502452701105998,-0.008045947551727273,-0.0032370536392533904,-0.0112526476383209,-0.0036357195861344495,-0.011380052566528298,0.0,0.0,0.0,52046,2.3565602809215287
133,2.216666666666667,-0.006319924957171886,,-0.006006792410405198,,-0.002516821119177659,,-0.0008272975442123014,,-0.0033210365538621565,,-0.0036352722235264176,,0.0,0.0,0.0,52040,2.3587202811790187
134,2.2333333333333334,-0.006317719555775779,-0.014233177900314309,-0.005569442854994213,-0.01350436210632322,-0.002504900231380091,-0.008955633640289284,-0.0008127242301702079,-0.008051520586013772,-0.003396049248656569,-0.011294877529144265,-0.00362588470170963,-0.011379158496856667,0.0,0.0,0.0,52031,2.3598002813077636
135,2.25,-0.0062859806226582635,,-0.005275562606194922,,-0.002483621375731914,,-0.0007934719322028095,,-0.0034589617052986645,,-0.003607377332569724,,0.0,0.0,0.0,52015,2.3582882811275208
136,2.2666666666666666,-0.006236866321745365,-0.014087444543838479,-0.004981056151072274,-0.013027256727218606,-0.002441093218401738,-0.008837229013442971,-0.000810399599630548,-0.008076971769332864,-0.0035570709091011067,-0.011305308341979958,-0.003582700952969722,-0.01135337948799131,0.0,0.0,0.0,52003,2.356776280947278
137,2.283333333333333,-0.00616587718834633,,-0.0046673266141887895,,-0.0023897736849725374,,-0.0008336156755417426,,-0.00357602530308943,,-0.003552958179167773,,0.0,0.0,0.0,51991,2.355912280844282
138,2.3,-0.006066605247074544,-0.013850128650665261,-0.004332855597202149,-0.01247218847274778,-0.0023183973101766685,-0.008751457929611184,-0.0008800476584843256,-0.008100128173828103,-0.003605917197760724,-0.01129118204116819,-0.003522887947420571,-0.011315798759460427,0.0,0.0,0.0,51988,2.357856281076023
139,2.316666666666667,-0.005936995399561886,,-0.003984585580087279,,-0.0022574512900041554,,-0.000886365789813767,,-0.0036599486031264196,,-0.003492280677887962,,0.0,0.0,0.0,51978,2.3576402810502737
140,2.3333333333333335,-0.005774780941042404,-0.01350552439689634,-0.003625139435122524,-0.011890834569931008,-0.0021787732278844402,-0.008630311489105202,-0.0009155423096237454,-0.008115208148956277,-0.003690078956084819,-0.01126480698585508,-0.003455653856524214,-0.01127386689186094,0.0,0.0,0.0,51974,2.357424281024525
141,2.35,-0.005578532979471345,,-0.003678277297430804,,-0.002110496304181516,,-0.0009409636180512412,,-0.0036869494443862757,,-0.0034117549018027973,,0.0,0.0,0.0,51970,2.3565602809215287
142,2.3666666666666667,-0.005158916310406594,-0.013084119558334328,-0.003257468505810328,-0.011346882581710793,-0.0020449312524150874,-0.008504992723464944,-0.0009637325002342107,-0.008120244741439797,-0.00363169602473907,-0.01123893857002256,-0.0033683330325353987,-0.01121658682823179,0.0,0.0,0.0,51961,2.3565602809215287
143,2.3833333333333333,-0.00489152992568735,,-0.002836748882727807,,-0.0019826738805433027,,-0.0009901969792278872,,-0.003624066541710358,,-0.003318354404771646,,0.0,0.0,0.0,51951,2.357856281076023
144,2.4,-0.0045859964635841625,-0.012561327219009377,-0.0024196655796438296,-0.010853058099746682,-0.0019228608749941515,-0.008380627632141091,-0.0010152609379843387,-0.008126592636108376,-0.0035735814434062177,-0.011204099655151345,-0.0032614620066001095,-0.011143690347671487,0.0,0.0,0.0,51941,2.3576402810502737
145,2.4166666666666665,-0.00421269254831844,,-0.002012476268917029,,-0.001851096752162027,,-0.0010755807518334918,,-0.0035554616534227614,,-0.0032054335975198116,,0.0,0.0,0.0,51933,2.355912280844282
146,2.433333333333333,-0.004320069875914309,-0.01194939613342283,-0.0016198604411121276,-0.010438627004623391,-0.001777395577946692,-0.008255368471145608,-0.0011257975001247359,-0.008144354820251443,-0.0035343320875237346,-0.011174267530441262,-0.003160193737132947,-0.011079287528991677,0.0,0.0,0.0,51923,2.3572082809987758
147,2.45,-0.0038367063150823977,,-0.0012100489336262055,,-0.0017054527802790455,,-0.001174822463619875,,-0.0035106389261585235,,-0.0031273515122380536,,0.0,0.0,0.0,51921,2.3576402810502737
148,2.466666666666667,-0.0033093841849572915,-0.011293745040893532,-0.0009582489729096368,-0.010123199224472024,-0.0015840976088396185,-0.008193469047546365,-0.0012217610859826529,-0.00815654397010801,-0.003485903100866551,-0.01114714741706846,-0.003100976201782332,-0.011050587892532326,0.0,0.0,0.0,51921,2.3572082809987758
149,2.4833333333333334,-0.0027516039061689216,,-0.0007568746648052393,,-0.0015036017244802451,,-0.0012684018043663562,,-0.0034546701316500025,,-0.003075167483078194,,0.0,0.0,0.0,51919,2.3593682812562657
150,2.5,-0.0021658985069384533,-0.01062393784523008,-0.000615611772868488,-0.009922957420349099,-0.0014311521185125975,-0.008101618289947488,-0.0013146250518678185,-0.008165067434310891,-0.0034273416635650865,-0.011126405000686623,-0.0030506103326217436,-0.011028206348419167,0.0,0.0,0.0,51913,2.361312281488007
151,2.5166666666666666,-0.001545205771507986,,-0.000543758312618603,,-0.0013491957615846101,,-0.0013650805962057808,,-0.003398969856034184,,-0.003024235528805442,,0.0,0.0,0.0,51913,2.36282428166825
152,2.533333333333333,-0.0010177343516337288,-0.01007345914840696,-0.0005494206836585054,-0.009885793924331643,-0.001250818376649079,-0.007981991767883279,-0.001415178115353472,-0.008179610967636086,-0.0033688099491096086,-0.01111519932746885,-0.0029960125043842693,-0.010998642444610573,0.0,0.0,0.0,51907,2.3630402816939986
153,2.55,-0.0006191283570840596,,-0.0006162970871242046,,-0.0011170356779918885,,-0.00146020957805883,,-0.003319367683612035,,-0.002971366185389865,,0.0,0.0,0.0,51903,2.361096281462258
154,2.566666666666667,-0.0002715141002587248,-0.009691929817199685,-0.0007862001366047552,-0.010027593374252297,-0.0009687095570183968,-0.00783599019050596,-0.0014976412805814614,-0.00818551182746885,-0.003279611350549744,-0.011092191934585549,-0.0029516665248144345,-0.010975992679595925,0.0,0.0,0.0,51902,2.361744281539505
155,2.5833333333333335,6.362760295071132e-06,,-0.0009867102867381077,,-0.0008164495498268994,,-0.0015298277451868169,,-0.0032353251544314926,,-0.0029406993012854802,,0.0,0.0,0.0,51895,2.361744281539505
156,2.6,0.00019760427999557484,-0.009469366073608376,-0.0012445895827373986,-0.010299390554428078,-0.0006462187046414832,-0.007680869102478005,-0.0015552789453401037,-0.008176153898239114,-0.0031920225143076456,-0.011057054996490456,-0.002937272223367477,-0.010974442958831765,0.0,0.0,0.0,51889,2.363904281796995
157,2.6166666666666667,0.00032921130010264205,,-0.0015156418414213656,,-0.0004830509196130009,,-0.0015721767210420505,,-0.0031475574744740656,,-0.002934738857386697,,0.0,0.0,0.0,51886,2.362392281616752
158,2.6333333333333333,0.00031690300202843227,-0.009457087516784646,-0.001802459367823337,-0.010614341497421242,-0.0004519373484198113,-0.0075605273246764915,-0.0015838295965863352,-0.008151596784591653,-0.0030999929835475405,-0.01102442145347593,-0.002922371113620517,-0.010981208086013772,0.0,0.0,0.0,51882,2.3632562817197478
159,2.65,0.0002499073694191806,,-0.0021041185582802986,,-0.0004443674799628756,,-0.0015901772818819543,,-0.003045782396706901,,-0.002933785193118083,,0.0,0.0,0.0,51881,2.3626082816425007
160,2.6666666666666665,0.00013707573070530156,-0.00960624814033506,-0.0024115593489207154,-0.010969823598861672,-0.0004906207880699366,-0.007531261444091775,-0.0015913992961634643,-0.008119499683380105,-0.002988144563068452,-0.010982370376586892,-0.002936705800495699,-0.011000400781631448,0.0,0.0,0.0,51881,2.3608802814365086
161,2.683333333333333,-3.619495100128296e-05,,-0.0027165858338440976,,-0.0005683152941952463,,-0.0015886872553471615,,-0.002929523680075019,,-0.0029427854735380355,,0.0,0.0,0.0,51883,2.359152281230517
162,2.7,-0.00028790540542028364,-0.009939527511596657,-0.00301660604577673,-0.011336094141006448,-0.0006531627045346716,-0.007552421092987038,-0.0015850813337138295,-0.008083707094192483,-0.0028767435051973967,-0.010945355892181374,-0.002943649969268694,-0.011018371582031228,0.0,0.0,0.0,51880,2.356992280973027
163,2.716666666666667,-0.0006391554756047422,,-0.003277644407440742,,-0.0007287710384074263,,-0.0015935748058337799,,-0.002827152456590093,,-0.002945914985236577,,0.0,0.0,0.0,51879,2.357856281076023
164,2.7333333333333334,-0.001017823857931297,-0.010337924957275368,-0.0035572798134220333,-0.011571979522705056,-0.0007832795292271395,-0.007547533512115456,-0.0016108304378461909,-0.00807196497917173,-0.0027763397314608932,-0.010912752151489236,-0.0029410569887161372,-0.011026328802108742,0.0,0.0,0.0,51878,2.3565602809215287
165,2.75,-0.001390740194040575,,-0.0038064271790142694,,-0.0008219629688772647,,-0.001635417311148626,,-0.0027247516791389886,,-0.002934768917992295,,0.0,0.0,0.0,51877,2.3576402810502737
166,2.7666666666666666,-0.0017566233617187098,-0.010748779773712136,-0.004026159397629615,-0.011896675825118996,-0.0008545071209132774,-0.007535165548324563,-0.0016636401666899913,-0.008082634210586526,-0.0026784093713737803,-0.010884469747543313,-0.002878800123483774,-0.011025762557983376,0.0,0.0,0.0,51871,2.356992280973027
167,2.783333333333333,-0.0021126716449720254,,-0.004222646661886813,,-0.0008825212410135228,,-0.0017004758923746667,,-0.002629205395283506,,-0.0028630345180061544,,0.0,0.0,0.0,51865,2.35634428089578
168,2.8,-0.0024504511862523475,-0.011140233278274514,-0.004388764777138893,-0.01216883063316343,-0.0009087771534458859,-0.007532602548599221,-0.001742914374527468,-0.008116161823272683,-0.0025930554904939674,-0.010865724086761452,-0.002839192573531213,-0.011004781723022439,0.0,0.0,0.0,51864,2.356128280870031
169,2.816666666666667,-0.0027823893438976314,,-0.004531249176717732,,-0.0009290724530996582,,-0.0017895848157571561,,-0.002552583951450168,,-0.0028144868088448394,,0.0,0.0,0.0,51852,2.3576402810502737
170,2.8333333333333335,-0.0030996054043910914,-0.011502659320831277,-0.004642263330951565,-0.012375360727310158,-0.0009165555884641347,-0.007535940408706643,-0.0018391758643644595,-0.008165156841278054,-0.002503797277362327,-0.010823762416839577,-0.002781078161078167,-0.01097152233123777,0.0,0.0,0.0,51848,2.35850428115327
171,2.85,-0.003381148138909609,,-0.004728272803241109,,-0.0009019224909704582,,-0.001894757079716532,,-0.0024477393143158524,,-0.0027426034568691624,,0.0,0.0,0.0,51848,2.357424281024525
172,2.8666666666666667,-0.003663316404232261,-0.011844283342361428,-0.00478480734510218,-0.012524640560150124,-0.0008818953724497756,-0.007558411359786965,-0.001951202621919456,-0.008227056264877297,-0.0023875682835764298,-0.01075634956359861,-0.002680882616143364,-0.010902291536331155,0.0,0.0,0.0,51844,2.35634428089578
173,2.8833333333333333,-0.003922239208557346,,-0.004824563678164473,,-0.0008585303445490435,,-0.0020176917839883203,,-0.002324685380900511,,-0.00262908633501976,,0.0,0.0,0.0,51834,2.35634428089578
174,2.9,-0.004156783537261503,-0.012143528461456277,-0.0048315080158172746,-0.01261121630668638,-0.0008436888493738603,-0.007574594020843484,-0.002086862757388081,-0.00830796957015989,-0.002258554244021919,-0.01067346930503843,-0.002580329721537517,-0.010836637020111062,0.0,0.0,0.0,51837,2.3565602809215287
175,2.9166666666666665,-0.004363581251479277,,-0.004817530340853523,,-0.0008426159559616947,,-0.0021628586704172843,,-0.002188906016288334,,-0.0025282351986752245,,0.0,0.0,0.0,51834,2.354400280664039
176,2.933333333333333,-0.00454114350683452,-0.012393599748611428,-0.004785999467657898,-0.012650823593139626,-0.0008513480552485568,-0.007610863447189309,-0.0022437125799669284,-0.008408612012863137,-0.0021120459452880847,-0.01056808829307554,-0.0024720580064851974,-0.010764425992965676,0.0,0.0,0.0,51831,2.355048280741286
177,2.95,-0.00468595355023186,,-0.004730090287721155,,-0.0008790939942157124,,-0.0023220626775019705,,-0.002022668671892699,,-0.0024222582224367726,,0.0,0.0,0.0,51830,2.355912280844282
178,2.966666666666667,-0.004755839391853516,-0.01258159279823301,-0.00466974108878563,-0.012650734186172463,-0.0009109229402702171,-0.007667845487594582,-0.002404585626181542,-0.008526033163070657,-0.0019271223880372155,-0.010439014434814431,-0.0023732335967012476,-0.01068187355995176,0.0,0.0,0.0,51830,2.354400280664039
179,2.9833333333333334,-0.004848524682903159,,-0.004599943909062508,,-0.0009479373407904144,,-0.0024853197999482137,,-0.001818403479256671,,-0.0023260266243255736,,0.0,0.0,0.0,51830,2.355912280844282
180,3.0,-0.00491245109390487,-0.012724584341049172,-0.004503086442387564,-0.012627458572387673,-0.0009876936738527054,-0.007726526260375954,-0.0025676338443068585,-0.008637166023254372,-0.0017096847393559323,-0.010282284021377541,-0.0022877304260722838,-0.010566210746765115,0.0,0.0,0.0,51830,2.355264280767035
181,3.0166666666666666,-0.004948690842751588,,-0.004418805454919916,,-0.0010352284419332452,,-0.0026453584110377663,,-0.0016242116293325665,,-0.002251908148107804,,0.0,0.0,0.0,51829,2.354832280715537
182,3.033333333333333,-0.004960015584831393,-0.012806361913681008,-0.004325434342975137,-0.012588477134704568,-0.0010923592983918865,-0.007800465822219826,-0.002717599112684487,-0.008745378255844094,-0.0015135853920147952,-0.01013643145561216,-0.0022239239197333507,-0.010517811775207497,0.0,0.0,0.0,51828,2.353536280561043
183,3.05,-0.004947617949339423,,-0.00422762304315177,,-0.001154616501383864,,-0.00278119739022172,,-0.0013715475106449528,,-0.0021981447549953913,,0.0,0.0,0.0,51826,2.352888280483796
184,3.066666666666667,-0.004913702831032365,-0.012831008434295632,-0.004127457896582181,-0.01254255175590513,-0.0012368113165989558,-0.00789598226547239,-0.0028354079770623593,-0.008838093280792214,-0.0012656301489782774,-0.009995555877685525,-0.002168700054052323,-0.010476028919219948,0.0,0.0,0.0,51830,2.351808280355051
185,3.0833333333333335,-0.004867478908011676,,-0.00402702406224008,,-0.0013279169059364328,,-0.0028833301554195413,,-0.0011716335062293632,,-0.0021581204096798173,,0.0,0.0,0.0,51829,2.352888280483796
186,3.1,-0.004800840962833081,-0.012845194339752175,-0.003932282152904058,-0.012496566772460915,-0.0014301388396722081,-0.00801611542701719,-0.0029216258470334115,-0.008909589052200295,-0.0010654776862755828,-0.00985789895057676,-0.0021590740739484307,-0.010454839468002297,0.0,0.0,0.0,51828,2.351808280355051
187,3.1166666666666667,-0.0047180207856936645,,-0.0038047282481585495,,-0.0015333740522483728,,-0.0029489843757239237,,-0.0009721070809702223,,-0.002166286254974709,,0.0,0.0,0.0,51826,2.351808280355051
188,3.1333333333333333,-0.004621878525000227,-0.012791162729263283,-0.003725454040321073,-0.012461549043655373,-0.001648053404927702,-0.008140450716018655,-0.002971008497959207,-0.008965528011322,-0.0008971840613531841,-0.009749031066894509,-0.002189025245431887,-0.010460472106933572,0.0,0.0,0.0,51826,2.351160280277804
189,3.15,-0.004513517303650339,,-0.0036566703083181474,,-0.0017767102636909757,,-0.002985552089155316,,-0.0008453876113497731,,-0.0022326857418661977,,0.0,0.0,0.0,51820,2.3490002800203142
190,3.1666666666666665,-0.004398122744989503,-0.01271427273750303,-0.0036059467517269013,-0.012447929382324197,-0.0019098073103328357,-0.008293515443801858,-0.002997353747809331,-0.009029871225357033,-0.0008165687789704519,-0.009683406352996804,-0.002287134449234328,-0.010512179136276223,0.0,0.0,0.0,51816,2.3500802801490592
191,3.183333333333333,-0.00427643927120579,,-0.003571406102615708,,-0.0020443050460917274,,-0.0030012876340273363,,-0.0008028596228994037,,-0.002346590273992243,,0.0,0.0,0.0,51818,2.350296280174808
192,3.2,-0.004149809645642523,-0.012625908851623513,-0.0035498887886804267,-0.012459701299667336,-0.002182587884958893,-0.008447980880737282,-0.0030010192840144397,-0.009057378768920876,-0.000811502384768505,-0.009674644470214822,-0.002414479956298331,-0.010582154989242532,0.0,0.0,0.0,51817,2.3500802801490592
193,3.216666666666667,-0.004021302076628401,,-0.003550872006915218,,-0.002321794665248687,,-0.0029938371635937597,,-0.0008456557924828628,,-0.0024894625904871457,,0.0,0.0,0.0,51812,2.349216280046063
194,3.2333333333333334,-0.0039026587771254693,-0.012548989057540871,-0.00356884318266875,-0.012507653236389138,-0.0024616568680684067,-0.008605605363845803,-0.0029748827696054365,-0.009059077501296975,-0.0008978097610371247,-0.009716129302978493,-0.002572909142829733,-0.010676151514053323,0.0,0.0,0.0,51810,2.352888280483796
195,3.25,-0.003783687850797477,,-0.0036080033700132785,,-0.0025928465861730404,,-0.002950802535723196,,-0.000965163081077034,,-0.0026627628261599082,,0.0,0.0,0.0,51806,2.350728280226306
196,3.2666666666666666,-0.0036747900983016032,-0.012494480609893777,-0.0036593229034424793,-0.012588864564895608,-0.0027156622301810827,-0.008748716115951516,-0.0029194204456373034,-0.009040927886962868,-0.0010455697968984523,-0.009796059131622292,-0.0027635247939664888,-0.010794407129287698,0.0,0.0,0.0,51802,2.349216280046063
197,3.283333333333333,-0.0035773665465144923,,-0.0037179439553157207,,-0.002828613098038514,,-0.00286765405623949,,-0.0011373608693714529,,-0.0028655378233813367,,0.0,0.0,0.0,51802,2.349432280071812
198,3.3,-0.0034950226104300563,-0.01246134042739866,-0.0037858932521935853,-0.01268154978752134,-0.002937063487926356,-0.008869296312332131,-0.0028098971623372955,-0.009000903367996194,-0.0012495963623675695,-0.009917086362838723,-0.002979740428366263,-0.010932570695877053,0.0,0.0,0.0,51799,2.350512280200557
199,3.316666666666667,-0.003430113150073359,,-0.003866031955761721,,-0.0030127017135249032,,-0.0027477591884888706,,-0.0013735144537539551,,-0.003089681351428318,,0.0,0.0,0.0,51796,2.349432280071812
200,3.3333333333333335,-0.003380641161729801,-0.012463992834091164,-0.003953472008894088,-0.012791371345519997,-0.0030903666656840346,-0.008966332674026467,-0.002681568437038501,-0.008940523862838723,-0.0015089362998152818,-0.010076618194580056,-0.003201052348693775,-0.011084592342376687,0.0,0.0,0.0,51795,2.349648280097561
201,3.35,-0.0033516733773609427,,-0.004049047677835942,,-0.0031538756058035063,,-0.002617612640950418,,-0.0016506164937544667,,-0.00330559891296921,,0.0,0.0,0.0,51787,2.350944280252055
202,3.3666666666666667,-0.0033411232869546155,-0.01250529885292051,-0.004155799474627677,-0.012917494773864724,-0.0032023937609986443,-0.009033387899398782,-0.0025537760740058863,-0.008871650695800759,-0.001800879834990977,-0.010258233547210671,-0.0034155400049110723,-0.01123494505882261,0.0,0.0,0.0,51787,2.3520242803808
203,3.3833333333333333,-0.0033451468483499947,,-0.004261717005174158,,-0.00324191163577383,,-0.002491280243846997,,-0.001960411806660335,,-0.0035168378283444127,,0.0,0.0,0.0,51787,2.349648280097561
204,3.4,-0.0033674985974103374,-0.012577778100967385,-0.004369572093743272,-0.013043826818466164,-0.003279581796583566,-0.009049630165100075,-0.0024426729201139055,-0.008810794353485085,-0.0021212846839951415,-0.010471707582473733,-0.0036164968421332285,-0.011387085914611794,0.0,0.0,0.0,51786,2.350944280252055
205,3.4166666666666665,-0.0034066589536346724,,-0.0044778737005213825,,-0.0033063443484361234,,-0.0024078934749559937,,-0.002292826880879829,,-0.003712102571680682,,0.0,0.0,0.0,51786,2.350944280252055
206,3.433333333333333,-0.003454580963112048,-0.012684559822082497,-0.00458876761233282,-0.013174301385879494,-0.003322258737023473,-0.00908926725387571,-0.0023876875127199822,-0.008778876066207864,-0.0024651734522839783,-0.010703003406524636,-0.003801599243099427,-0.011538809537887551,0.0,0.0,0.0,51785,2.350944280252055
207,3.45,-0.003519609652612297,,-0.004696503471758382,,-0.0033344180831081454,,-0.002386465836198086,,-0.002637430855150174,,-0.003869071792282888,,0.0,0.0,0.0,51780,2.352888280483796
208,3.466666666666667,-0.003592804187407438,-0.0128184914588928,-0.0048015865671798014,-0.013317054510116555,-0.0033328682731217697,-0.00911164879798887,-0.0024098008034932196,-0.008795058727264382,-0.0028128177697149107,-0.01094321012496946,-0.003948465229263919,-0.011684185266494729,0.0,0.0,0.0,51776,2.351592280329302
209,3.4833333333333334,-0.0036743729651789766,,-0.00490541775659392,,-0.0033145993622689693,,-0.0024604051309409128,,-0.0029850751725811063,,-0.004025324962504554,,0.0,0.0,0.0,51780,2.351376280303553
210,3.5,-0.003756478611856115,-0.012934839725494363,-0.005000964040449403,-0.013471609354019143,-0.0032838137556604526,-0.009094721078872658,-0.0025285037175679283,-0.008871293067932107,-0.0031569154423246744,-0.01118851304054258,-0.0040923205951138054,-0.011820650100707986,0.0,0.0,0.0,51779,2.353104280509545
211,3.5166666666666666,-0.0038457067643821565,,-0.0050919500628837135,,-0.0032464116071039993,,-0.0026145728044292497,,-0.003322973943004981,,-0.004142776308331573,,0.0,0.0,0.0,51775,2.352456280432298
212,3.533333333333333,-0.003936901860017201,-0.013092851638793923,-0.005181297444553307,-0.013619488477706887,-0.0031988771767830723,-0.009053862094879128,-0.0027070196371917882,-0.0089790880680084,-0.003488108333382852,-0.01142889857292173,-0.004183992438443251,-0.011915540695190407,0.0,0.0,0.0,51774,2.353320280535294
213,3.55,-0.004026666543689229,,-0.005265549046934581,,-0.0031431466716818498,,-0.0028098971623372955,,-0.003651514745578246,,-0.00421901067964788,,0.0,0.0,0.0,51771,2.353320280535294
214,3.566666666666667,-0.004123076647756144,-0.013246214389801003,-0.005343898975589815,-0.013763463497161843,-0.00308610515264097,-0.008986032009124734,-0.0029285700158064062,-0.009108191728591897,-0.0037858932521935853,-0.011636173725128152,-0.004246011689787542,-0.011989808082580544,0.0,0.0,0.0,51767,2.354616280689788
215,3.5833333333333335,-0.004213794826816978,,-0.005423024569197368,,-0.003031268866116391,,-0.003054663447983301,,-0.0039061458073748625,,-0.0042620453075184455,,0.0,0.0,0.0,51766,2.353536280561043
216,3.6,-0.004298075814284624,-0.013381963968276955,-0.005494639064520728,-0.013902550935745217,-0.0029826314817777,-0.008925414085388161,-0.0031874330366799086,-0.009254729747772195,-0.0040113481319398354,-0.01180223226547239,-0.004265352818533283,-0.012023454904556252,0.0,0.0,0.0,51764,2.35418428063829
217,3.6166666666666667,-0.004382446645809451,,-0.005564347075705894,,-0.002950087329741687,,-0.003329917605138556,,-0.004109725179115753,,-0.004264279925121118,,0.0,0.0,0.0,51760,2.352240280406549
218,3.6333333333333333,-0.0044563563865861,-0.013491994142532326,-0.00562186568020079,-0.014019346237182595,-0.0029181987691154067,-0.008887326717376687,-0.0034637004726755525,-0.009403443336486794,-0.004196658930587538,-0.011944180727004983,-0.00426013797898122,-0.012040144205093362,0.0,0.0,0.0,51760,2.3554802807927837
219,3.65,-0.004521921438352526,,-0.005661830073184973,,-0.0028945057766300015,,-0.0035955158904641266,,-0.004277125260980733,,-0.004246846124912605,,0.0,0.0,0.0,51754,2.3582882811275208
220,3.6666666666666665,-0.004573360369805086,-0.013602143526077248,-0.005700543742320504,-0.014108663797378518,-0.0028761179743932628,-0.008861249685287453,-0.0037349312373152342,-0.009551769495010354,-0.00434558069063937,-0.012057340145111062,-0.004225328810977322,-0.012034183740615823,0.0,0.0,0.0,51756,2.357424281024525
221,3.683333333333333,-0.004618719459335506,,-0.005734547691405904,,-0.0028699486261735524,,-0.0038717539413733993,,-0.004405304527650568,,-0.004200413973090216,,0.0,0.0,0.0,51756,2.358936281204768
222,3.7,-0.004655167268104117,-0.013657814264297463,-0.0057569590550380235,-0.01418221592903135,-0.0028750746349472753,-0.008857226371765115,-0.004006937329147621,-0.009703224897384621,-0.004462316830484885,-0.012154376506805398,-0.004170879428089965,-0.012012398242950417,0.0,0.0,0.0,51755,2.3615282815137557
223,3.716666666666667,-0.004686787985356921,,-0.005771771334006642,,-0.0028915556152862088,,-0.004137918142931327,,-0.004514500184125516,,-0.0041377989137877744,,0.0,0.0,0.0,51757,2.3636882817712457
224,3.7333333333333334,-0.004722043671569814,-0.013690686225891091,-0.0057819929531888765,-0.014238035678863503,-0.002925410950141685,-0.008882200717926003,-0.004270598056450558,-0.009858852624893166,-0.004556223460296809,-0.012231922149658181,-0.00410775823600675,-0.0119792580604553,0.0,0.0,0.0,51753,2.36498428192574
225,3.75,-0.004722312359342324,,-0.005789145519643378,,-0.0029600412744302533,,-0.004405811673710184,,-0.00458292639757759,,-0.004081622059357359,,0.0,0.0,0.0,51750,2.3632562817197478
226,3.7666666666666666,-0.004713281680557162,-0.013685202598571755,-0.005799845068678661,-0.014291799068450906,-0.002999439920061886,-0.008920407295227029,-0.004547223179876856,-0.010039216279983498,-0.004615321935383679,-0.012287056446075417,-0.00405864393509385,-0.01195327043533323,0.0,0.0,0.0,51747,2.363904281796995
227,3.783333333333333,-0.004693493020323585,,-0.005805298535397638,,-0.0030429808495930316,,-0.00468851647017882,,-0.004641815799463727,,-0.004038795660288495,,0.0,0.0,0.0,51746,2.3634722817454965
228,3.8,-0.0046622308349004715,-0.013653910160064675,-0.005797818510997883,-0.014330184459686257,-0.00310169140776384,-0.00897637605667112,-0.004820302334001214,-0.010224348306655862,-0.0046632138842554564,-0.012324368953704812,-0.00402437129823594,-0.011936670541763283,0.0,0.0,0.0,51742,2.363904281796995
229,3.816666666666667,-0.004622236043551074,,-0.005780979674348487,,-0.0031680615095689576,,-0.004938110522859857,,-0.0046791585023282095,,-0.004012301796208449,,0.0,0.0,0.0,51742,2.3636882817712457
230,3.8333333333333335,-0.004576996183164209,-0.013605779409408547,-0.005753919218516855,-0.014314150810241677,-0.003235921131269448,-0.009058213233947732,-0.0050468294316404014,-0.010366505384445168,-0.0046955195780043636,-0.012344127893447854,-0.003999427244142269,-0.011923050880432107,0.0,0.0,0.0,51740,2.3645522818742415
231,3.85,-0.004522666029420407,,-0.00573773698655603,,-0.003309741703508142,,-0.005145088094071798,,-0.0047077091535744405,,-0.0039905460239860625,,0.0,0.0,0.0,51739,2.3634722817454965
232,3.8666666666666667,-0.004492119218858609,-0.013528263568878152,-0.005692854813599824,-0.014280474185943581,-0.0033914297104232333,-0.009194886684417702,-0.005237266239061827,-0.010480618476867654,-0.004714027284903881,-0.012345558404922463,-0.003992989883669274,-0.011920875310897805,0.0,0.0,0.0,51739,2.3608802814365086
233,3.8833333333333333,-0.0044237526199783096,,-0.005646184372370135,,-0.0034648029200538962,,-0.005333677187527775,,-0.004720822163927727,,-0.003998562410651997,,0.0,0.0,0.0,51737,2.361312281488007
234,3.9,-0.004331961547505312,-0.013440763950347878,-0.005593046341182049,-0.014230227470397927,-0.0035348088352181377,-0.00926292538642881,-0.005415364856683251,-0.010585880279540993,-0.004720583874520427,-0.012333637475967385,-0.004012182567064896,-0.011934465169906594,0.0,0.0,0.0,51739,2.36066428141076
235,3.9166666666666665,-0.004251107300196056,,-0.005533591191943363,,-0.003608122599156831,,-0.005485519554957224,,-0.004720076728460813,,-0.004024848045930342,,0.0,0.0,0.0,51740,2.3593682812562657
236,3.933333333333333,-0.004167571917075128,-0.013343787193298318,-0.0054640324705073455,-0.014156109094619729,-0.003691926670050268,-0.009330636262893655,-0.00554655474366769,-0.010673648118972756,-0.004722162900713367,-0.012323415279388406,-0.004054621049217697,-0.011965578794479348,0.0,0.0,0.0,51740,2.3604482813850107
237,3.95,-0.004082694952769526,,-0.005382939933790793,,-0.003772631458730569,,-0.005597904506582296,,-0.004715219407459599,,-0.004091366930845192,,0.0,0.0,0.0,51740,2.359152281230517
238,3.966666666666667,-0.003997102613602609,-0.013239568471908547,-0.005300089527165968,-0.014054989814758279,-0.003874763717288969,-0.00939405560493467,-0.005646065143226582,-0.010680681467056252,-0.004702821603087824,-0.012296742200851418,-0.004142299560637171,-0.01202658414840696,0.0,0.0,0.0,51740,2.356776280947278
239,3.9833333333333334,-0.004115179490233763,,-0.005221947827312435,,-0.003941759181018413,,-0.0056879670942333975,,-0.0047013910222449985,,-0.004202261855935472,,0.0,0.0,0.0,51739,2.3565602809215287
240,4.0,-0.004004880541981438,-0.013126230239868142,-0.005126014639819728,-0.013939595222473122,-0.004004046106856377,-0.009439146518707253,-0.005733981944053354,-0.010715967416763283,-0.004707082947251079,-0.012290751934051491,-0.004266306482801897,-0.012108838558197,0.0,0.0,0.0,51738,2.3572082809987758
241,4.016666666666667,-0.003886803834230089,,-0.005266085578080568,,-0.0040615645424714655,,-0.00567840022206186,,-0.004718050170780036,,-0.004336253121153974,,0.0,0.0,0.0,51734,2.3576402810502737
242,4.033333333333333,-0.003764763517414752,-0.012993341684341408,-0.00512321309270586,-0.013908123970031716,-0.004106417499221108,-0.009470528364181496,-0.00565780718730882,-0.01066998243331907,-0.004714384972334538,-0.012305355072021462,-0.004413828060376117,-0.012205994129180886,0.0,0.0,0.0,51734,2.359152281230517
243,4.05,-0.0036414711257123067,,-0.004969760625199033,,-0.004139348554894343,,-0.005630627502333636,,-0.0047316703271929345,,-0.004501238728422114,,0.0,0.0,0.0,51728,2.3598002813077636
244,4.066666666666666,-0.003515735380966069,-0.012848025560379006,-0.004804476945072012,-0.013729310035705544,-0.004139765856896778,-0.009473627805709817,-0.005584493592249936,-0.010608738660812356,-0.004741653488088065,-0.012278026342391946,-0.004597023301684893,-0.012330955266952492,0.0,0.0,0.0,51736,2.360232281359262
245,4.083333333333333,-0.0033834131548774933,,-0.0046343955585155545,,-0.0041168777455702545,,-0.005543068220057717,,-0.0047539028471097235,,-0.004711464196077117,,0.0,0.0,0.0,51736,2.360016281333513
246,4.1,-0.00324662034254512,-0.012685990333557107,-0.004463657567270525,-0.013524121046066262,-0.004102036081515267,-0.009440368413925149,-0.005489334212031675,-0.010560369491577126,-0.00476692601340583,-0.012293821573257424,-0.004827931817029925,-0.012488818168640115,0.0,0.0,0.0,51736,2.3608802814365086
247,4.116666666666666,-0.0031127483064701685,,-0.004283085704879518,,-0.004070654666948599,,-0.005428388867378389,,-0.004780873458884175,,-0.004944816402225553,,0.0,0.0,0.0,51735,2.361096281462258
248,4.133333333333334,-0.002984002279168941,-0.01252547502517698,-0.00409986107848437,-0.013296222686767556,-0.004023745936311612,-0.009371286630630471,-0.005365058602094439,-0.010454481840133645,-0.004799381165783694,-0.012317514419555642,-0.005067840443915101,-0.012655323743820168,0.0,0.0,0.0,51731,2.361096281462258
249,4.15,-0.002862915288862602,,-0.003908440208429117,,-0.003964260388707714,,-0.0052783639844289874,,-0.004822239047624811,,-0.005186930599386644,,0.0,0.0,0.0,51729,2.3608802814365086
250,4.166666666666667,-0.0027398616932068757,-0.012365704774856545,-0.0037111193534458907,-0.013041621446609475,-0.003894492931830578,-0.009278213977813698,-0.005186274839097107,-0.010315483808517434,-0.004849747034944283,-0.012349641323089577,-0.005292936960711465,-0.012822932004928567,0.0,0.0,0.0,51729,2.361096281462258
251,4.183333333333334,-0.0026145728044292497,,-0.0035039337223120534,,-0.0038178713191174335,,-0.005077823773690038,,-0.004876240899024329,,-0.0054070797822448075,,0.0,0.0,0.0,51728,2.363904281796995
252,4.2,-0.002486094789381304,-0.012192910909652688,-0.0032996384690704263,-0.012766575813293435,-0.003724470822086282,-0.00916788578033445,-0.00497044644609417,-0.010151243209838845,-0.0049018707740131374,-0.01237547993659971,-0.0055208953147127034,-0.01298413276672361,0.0,0.0,0.0,51728,2.3636882817712457
253,4.216666666666667,-0.0023577658952027036,,-0.0031019298660509447,,-0.003623441010906224,,-0.004870399684269097,,-0.004923924619094406,,-0.005631819624889355,,0.0,0.0,0.0,51726,2.3645522818742415
254,4.233333333333333,-0.0022249071379681416,-0.012012547254562356,-0.0029044897819241653,-0.012497997283935525,-0.0035144836438385737,-0.008974260091781594,-0.004756227308769576,-0.01005161404609678,-0.004938140752345261,-0.012378937005996682,-0.005735560970246294,-0.013127630949020364,0.0,0.0,0.0,51725,2.363904281796995
255,4.25,-0.0020906179687705645,,-0.002697780898484731,,-0.003400221593161679,,-0.0046415479560902514,,-0.004946664285070809,,-0.005841299657077444,,0.0,0.0,0.0,51725,2.3615282815137557
256,4.266666666666667,-0.0019430072226583866,-0.011820799112319924,-0.002483740604875467,-0.012204533815383889,-0.0032828896453580177,-0.008892869949340798,-0.0046064408841072785,-0.009895241260528542,-0.004952743958113145,-0.012362217903137185,-0.005867079159575019,-0.013268327713012673,0.0,0.0,0.0,51721,2.3604482813850107
257,4.283333333333333,-0.001790896167456427,,-0.002262488130239924,,-0.003165885662139028,,-0.00448749934286566,,-0.00495405514093261,,-0.00596205868279911,,0.0,0.0,0.0,51713,2.358072281101772
258,4.3,-0.0016340463448775789,-0.011606132984161355,-0.0020276754515228695,-0.011884486675262429,-0.0030540076876937623,-0.00876612067222593,-0.004358962388765167,-0.00973156690597532,-0.0049508658457824845,-0.012331551313400246,-0.006052896091003497,-0.01339716315269468,0.0,0.0,0.0,51713,2.357424281024525
259,4.316666666666666,-0.0014825314353933811,,-0.0017786175922282015,,-0.003139361568573576,,-0.004221424309845689,,-0.004948958517245259,,-0.006130591272648032,,0.0,0.0,0.0,51711,2.3554802807927837
260,4.333333333333333,-0.001327410435396045,-0.011412894725799538,-0.0015175491699585915,-0.011542207002639748,-0.0030104071435908407,-0.008642023801803567,-0.004073217755775363,-0.009549295902252175,-0.004945174089656211,-0.012304371595382668,-0.006197348446970178,-0.013484126329421975,0.0,0.0,0.0,51710,2.356776280947278
261,4.35,-0.0011606961744262002,,-0.001241818096229127,,-0.002875909070072336,,-0.003911271985028391,,-0.004849478347171771,,-0.00624804177407602,,0.0,0.0,0.0,51706,2.3587202811790187
262,4.366666666666666,-0.000984981633036403,-0.011186099052429177,-0.000957772056335427,-0.011182641983032204,-0.002736047036132423,-0.008510297536849953,-0.003748968357970955,-0.009351468086242654,-0.0048510877717299235,-0.012279665470123269,-0.006287828336623714,-0.013515150547027566,0.0,0.0,0.0,51703,2.355264280767035
263,4.383333333333334,-0.0007963032021626644,,-0.0006658285211597322,,-0.0026024134583445767,,-0.0035835950026665594,,-0.004853114329410702,,-0.006321832285709114,,0.0,0.0,0.0,51703,2.354832280715537
264,4.4,-0.0005970150663108216,-0.010961121320724465,-0.00037728250993586285,-0.010770952701568581,-0.0024780184503839808,-0.008392250537872292,-0.0034104435501035274,-0.009153431653976418,-0.004861280005825787,-0.01226375102996824,-0.006340101534321527,-0.013510203361511208,0.0,0.0,0.0,51696,2.354832280715537
265,4.416666666666667,-0.00040777021256530537,,-0.0001783221697888863,,-0.0023671539236589114,,-0.0032363088793057036,,-0.00488282771812628,,-0.006348625067047076,,0.0,0.0,0.0,51694,2.354832280715537
266,4.433333333333334,-0.0002254099130210079,-0.010773605108261086,-4.984432362074814e-05,-0.01045635938644407,-0.0022584350148783664,-0.008291250467300393,-0.0030644981635283143,-0.00895426273345945,-0.0049039569462656935,-0.012266224622726418,-0.00634421426425486,-0.013457721471786477,0.0,0.0,0.0,51686,2.355264280767035
267,4.45,-4.373492773242709e-05,,4.450983767901696e-05,,-0.0021522791949245856,,-0.0028917342901217304,,-0.004923537546577376,,-0.00632818064652396,,0.0,0.0,0.0,51680,2.355264280767035
268,4.466666666666667,4.4181873094344275e-05,-0.010610944032669045,0.00011588638135469223,-0.01022345423698423,-0.002053216157973725,-0.00819573402404783,-0.002720013418401521,-0.008755302429199197,-0.004945680222436985,-0.012267595529556252,-0.006300791888348041,-0.013364201784133889,0.0,0.0,0.0,51682,2.354832280715537
269,4.483333333333333,3.9681732884368293e-05,,0.00014378127231138503,,-0.0019611565666080213,,-0.002556219764809292,,-0.004972562003433096,,-0.006268605423742687,,0.0,0.0,0.0,51676,2.352888280483796
270,4.5,-1.0922594563324621e-05,-0.010537332296371438,0.0001301318996919199,-0.010084694623947121,-0.0018761308191926874,-0.008110469579696633,-0.002395823635168889,-0.00857085585594175,-0.005001858090146241,-0.012241995334625222,-0.006219729581116893,-0.013236528635025002,0.0,0.0,0.0,51674,2.353320280535294
271,4.516666666666667,-0.000111684224610292,,8.223944418072238e-05,,-0.0017926246522783243,,-0.002237185713196367,,-0.005030557355622396,,-0.0061603936610217565,,0.0,0.0,0.0,51670,2.353752280586792
272,4.533333333333333,-0.000179067267496186,-0.010568773746490456,-1.2964455796254833e-06,-0.010083383321762063,-0.0016992538780931572,-0.008025860786437966,-0.0020789949849520707,-0.008391684293746926,-0.0050673636962206975,-0.012265658378601052,-0.006090208733262383,-0.013078099489212014,0.0,0.0,0.0,51667,2.353752280586792
273,4.55,-0.000285729726870161,,-0.00011073056034167886,,-0.0015928595998522719,,-0.001928225173175173,,-0.005101636333078608,,-0.006014719797412986,,0.0,0.0,0.0,51661,2.353968280612541
274,4.566666666666666,-0.00036852051892320915,-0.01060569882392881,-0.00025628502592709253,-0.010237997770309426,-0.00146909062933523,-0.007914102077484109,-0.0017916709880097114,-0.00823271870613096,-0.005128666559424835,-0.012285566329956032,-0.005938574425754824,-0.012909716367721535,0.0,0.0,0.0,51655,2.353968280612541
275,4.583333333333333,-0.00043587383896311836,,-0.00043512874125581873,,-0.0013259499628274305,,-0.0016582458079033718,,-0.00514461117749759,,-0.005857721191724409,,0.0,0.0,0.0,51653,2.353104280509545
276,4.6,-0.0004970282568171388,-0.010648196935653664,-0.0005899518372740808,-0.010427540540695168,-0.001171871964516468,-0.007772332429885842,-0.001521602285320149,-0.00808749198913572,-0.005160853024030191,-0.012272006273269631,-0.005769952836247757,-0.012684887647628762,0.0,0.0,0.0,51656,2.351808280355051
277,4.616666666666666,-0.0005517752059239569,,-0.0007366984254152126,,-0.0010139196945592767,,-0.0013148635101549234,,-0.005159660901474471,,-0.00567568868788498,,0.0,0.0,0.0,51657,2.352672280458047
278,4.633333333333334,-0.0006078034461244476,-0.010702288150787331,-0.0008810312144787304,-0.010622209310531594,-0.0008565932931658327,-0.007623678445816018,-0.0012350232172052824,-0.007971531152725198,-0.005148723907430923,-0.0122311472892761,-0.005579277570539226,-0.012503123283386208,0.0,0.0,0.0,51660,2.352888280483796
279,4.65,-0.0006803124977840646,,-0.0010147840214101288,,-0.0006965548509560862,,-0.001225903707641778,,-0.005128875632625568,,-0.005477145480860632,,0.0,0.0,0.0,51666,2.352888280483796
280,4.666666666666667,-0.0007617324924458727,-0.010790592432022073,-0.001136883952797243,-0.010794407129287698,-0.0005343706219220088,-0.007480388879775979,-0.001161888296981918,-0.007881587743759133,-0.0050964204802477035,-0.012155330181121804,-0.005369528850578625,-0.012319749593734719,0.0,0.0,0.0,51663,2.353752280586792
281,4.683333333333334,-0.0008432119327996504,,-0.0012515036909047958,,-0.00037433201083245576,,-0.0010938494938064858,,-0.005050137955934078,,-0.00526072111101974,,0.0,0.0,0.0,51657,2.353536280561043
282,4.7,-0.0009204595829563485,-0.010880446434020974,-0.0013514906692782855,-0.010951167345046975,-0.00022007533768597128,-0.007358139753341653,-0.0010235458435429758,-0.007783359289169289,-0.004992082989173004,-0.012042975425720193,-0.00515602508811535,-0.012141948938369729,0.0,0.0,0.0,51656,2.352456280432298
283,4.716666666666667,-0.000995561446288715,,-0.0014372022375887558,,-0.00015003986855555135,,-0.0009607821700106103,,-0.004916712438068127,,-0.004990026202006821,,0.0,0.0,0.0,51656,2.352672280458047
284,4.733333333333333,-0.0010719150467485765,-0.011040276288986184,-0.0015129596923308545,-0.011119818687438943,-6.233163429009345e-05,-0.007268732786178567,-0.0008857696440960046,-0.007687127590179421,-0.004831090882694646,-0.011893725395202615,-0.004849001599477369,-0.011958873271942116,0.0,0.0,0.0,51654,2.352240280406549
285,4.75,-0.0011520831354030832,,-0.0015760810532938776,,-2.940007197743849e-05,,-0.0008135586652952686,,-0.004733130124242322,,-0.0047096458671980375,,0.0,0.0,0.0,51659,2.353104280509545
286,4.766666666666667,-0.00122867519415005,-0.011135315895080544,-0.0016311556292257553,-0.011224693059921242,-8.06003762630871e-05,-0.007217025756835915,-0.0007279366032823657,-0.007595902681350686,-0.0046218482955148205,-0.011715775728225686,-0.004565790501348152,-0.011553263664245583,0.0,0.0,0.0,51656,2.3520242803808
287,4.783333333333333,-0.0012990982424369185,,-0.001676604056173933,,-6.638474965165098e-05,,-0.0006341784188205561,,-0.004496499623285613,,-0.004417971019794856,,0.0,0.0,0.0,51656,2.354400280664039
288,4.8,-0.0013633816653500614,-0.011215960979461648,-0.0017290265436208981,-0.011326408386230447,-9.39518449034778e-05,-0.007220482826232888,-0.0005397349201030301,-0.00750882029533384,-0.004358991773851538,-0.01128432750701902,-0.004276141367226715,-0.011370933055877663,0.0,0.0,0.0,51650,2.352456280432298
289,4.816666666666666,-0.001425787820331576,,-0.0017717034840608048,,-0.00010527675586308974,,-0.00045256321698355846,,-0.004204436858966367,,-0.004142686464274393,,0.0,0.0,0.0,51647,2.350512280200557
290,4.833333333333333,-0.001496568387169296,-0.011298543214797951,-0.001806631712328447,-0.011411345005035378,-0.00011716775193486588,-0.007234698534011819,-0.0003706961974733318,-0.007427728176116921,-0.004245892460643991,-0.011059319972991921,-0.00401268869984567,-0.011205023527145364,0.0,0.0,0.0,51646,2.348136279917318
291,4.85,-0.0015658585897126093,,-0.0018343479284496176,,-0.00012372434155141212,,-0.0002856104977266084,,-0.004048660605318914,,-0.0038836748291709664,,0.0,0.0,0.0,51640,2.351808280355051
292,4.866666666666666,-0.0016268640555770928,-0.01137924790382383,-0.00185485196354451,-0.011476939916610696,-0.00012080373417379647,-0.007238066196441628,-0.00021688638029545914,-0.007354950904846169,-0.0038357823736597687,-0.010817414522170998,-0.0037551371995512457,-0.011039501428604104,0.0,0.0,0.0,51635,2.351160280277804
293,4.883333333333334,-0.0016813428235508206,,-0.0018775909540016886,,-0.000116095027402507,,-0.00015817582212465116,,-0.0036108047482473417,,-0.0036340505470045218,,0.0,0.0,0.0,51636,2.351160280277804
294,4.9,-0.0017325431278364693,-0.011447584629058816,-0.0019022972253274826,-0.011496818065643288,-0.00010694562611321106,-0.0072352945804595725,-0.00011672072708644743,-0.007314002513885476,-0.003381594825998414,-0.010567343235015847,-0.0035100133953543896,-0.010518407821655251,0.0,0.0,0.0,51636,2.351808280355051
295,4.916666666666667,-0.0017769485530982738,,-0.0019245297452442725,,-9.058421267744366e-05,,-8.703773673608085e-05,,-0.0031469018830643336,,-0.00338514163969939,,0.0,0.0,0.0,51637,2.352672280458047
296,4.933333333333334,-0.0018232911986230957,-0.011510407924652077,-0.0019517987676372184,-0.011550670862197854,-0.00011195240574338172,-0.007249063253402688,-7.109345642294042e-05,-0.00728756785392759,-0.0029015391139409516,-0.009820675849914529,-0.0032642633848341727,-0.010353749990463235,0.0,0.0,0.0,51637,2.353104280509545
297,4.95,-0.001869842410709231,,-0.0019780247883437892,,-0.00012035670932537801,,-7.654726090152957e-05,,-0.00263963625654628,,-0.003144636867096449,,0.0,0.0,0.0,51638,2.353320280535294
298,4.966666666666667,-0.001907899981795609,-0.011571472883224465,-0.0020107776758209227,-0.01160452365875242,-0.00012864178376382178,-0.007256245613098122,-9.422002603656752e-05,-0.007287836074829079,-0.0023727266195214393,-0.00957173705101011,-0.003021076463140721,-0.010188227891921975,0.0,0.0,0.0,51635,2.353104280509545
299,4.983333333333333,-0.001935854656203885,,-0.0020482389323097324,,-0.00012983390631953986,,-0.00013227759712294563,,-0.0020999161531695906,,-0.0028936417875387636,,0.0,0.0,0.0,51635,2.351592280329302
300,5.0,-0.00196065026494744,-0.011616265773773171,-0.002087995265372023,-0.011663174629211404,-0.00014330443522367635,-0.0072654247283935325,-0.00019074969700664862,-0.007322376966476418,-0.0018237679463174988,-0.009331887960433938,-0.0027594120640331552,-0.010013228654861428,0.0,0.0,0.0,51635,2.352888280483796
301,5.016666666666667,-0.001988247083045252,,-0.0021285860335593745,,-0.0001622885520579849,,-0.00026331836323804204,,-0.0015438348052369392,,-0.0026277153687487135,,0.0,0.0,0.0,51635,2.3520242803808
302,5.033333333333333,-0.0020174534945810213,-0.011667078733444192,-0.002168700054052323,-0.011717683076858498,-0.0001820175977197864,-0.007275915145874001,-0.000347629242431481,-0.007375961542129494,-0.0013013630895249957,-0.009122854471206643,-0.0024982541354659766,-0.009837573766708352,0.0,0.0,0.0,51634,2.3520242803808
303,5.05,-0.00204710642432579,,-0.002212390104452812,,-0.000204846263354339,,-0.0004440396842580096,,-0.001067444629384585,,-0.0023163406918902917,,0.0,0.0,0.0,51628,2.351808280355051
304,5.066666666666666,-0.0020853131162815123,-0.011726504564285256,-0.0022621003822036684,-0.011775261163711526,-0.0002479106140708878,-0.007302647829055764,-0.000552341291036121,-0.007449036836624123,-0.0008566230160118175,-0.008285260200500466,-0.002156570599693442,-0.0096732437610626,0.0,0.0,0.0,51623,2.351160280277804
305,5.083333333333333,-0.0021255461970382064,,-0.002314761327937738,,-0.0002930015224682153,,-0.0006752759953079091,,-0.0006950050409697108,,-0.00199176383614063,,0.0,0.0,0.0,51621,2.351808280355051
306,5.1,-0.002162024235292224,-0.011811351776123025,-0.0023690016376243608,-0.011837697029113747,-0.0003388672514188273,-0.007335340976715066,-0.0008216052814466073,-0.007553851604461648,-0.0005593150137752944,-0.00821060538291929,-0.0018411428074734623,-0.00954819321632383,0.0,0.0,0.0,51620,2.350944280252055
307,5.116666666666666,-0.0021977575135985546,,-0.0024290531014606177,,-0.0003889352166003408,,-0.0009751469174913905,,-0.0004455893253645786,,-0.0017060487571170014,,0.0,0.0,0.0,51620,2.351376280303553
308,5.133333333333334,-0.002230361280206345,-0.011869317293167092,-0.0024875252013443214,-0.011905646324157693,-0.00044025475002954184,-0.007369256019592263,-0.0011278541184111127,-0.007676756381988503,-0.0003562421125747908,-0.008147841691970803,-0.001580581024624047,-0.009473747014999367,0.0,0.0,0.0,51619,2.352888280483796
309,5.15,-0.0022651106647586586,,-0.0025493948251798498,,-0.0004979223065139757,,-0.0012847036032303466,,-0.00028620664344437087,,-0.0014723390324177118,,0.0,0.0,0.0,51619,2.3520242803808
310,5.166666666666667,-0.0023035556461216784,-0.011927312612533547,-0.002615794480951146,-0.011980777978897073,-0.0005611330048947596,-0.007410591840743996,-0.0014448911663094374,-0.00781205892562864,-0.00024522846498037707,-0.008131688833236672,-0.001379564403950307,-0.009388899803161599,0.0,0.0,0.0,51618,2.350512280200557
311,5.183333333333334,-0.002338424428697351,,-0.002679184191927065,,-0.0006222874227487802,,-0.0016067177079128574,,-0.0002329199980263605,,-0.0013083069205383768,,0.0,0.0,0.0,51619,2.350296280174808
312,5.2,-0.0023732335967012476,-0.011981046199798562,-0.0027428714691224458,-0.012058413028717019,-0.0006792098815259142,-0.007447248697280862,-0.0017756074785530182,-0.007954901456832864,-0.000246539647799841,-0.008158689737319924,-0.0012678058275284003,-0.009358859062194802,0.0,0.0,0.0,51619,2.349216280046063
313,5.216666666666667,-0.0024159105371411543,,-0.002802595306133643,,-0.0007379204396967222,,-0.0019304901891430567,,-0.00028692184942587907,,-0.001246646032143969,,0.0,0.0,0.0,51618,2.347272279814322
314,5.233333333333333,-0.0024660078874090383,-0.012047743797302224,-0.0028532893087587106,-0.012127375602722146,-0.0008057505074310345,-0.0074922502040862815,-0.002076044823608277,-0.008096045255660989,-0.00036217266474778315,-0.008233523368835427,-0.001239851153120124,-0.009385621547698952,0.0,0.0,0.0,51618,2.3468402797628243
315,5.25,-0.0025201289679521095,,-0.002899483002293995,,-0.0008812993956118199,,-0.002221330939180795,,-0.0004707723443847758,,-0.0012593419093746274,,0.0,0.0,0.0,51617,2.349216280046063
316,5.266666666666667,-0.0025718061888119685,-0.012118345499038674,-0.0029528586473701528,-0.012193387746810891,-0.0009536296035561084,-0.007555222511291482,-0.002358749620076915,-0.008236742019653298,-0.000603660993345129,-0.008373326063156106,-0.0012954323684721963,-0.009446448087692239,0.0,0.0,0.0,51617,2.349648280097561
317,5.283333333333333,-0.002616658976681805,,-0.0030134170883862176,,-0.0010187775221999098,,-0.0024505704153959,,-0.0007554442528422229,,-0.0013582855483021297,,0.0,0.0,0.0,51617,2.350512280200557
318,5.3,-0.002657666877991783,-0.012172913551330544,-0.003072753684000579,-0.012274122238159157,-0.0010787695403441972,-0.007605826854705788,-0.0025569646936367853,-0.008382415771484353,-0.0008737594188806758,-0.00853750705718992,-0.0014336555927675861,-0.00954625606536863,0.0,0.0,0.0,51617,2.350512280200557
319,5.316666666666666,-0.0026948302305015172,,-0.003124698917113721,,-0.0011403709830466362,,-0.002666160350111734,,-0.0010348408627767962,,-0.001531168819732072,,0.0,0.0,0.0,51616,2.3500802801490592
320,5.333333333333333,-0.0027309505813248778,-0.01221719980239866,-0.003164336021032459,-0.012338852882385232,-0.0012069194219276628,-0.007666057348251321,-0.0027794687365200158,-0.008536612987518288,-0.0011861174828536958,-0.00871492028236387,-0.0016431658544410832,-0.009680902957916238,0.0,0.0,0.0,51614,2.349216280046063
321,5.35,-0.00277169063926138,,-0.003190234414913972,,-0.0012709647243133145,,-0.0028796941731806104,,-0.0013619215305410602,,-0.0017694980826646971,,0.0,0.0,0.0,51614,2.34986428012331
322,5.366666666666666,-0.00279392315917817,-0.012245959043502785,-0.003212317645081611,-0.012373363971710183,-0.001340672397738868,-0.00773615241050718,-0.0029806049240969222,-0.008690303564071633,-0.0015409439207053083,-0.00890383720397947,-0.0019059330386866063,-0.00984198451042173,0.0,0.0,0.0,51613,2.350728280226306
323,5.383333333333334,-0.0028064697466596788,,-0.003239825463521275,,-0.001407995826052986,,-0.0030750482539346415,,-0.0017154366166934028,,-0.002054139930516546,,0.0,0.0,0.0,51619,2.34986428012331
324,5.4,-0.0028138606025214785,-0.01225624084472654,-0.0032510311453373343,-0.012400335073471047,-0.0014801174674359606,-0.00781697630882261,-0.0031593292414022886,-0.008832907676696755,-0.0019024164544710351,-0.009099042415618874,-0.0022099464136494064,-0.010025149583816506,0.0,0.0,0.0,51622,2.34770427986582
325,5.416666666666667,-0.0028171689579353496,,-0.0032586606283660463,,-0.0015539377019150417,,-0.00323204685962322,,-0.002091124777070565,,-0.0023660810302467456,,0.0,0.0,0.0,51621,2.348568279968816
326,5.433333333333334,-0.002812191732271357,-0.01225314140319822,-0.0032336265613353865,-0.01238826513290403,-0.0016248076061705224,-0.007903671264648415,-0.003301337399926146,-0.008955246210098244,-0.0022708328192501434,-0.00930134057998655,-0.0025272815344066124,-0.010210728645324685,0.0,0.0,0.0,51621,2.349216280046063
327,5.45,-0.002797857045396176,,-0.00319628402735071,,-0.0016966612353002141,,-0.003369346311375788,,-0.0024397523127362894,,-0.0026892573657591825,,0.0,0.0,0.0,51625,2.350728280226306
328,5.466666666666667,-0.0027803332322506747,-0.01223412752151487,-0.003151938216660682,-0.012347108125686623,-0.0017702729032179811,-0.007993495464324929,-0.00343595436482859,-0.009072637557983376,-0.002600476069201752,-0.009485965967178323,-0.00285391500844265,-0.010404026508331277,0.0,0.0,0.0,51625,2.347272279814322
329,5.483333333333333,-0.002756372227511987,,-0.003104523015483308,,-0.0018465072745342905,,-0.003499552473486017,,-0.002752021039291548,,-0.0030254872659329357,,0.0,0.0,0.0,51625,2.3479202798915693
330,5.5,-0.0027229039651735392,-0.012199556827545144,-0.0030567200662696783,-0.012303328514099099,-0.0019221455001328367,-0.008089190721511819,-0.0035596044439616926,-0.009182488918304421,-0.002903238044796671,-0.009664899110794045,-0.003201290806980881,-0.01061463952064512,0.0,0.0,0.0,51624,2.348568279968816
331,5.516666666666667,-0.002676144355405897,,-0.003009990010468214,,-0.001995429203465932,,-0.0036189405329366347,,-0.003047123640131964,,-0.003384396373112284,,0.0,0.0,0.0,51635,2.348352279943067
332,5.533333333333333,-0.002629205395283506,-0.012146478891372658,-0.0029607564804117604,-0.012259936332702615,-0.002073630517891243,-0.008187806606292702,-0.0036710946703707036,-0.00927833318710325,-0.0031934826491166464,-0.01053277254104612,-0.003530785273822758,-0.010835415124893166,0.0,0.0,0.0,51635,2.346624279737075
333,5.55,-0.002585187718057957,,-0.0029133708332005647,,-0.00215204073663748,,-0.003717437484775333,,-0.0033275931434787027,,-0.003691151849496984,,0.0,0.0,0.0,51634,2.34986428012331
334,5.566666666666666,-0.0025338680157489493,-0.012094652652740456,-0.0028622895891786625,-0.012214070558547951,-0.002228185432776415,-0.008291846513748147,-0.00376124693319918,-0.009356623888015725,-0.0034445969578178848,-0.010682111978530862,-0.0038406403701802096,-0.011029011011123635,0.0,0.0,0.0,51634,2.352456280432298
335,5.583333333333333,-0.002476856050674248,,-0.0028091223417840106,,-0.002305999505804892,,-0.003798410116829108,,-0.0035550147974541496,,-0.003981038766386303,,0.0,0.0,0.0,51640,2.34986428012331
336,5.6,-0.0024199335918971133,-0.012034124135971047,-0.002760872198842156,-0.012163943052291848,-0.002385899244446501,-0.008399492502212502,-0.0038336962014072144,-0.009419178962707497,-0.003652378734669484,-0.01081544756889341,-0.004110172541723786,-0.01120570898056028,0.0,0.0,0.0,51640,2.349216280046063
337,5.616666666666666,-0.002363279652012682,,-0.0027163774361625907,,-0.0024623425200837362,,-0.003838941270444683,,-0.003740414933519615,,-0.004235342370237663,,0.0,0.0,0.0,51643,2.351160280277804
338,5.633333333333334,-0.0022995621453318973,-0.01196891665458677,-0.0026752798596752377,-0.012118852138519265,-0.0025320203017834995,-0.00850141644477842,-0.0038673726925473628,-0.009472405910491921,-0.003817662414796506,-0.010911947488784768,-0.004368349741702148,-0.011374241113662698,0.0,0.0,0.0,51642,2.349432280071812
339,5.65,-0.002230867581866926,,-0.0026418121039762103,,-0.0025986879698080786,,-0.00389365832782571,,-0.0038859693991050285,,-0.004483625071219431,,0.0,0.0,0.0,51641,2.34986428012331
340,5.666666666666667,-0.002161875452182493,-0.011894351243972756,-0.002608880203903942,-0.012080824375152566,-0.002663954948715626,-0.008589333295822121,-0.003919676119730582,-0.009522891044616677,-0.00395746550968387,-0.01100916266441343,-0.004585012569830144,-0.011509305238723733,0.0,0.0,0.0,51640,2.348568279968816
341,5.683333333333334,-0.0021003930697438005,,-0.0025769918121574683,,-0.0027232917132097947,,-0.003943518064205523,,-0.0040218982223461635,,-0.004672423237876143,,0.0,0.0,0.0,51639,2.3490002800203142
342,5.7,-0.00204806025747421,-0.011834806203842141,-0.002556607006206127,-0.012046134471893288,-0.002776578189747998,-0.008668637275695779,-0.003977522013290926,-0.009574002027511574,-0.004082098807051763,-0.011094725131988503,-0.004755869790218727,-0.011584973335266091,0.0,0.0,0.0,51639,2.348568279968816
343,5.716666666666667,-0.0019963830366143518,,-0.0025457890724263237,,-0.0028304011974321884,,-0.004014476968119152,,-0.004139617242666854,,-0.004830256278689779,,0.0,0.0,0.0,51636,2.3500802801490592
344,5.733333333333333,-0.0019476563148578996,-0.0117808938026428,-0.0025523154325574654,-0.012034690380096413,-0.002881273537133164,-0.008742368221282937,-0.004063144581943245,-0.009643530845642068,-0.004194840601708459,-0.011175161600112893,-0.0049001725186766446,-0.01169631481170652,0.0,0.0,0.0,51636,2.350296280174808
345,5.75,-0.0019043535058542462,,-0.0025776474035672007,,-0.0029283315575193004,,-0.0041147915733177,,-0.004239455100170996,,-0.004981771357053782,,0.0,0.0,0.0,51636,2.349216280046063
346,5.766666666666667,-0.001871183654134293,-0.011739557981491067,-0.0026215164665628243,-0.012060409784316994,-0.002972915826496434,-0.008805221319198586,-0.004157349284614054,-0.009722059965133645,-0.004285141647646668,-0.011249577999114968,-0.005030676415886141,-0.011758482456207253,0.0,0.0,0.0,51636,2.349648280097561
347,5.783333333333333,-0.0018485635550610537,,-0.002668961728345797,,-0.003018423868016388,,-0.004208668818043255,,-0.004326001103606529,,-0.005071535871846002,,0.0,0.0,0.0,51637,2.350296280174808
348,5.8,-0.0018359272924021713,-0.011718904972076394,-0.0027238876900477506,-0.012099450826644875,-0.0030620544727249085,-0.008866882324218728,-0.004256084863619662,-0.009792929887771584,-0.004360541414958109,-0.011311298608779885,-0.005104676169599776,-0.011777764558792092,0.0,0.0,0.0,51637,2.350296280174808
349,5.816666666666666,-0.0018347054470004682,,-0.002778276613964298,,-0.0031010954309258843,,-0.0043040068730970365,,-0.004389599212263954,,-0.0051365645613462504,,0.0,0.0,0.0,51634,2.352456280432298
350,5.833333333333333,-0.001845762007947184,-0.011720812320709206,-0.002834454312793746,-0.012137210369110085,-0.0031359642135015565,-0.008917218446731545,-0.004345461461495821,-0.009851402044296242,-0.004413083469308236,-0.011348015069961526,-0.00516499598344893,-0.011786913871765115,0.0,0.0,0.0,51632,2.350944280252055
351,5.85,-0.0018662064284703005,,-0.002899631785403725,,-0.0031680910635351355,,-0.004374071727313826,,-0.004429474774469795,,-0.005183890762865477,,0.0,0.0,0.0,51634,2.352672280458047
352,5.866666666666666,-0.0018972009393997441,-0.011741495132446267,-0.0029694287962470406,-0.012185758352279641,-0.003194734386244141,-0.008953905105590798,-0.004401877787492179,-0.00988117456436155,-0.00444374950901359,-0.011368697881698586,-0.005202844987973994,-0.011805897951126076,0.0,0.0,0.0,51634,2.350296280174808
353,5.883333333333334,-0.0019411890626591147,,-0.0030472428692755156,,-0.003217712172748037,,-0.004427090529358361,,-0.004455998699155443,,-0.0052327664366114655,,0.0,0.0,0.0,51633,2.348568279968816
354,5.9,-0.0019941180206464676,-0.011784350872039773,-0.003133281895531239,-0.012248462438583352,-0.0032393186552212737,-0.008979386091232278,-0.004457577894228189,-0.009909337759017922,-0.004465862799786826,-0.011374151706695534,-0.0052408726673345805,-0.011790877580642678,0.0,0.0,0.0,51635,2.351376280303553
355,5.916666666666667,-0.0020608456410024364,,-0.0032323153785159225,,-0.0032633097205655597,,-0.004482731021522595,,-0.004474118658018706,,-0.00524587944696475,,0.0,0.0,0.0,51637,2.353536280561043
356,5.933333333333334,-0.0021389277262841956,-0.01185098886489866,-0.003353372308216662,-0.01233694553375242,-0.0032845885762137366,-0.009005284309387185,-0.004500404293297053,-0.009921258687973,-0.004480794307898998,-0.01137123107910154,-0.0052506479371876216,-0.011761343479156472,0.0,0.0,0.0,51639,2.352240280406549
357,5.95,-0.00222863262650464,,-0.0034884960814191074,,-0.003301814316500356,,-0.0045215639198016785,,-0.004481896586397534,,-0.0052557143313895684,,0.0,0.0,0.0,51635,2.353104280509545
358,5.966666666666667,-0.0023255794305973476,-0.011935746669769265,-0.0034765451330159417,-0.012484377622604348,-0.003315582918263374,-0.00902253985404966,-0.0045420971711031335,-0.009933239221572854,-0.004484101818913835,-0.011358535289764382,-0.005267754448330688,-0.01174158453941343,0.0,0.0,0.0,51635,2.354400280664039
359,5.983333333333333,-0.002431109719746995,,-0.0036316068562011155,,-0.003330632979999871,,-0.004554852662905567,,-0.004481419669823326,,-0.005285874238314144,,0.0,0.0,0.0,51636,2.355696280818533
360,6.0,-0.0025549977505277825,-0.012043154239654519,-0.0037842242130636567,-0.012649333477020241,-0.0033475606474276088,-0.009039199352264382,-0.0045656712722045995,-0.009938395023345925,-0.004473760970588048,-0.011339581012725808,-0.005298748790380326,-0.011735802888870217,0.0,0.0,9.88971919468895e-07,51636,2.355696280818533
