view,t,region,px,frame_share_pct,share_white_pct,share_mizuiro_pct,share_ai_mid_pct,share_ai_dark_pct,share_line_pct,share_off_palette_pct,mean_L,palette_weighted_L
painting,4.0,sea_near,407861,19.669,5.504,1.402,1.43,91.356,0.0,0.308,31.36,31.28
painting,4.0,sea_far,31842,1.536,0.0,0.0,0.0,98.712,0.0,1.288,26.51,26.41
painting,4.0,other,1633897,78.795,1.118,0.0,0.0,8.577,0.0,90.305,82.13,34.41
painting,6.0,hero,12907,0.622,1.255,2.317,16.65,71.914,0.906,6.957,33.49,31.72
painting,6.0,sea_near,510433,24.616,17.165,5.763,5.076,71.571,0.0,0.425,42.62,42.53
painting,6.0,sea_far,19827,0.956,0.0,0.0,0.0,99.117,0.0,0.883,26.49,26.41
painting,6.0,other,1530433,73.806,1.194,0.001,0.0,9.162,0.036,89.607,82.61,34.41
painting,8.0,hero,79228,3.821,8.21,3.678,15.33,64.165,0.902,7.713,39.36,37.61
painting,8.0,sea_near,647086,31.206,14.991,8.967,8.646,66.889,0.0,0.507,43.55,43.47
painting,8.0,sea_far,9755,0.47,0.0,0.0,0.0,99.918,0.0,0.082,26.41,26.41
painting,8.0,claws,379,0.018,58.311,12.665,0.0,0.0,0.0,29.024,91.71,93.72
painting,8.0,other,1337152,64.485,1.127,0.0,0.0,8.632,0.102,90.139,83.71,34.41
painting,9.0,hero,141166,6.808,15.192,5.115,18.108,51.109,1.468,9.008,46.14,44.54
painting,9.0,sea_near,719165,34.682,16.906,9.192,10.966,62.445,0.0,0.491,45.38,45.31
painting,9.0,sea_far,380,0.018,0.0,0.0,0.0,77.368,0.0,22.632,27.57,26.41
painting,9.0,claws,1776,0.086,73.086,10.811,0.0,0.056,0.0,16.047,93.43,94.24
painting,9.0,spray,5,0.0,0.0,0.0,0.0,0.0,40.0,60.0,54.25,33.78
painting,9.0,other,1211108,58.406,1.219,0.0,0.0,8.865,0.188,89.728,83.85,34.77
painting,10.0,hero,226545,10.925,25.158,8.266,12.473,43.966,1.469,8.668,54.1,53.06
painting,10.0,sea_near,724083,34.919,21.666,9.912,12.805,54.972,0.006,0.639,49.44,49.37
painting,10.0,sea_far,7665,0.37,0.0,0.0,0.0,94.181,1.135,4.684,26.69,26.5
painting,10.0,claws,6051,0.292,77.657,9.916,0.0,0.099,0.0,12.329,93.59,94.38
painting,10.0,spray,1586,0.076,81.337,0.0,0.0,0.0,2.837,15.826,91.67,93.65
painting,10.0,other,1107670,53.418,1.059,0.001,0.0,6.6,0.291,92.049,84.81,35.92
painting,11.0,hero,351969,16.974,35.355,12.026,7.809,35.512,1.275,8.023,62.45,62.1
painting,11.0,sea_near,575627,27.76,19.137,10.685,15.378,54.083,0.029,0.688,48.56,48.49
painting,11.0,sea_far,8280,0.399,0.0,0.0,0.0,96.763,1.051,2.186,26.62,26.49
painting,11.0,claws,12956,0.625,80.488,9.856,0.008,0.154,0.116,9.378,93.62,94.31
painting,11.0,spray,3266,0.158,87.998,0.0,0.0,0.0,0.0,12.002,94.94,95.74
painting,11.0,other,1121502,54.085,0.649,0.0,0.0,9.651,0.401,89.3,82.17,30.89
painting,12.0,hero,430534,20.763,37.536,14.517,9.218,30.688,1.042,6.999,65.22,65.11
painting,12.0,sea_near,527866,25.457,18.77,10.905,16.653,52.956,0.033,0.683,48.63,48.56
painting,12.0,sea_far,7505,0.362,0.0,0.0,0.0,97.522,1.106,1.372,26.57,26.49
painting,12.0,claws,15351,0.74,83.858,10.332,0.007,0.169,0.319,5.316,93.78,94.17
painting,12.0,spray,3700,0.178,82.351,0.0,0.0,0.0,0.0,17.649,94.64,95.74
painting,12.0,other,1088644,52.5,0.943,0.0,0.0,10.011,0.427,88.619,81.8,32.43
seat_low,4.0,hero,4422,0.213,0.0,0.475,8.322,82.316,0.0,8.887,29.95,28.17
seat_low,4.0,sea_near,465622,22.455,2.351,1.055,0.954,95.298,0.0,0.343,28.92,28.81
seat_low,4.0,other,1603556,77.332,0.034,0.0,0.0,27.185,0.001,72.779,73.22,26.5
seat_low,6.0,hero,2675,0.129,2.393,2.692,27.738,45.009,0.037,22.131,40.57,36.23
seat_low,6.0,sea_near,528200,25.473,5.49,2.899,3.191,88.114,0.0,0.306,32.52,32.43
seat_low,6.0,other,1542725,74.398,0.752,0.0,0.0,26.929,0.0,72.318,73.39,28.29
seat_low,8.0,hero,27606,1.331,8.636,1.253,5.452,77.331,0.033,7.296,36.6,34.59
seat_low,8.0,sea_near,639683,30.849,12.202,12.561,8.47,66.325,0.0,0.441,43.68,43.59
seat_low,8.0,claws,91,0.004,45.055,6.593,0.0,0.0,0.0,48.352,92.48,94.3
seat_low,8.0,other,1406220,67.815,5.127,0.0,0.0,23.968,0.001,70.904,75.32,38.63
seat_low,9.0,hero,68493,3.303,10.636,2.778,11.146,68.054,0.117,7.269,39.38,38.03
seat_low,9.0,sea_near,634944,30.62,14.489,15.452,11.773,57.837,0.0,0.45,47.48,47.4
seat_low,9.0,claws,425,0.02,61.412,12.235,0.0,0.0,0.0,26.353,92.35,93.86
seat_low,9.0,spray,15,0.001,93.333,0.0,0.0,0.0,0.0,6.667,93.86,95.74
seat_low,9.0,other,1369723,66.055,7.105,0.0,0.0,23.354,0.011,69.531,75.79,42.58
seat_low,10.0,hero,146495,7.065,12.696,4.369,7.066,69.428,0.323,6.118,40.98,39.71
seat_low,10.0,sea_near,631193,30.439,21.859,21.215,26.043,30.339,0.0,0.544,58.26,58.21
seat_low,10.0,claws,1614,0.078,70.57,10.161,0.0,0.0,0.0,19.269,92.95,94.32
seat_low,10.0,spray,929,0.045,61.572,0.0,0.0,0.0,0.323,38.105,88.7,95.42
seat_low,10.0,other,1293369,62.373,7.37,0.002,0.0,27.501,0.028,65.098,73.21,41.06
seat_low,11.0,hero,677111,32.654,14.836,6.776,5.981,68.872,0.269,3.265,42.83,42.12
seat_low,11.0,sea_near,18129,0.874,0.0,0.0,1.252,97.612,0.116,1.02,26.69,26.62
seat_low,11.0,sea_far,2287,0.11,0.0,0.0,0.0,96.764,0.394,2.842,26.76,26.44
seat_low,11.0,claws,6840,0.33,79.708,10.921,0.0,0.015,0.0,9.357,93.55,94.37
seat_low,11.0,spray,5332,0.257,78.413,0.0,0.0,0.0,0.0,21.587,92.73,95.74
seat_low,11.0,other,1363901,65.775,11.444,0.001,0.0,28.706,0.213,59.636,72.35,46.11
seat_low,12.0,hero,1018585,49.122,9.926,5.49,5.78,76.379,0.207,2.218,38.19,37.67
seat_low,12.0,sea_near,4049,0.195,0.0,0.0,1.852,93.628,0.667,3.853,27.05,26.77
seat_low,12.0,sea_far,1334,0.064,0.0,0.0,0.0,93.403,0.075,6.522,27.14,26.42
seat_low,12.0,claws,2687,0.13,78.452,10.495,0.0,0.0,0.372,10.681,92.94,94.15
seat_low,12.0,spray,10023,0.483,85.553,0.0,0.0,0.0,0.0,14.447,93.63,95.74
seat_low,12.0,other,1036922,50.006,10.667,0.001,0.0,36.716,0.229,52.386,67.08,41.98
seat,4.0,other,2073600,100.0,0.038,0.0,0.0,1.219,0.0,98.743,89.96,28.5
seat,6.0,other,2073600,100.0,0.333,0.0,0.0,0.262,0.0,99.405,90.59,65.2
seat,8.0,sea_near,120883,5.83,73.17,26.364,0.0,0.0,0.0,0.467,92.74,92.75
seat,8.0,other,1952717,94.17,0.0,0.0,0.0,0.037,0.0,99.963,90.75,26.41
seat,9.0,hero,4454,0.215,78.087,5.501,0.0,0.0,1.706,14.706,91.54,93.77
seat,9.0,sea_near,186001,8.97,66.946,32.658,0.0,0.0,0.0,0.396,92.03,92.03
seat,9.0,claws,271,0.013,45.018,22.878,0.0,0.0,1.476,30.627,90.05,90.7
seat,9.0,other,1882874,90.802,0.0,0.0,0.0,0.012,0.005,99.983,90.77,28.71
seat,10.0,hero,62355,3.007,29.884,4.428,4.757,55.256,0.823,4.853,52.39,51.75
seat,10.0,sea_near,206906,9.978,71.199,28.431,0.0,0.0,0.0,0.37,92.51,92.52
seat,10.0,claws,2114,0.102,72.28,12.441,0.0,0.0,0.0,15.279,92.98,94.08
seat,10.0,spray,1579,0.076,70.678,0.0,0.0,0.0,0.443,28.879,90.57,95.35
seat,10.0,other,1800646,86.837,0.0,0.0,0.0,0.004,0.024,99.972,90.76,32.78
seat,11.0,hero,337528,16.277,17.985,6.905,4.755,67.02,0.249,3.086,44.95,44.21
seat,11.0,claws,5285,0.255,80.624,8.95,0.0,0.0,0.0,10.426,93.65,94.61
seat,11.0,spray,6409,0.309,81.526,0.0,0.0,0.0,0.0,18.474,93.13,95.74
seat,11.0,other,1724378,83.159,0.0,0.0,0.0,0.0,0.134,99.866,90.68,33.78
seat,12.0,hero,586988,28.308,13.27,5.387,4.735,74.163,0.204,2.241,40.43,39.81
seat,12.0,claws,6269,0.302,79.072,11.166,0.0,0.016,0.191,9.555,93.25,94.2
seat,12.0,spray,12034,0.58,86.887,0.0,0.0,0.0,0.0,13.113,94.07,95.74
seat,12.0,other,1468309,70.81,0.0,0.0,0.0,0.0,0.229,99.771,90.62,33.78
seat_toward_wave,4.0,hero,5826,0.281,0.0,0.36,9.355,82.286,0.0,7.999,29.97,28.26
seat_toward_wave,4.0,sea_near,1188957,57.338,1.392,0.61,0.55,97.271,0.0,0.177,27.87,27.82
seat_toward_wave,4.0,other,878817,42.381,0.0,0.0,0.0,0.0,0.007,99.993,91.56,33.78
seat_toward_wave,6.0,hero,15195,0.733,0.731,1.02,8.963,80.546,0.191,8.549,31.08,29.19
seat_toward_wave,6.0,sea_near,1304659,62.918,4.132,2.077,2.247,91.324,0.0,0.219,30.91,30.85
seat_toward_wave,6.0,other,753746,36.35,0.0,0.0,0.0,0.0,0.011,99.989,91.41,33.78
seat_toward_wave,8.0,hero,48699,2.349,8.879,2.16,8.55,73.028,0.086,7.296,37.75,35.88
seat_toward_wave,8.0,sea_near,1442796,69.579,5.848,5.795,6.574,81.559,0.0,0.225,34.96,34.9
seat_toward_wave,8.0,claws,141,0.007,46.099,11.348,0.0,0.0,0.0,42.553,91.52,93.51
seat_toward_wave,8.0,other,581964,28.065,0.0,0.0,0.0,0.0,0.034,99.966,90.45,33.78
seat_toward_wave,9.0,hero,128450,6.195,10.511,4.697,12.019,65.109,0.205,7.459,40.71,39.32
seat_toward_wave,9.0,sea_near,1419567,68.459,5.528,6.828,9.619,77.773,0.0,0.252,35.83,35.76
seat_toward_wave,9.0,sea_far,130,0.006,0.0,0.0,0.0,26.923,24.615,48.462,33.63,29.93
seat_toward_wave,9.0,claws,755,0.036,65.033,11.656,0.0,0.0,0.397,22.914,92.51,93.71
seat_toward_wave,9.0,spray,26,0.001,84.615,0.0,0.0,0.0,0.0,15.385,95.23,95.74
seat_toward_wave,9.0,other,524672,25.302,0.0,0.0,0.0,0.0,0.087,99.913,90.34,33.78
seat_toward_wave,10.0,hero,329810,15.905,10.631,6.815,12.526,64.901,0.376,4.751,41.34,40.43
seat_toward_wave,10.0,sea_near,1393304,67.193,6.894,9.973,28.663,54.183,0.0,0.287,41.66,41.6
seat_toward_wave,10.0,claws,3082,0.149,73.848,12.362,0.0,0.032,0.032,13.725,93.03,94.07
seat_toward_wave,10.0,spray,1792,0.086,70.48,0.0,0.0,0.0,0.446,29.074,90.48,95.35
seat_toward_wave,10.0,other,345612,16.667,0.0,0.0,0.0,0.0,0.308,99.692,90.84,33.78
seat_toward_wave,11.0,hero,1157263,55.809,9.382,6.1,6.057,76.134,0.166,2.161,38.22,37.68
seat_toward_wave,11.0,sea_near,532550,25.682,0.0,2.078,32.674,64.578,0.008,0.663,32.91,32.87
seat_toward_wave,11.0,sea_far,9327,0.45,0.0,0.0,0.0,98.049,0.139,1.812,26.55,26.42
seat_toward_wave,11.0,claws,1808,0.087,85.177,3.097,0.0,0.0,0.0,11.726,93.73,95.34
seat_toward_wave,11.0,spray,6148,0.296,81.75,0.0,0.0,0.0,0.0,18.25,92.81,95.74
seat_toward_wave,11.0,other,366504,17.675,0.0,0.0,0.0,0.013,0.379,99.608,88.04,33.54
seat_toward_wave,12.0,hero,1492373,71.97,5.579,4.151,5.159,83.524,0.163,1.424,34.01,33.63
seat_toward_wave,12.0,sea_near,246012,11.864,0.0,0.0,18.555,80.918,0.02,0.507,29.42,29.39
seat_toward_wave,12.0,sea_far,5987,0.289,0.0,0.0,0.0,96.158,0.167,3.675,26.71,26.42
seat_toward_wave,12.0,claws,722,0.035,78.809,9.003,0.0,0.0,0.0,12.188,93.15,94.58
seat_toward_wave,12.0,spray,8843,0.426,87.934,0.0,0.0,0.0,0.0,12.066,93.87,95.74
seat_toward_wave,12.0,other,319663,15.416,0.0,0.0,0.0,0.014,0.166,99.82,88.11,33.19
