sample,absolute_dop_seconds,actual_dop_seconds,particle_count,particle_velocity_rms_m_s,negative_sdf_voxel_proxy_m3,g1_solver_eta_m,g1_mesh_eta_m,g1_mesh_sampled,g2_solver_eta_m,g2_mesh_eta_m,g2_mesh_sampled,g3_solver_eta_m,g3_mesh_eta_m,g3_mesh_sampled
0,0.0,0.0,53500,0.0,2.1559048237709213,-1.20693817730537e-06,-0.013189262151718117,True,-1.20693817730537e-06,-0.010983383655548073,True,-1.20693817730537e-06,-0.012592828273773171,True
1,0.016666666666666666,0.016666666666666666,53312,0.0020913520442560744,2.3453282795825814,-0.0041009631881031,,False,-0.0025801809384277865,,False,-0.0007562786879672836,,False
2,0.03333333333333333,0.03333333333333333,53310,0.003601042898381517,2.3440322794280872,-0.004162326679157852,-0.013224160671234109,True,-0.0026217849854555278,-0.010952478647232033,True,-0.0008570700408602357,-0.012616491317749001,True
3,0.05,0.05,53309,0.004847773482318326,2.3425202792478443,-0.004256710225543987,,False,-0.0026666075438399584,,False,-0.0009845048853419996,,False
4,0.06666666666666667,0.06666666666666667,53303,0.005709488137491196,2.3410082790676014,-0.004378453145019671,-0.013381487131118752,True,-0.002709552496533148,-0.010910993814468362,True,-0.0011277348892675602,-0.01264328360557554,True
5,0.08333333333333333,0.08333333333333333,53287,0.006272734797963357,2.340144278964605,-0.004522487354584886,,False,-0.0027474911762355877,,False,-0.0012798754984356983,,False
6,0.1,0.1,53273,0.006569493211218576,2.3403602789903544,-0.0046830329428542445,-0.013522660732269265,True,-0.002776786587429505,-0.010832047462463357,True,-0.0014352351255999462,-0.012653684616088845,True
7,0.11666666666666667,0.11666666666666667,53263,0.006899570666261129,2.3410082790676014,-0.0048543366814518246,,False,-0.0027939527131443484,,False,-0.0015883594596422961,,False
8,0.13333333333333333,0.13333333333333333,53251,0.007218993826782672,2.3399282789388565,-0.005029424847638454,-0.013662701845169045,True,-0.002798810709664789,-0.010704970359802224,True,-0.0017422883370839144,-0.012641614675521828,True
9,0.15,0.15,53241,0.007426931274807664,2.3397122789131073,-0.0052051696185136526,,False,-0.002789422681208581,,False,-0.0018933264988737087,,False
10,0.16666666666666666,0.16666666666666666,53227,0.00752027144969342,2.3392802788616094,-0.005376085440195171,-0.013798213005065896,True,-0.0027650148205012816,-0.010535812377929665,True,-0.0020415337284632623,-0.012613898515701272,True
11,0.18333333333333332,0.18333333333333332,53207,0.007570704541329328,2.3397122789131073,-0.00553466408535553,,False,-0.002723172484066242,,False,-0.0021833927661177757,,False
12,0.2,0.2,53193,0.0075553951161416825,2.3403602789903544,-0.005678519451205413,-0.013909852504730202,True,-0.0026538817748835088,-0.01027247905731199,True,-0.0023151190153683954,-0.012626922130584695,True
13,0.21666666666666667,0.21666666666666667,53181,0.00748049921686898,2.3425202792478443,-0.005803004134343382,,False,-0.0025724918408272994,,False,-0.0024419577141323967,,False
14,0.23333333333333334,0.23333333333333334,53161,0.007317395826810271,2.3429522792993422,-0.0059016498692918105,-0.013982361555099465,True,-0.0024555771950260704,-0.009995645284652688,True,-0.0025616734004080747,-0.012600129842758157,True
15,0.25,0.25,53142,0.007156086711604556,2.344896279531083,-0.005967393764773567,,False,-0.002308324136344551,,False,-0.0026728660605976236,,False
16,0.26666666666666666,0.26666666666666666,53133,0.006932425117497783,2.3464082797113264,-0.005998924637969189,-0.01399601101875303,True,-0.002132937221779813,-0.009669309854507424,True,-0.002775326452620504,-0.012570506334304787,True
17,0.2833333333333333,0.2833333333333333,53123,0.006747936311322421,2.348568279968816,-0.00599376839971006,,False,-0.0019321887822391628,,False,-0.0028703063136042094,,False
18,0.3,0.3,53100,0.006686805792348472,2.348136279917318,-0.005967542379003491,-0.01396301984786985,True,-0.0017065256736912113,-0.009279525279998757,True,-0.0029576271375930246,-0.012544846534728982,True
19,0.31666666666666665,0.31666666666666665,53094,0.0064334007591261965,2.348568279968816,-0.005901977158357257,,False,-0.0014580041766627228,,False,-0.0030389577948370717,,False
20,0.3333333333333333,0.3333333333333333,53082,0.006363075073899704,2.349216280046063,-0.005790010353133651,-0.013882166147232033,True,-0.0011286289389643967,-0.008949911594390847,True,-0.003116294613531725,-0.012538230419158913,True
21,0.35,0.35,53062,0.006404768953840286,2.348352279943067,-0.005633875567656505,,False,-0.0011137573831836154,,False,-0.003200694830142925,,False
22,0.36666666666666664,0.36666666666666664,53042,0.006417241104836491,2.349216280046063,-0.005456968903710993,-0.01376155614852903,True,-0.0010801107837692591,-0.008675581216812112,True,-0.003274008594081618,-0.012568211555480935,True
23,0.38333333333333336,0.3833333333333333,53022,0.006295890050905527,2.348352279943067,-0.005246594821826064,,False,-0.0010681897270918847,,False,-0.003334060395677488,,False
24,0.4,0.4,53004,0.006314447911044777,2.348784279994565,-0.005010083550012907,-0.01359591484069822,True,-0.0010972470177583109,-0.008503979444503762,True,-0.0034001023640181263,-0.012618547677993752,True
25,0.4166666666666667,0.4166666666666667,52994,0.006377509531336199,2.34770427986582,-0.0047576872746987724,,False,-0.0011589676896043028,,False,-0.0034612267212665486,,False
26,0.43333333333333335,0.43333333333333335,52976,0.006485248913777257,2.348352279943067,-0.004484936422918702,-0.013396745920181252,True,-0.001226112105323285,-0.008420890569686867,True,-0.0035135299795699608,-0.01267690062522886,True
27,0.45,0.45,52962,0.006559152930604593,2.348352279943067,-0.004214301972876592,,False,-0.0011999755909142809,,False,-0.0035608561810891877,,False
28,0.4666666666666667,0.4666666666666667,52953,0.006658724361319466,2.348568279968816,-0.003940418613112577,-0.013198888301849343,True,-0.0011514871585651277,-0.00836253762245176,True,-0.003603532952649287,-0.012737607955932595,True
29,0.48333333333333334,0.48333333333333334,52954,0.006742019932868273,2.3490002800203142,-0.003669068112689924,,False,-0.001084223513702593,,False,-0.003643766202285788,,False
30,0.5,0.5,52936,0.006865061723121512,2.3490002800203142,-0.0034009367991431868,-0.012983536720275857,True,-0.001003846520727159,-0.008342808485031106,True,-0.0036825687021996593,-0.012834852933883645,True
31,0.5166666666666667,0.5166666666666666,52914,0.006962861958053588,2.349648280097561,-0.0031398980997195615,,False,-0.0009136050893607276,,False,-0.0037183911490439457,,False
32,0.5333333333333333,0.5333333333333333,52906,0.006891270273284013,2.350296280174808,-0.0028886944536005623,-0.012760347127914407,True,-0.0009683221467417546,-0.008395230770111062,True,-0.003748699839078252,-0.012904918193817116,True
33,0.55,0.55,52892,0.006812108676364788,2.349648280097561,-0.0026515275903776707,,False,-0.0009748785674784939,,False,-0.0037735255084274054,,False
34,0.5666666666666667,0.5666666666666667,52884,0.006622466690939815,2.348784279994565,-0.002433911097981058,-0.01255146265029905,True,-0.0009928792971982043,-0.008507049083709695,True,-0.0037994233956694973,-0.012975281476974465,True
35,0.5833333333333334,0.5833333333333334,52868,0.006576633817959853,2.348136279917318,-0.002238765414908534,,False,-0.001032039484542733,,False,-0.0038203151788006456,,False
36,0.6,0.6,52850,0.006371612439134312,2.348784279994565,-0.002069994704532119,-0.012369757890701272,True,-0.0010833590179719342,-0.008659398555755593,True,-0.0038353650716573353,-0.013037776947021462,True
37,0.6166666666666667,0.6166666666666667,52838,0.006214561130775144,2.34770427986582,-0.001936569862185393,,False,-0.001146569885232525,,False,-0.003850564254263177,,False
38,0.6333333333333333,0.6333333333333333,52818,0.006117159168344436,2.347272279814322,-0.001830324535934045,-0.012240564823150613,True,-0.001218363562030827,-0.008831506967544533,True,-0.003859475366145174,-0.013081198930740334,True
39,0.65,0.65,52810,0.00593526894243813,2.348136279917318,-0.0017484872392698031,,False,-0.0013066083274422711,,False,-0.003866180738871451,,False
40,0.6666666666666666,0.6666666666666666,52798,0.005847947804437673,2.3474882798400714,-0.0016844123829179735,-0.012141382694244363,True,-0.0014019458758566345,-0.009035950899124123,True,-0.003866389474312572,-0.013108438253402688,True
41,0.6833333333333333,0.6833333333333333,52782,0.0057953089930735694,2.34770427986582,-0.001643762000158846,,False,-0.001504555388748858,,False,-0.00386472060406245,,False
42,0.7,0.7,52754,0.005754105723264222,2.349432280071812,-0.0016255229810318373,-0.012071645259857156,True,-0.0016140192263568963,-0.009217357635498025,True,-0.003862038454971939,-0.013121134042739846,True
43,0.7166666666666667,0.7166666666666667,52742,0.00576869922615988,2.349432280071812,-0.001617983004300693,,False,-0.0017210991566131116,,False,-0.003856793217054664,,False
44,0.7333333333333333,0.7333333333333333,52736,0.005805840624922976,2.3490002800203142,-0.0016195924288588447,-0.012010788917541482,True,-0.0018233807049206634,-0.009370213747024514,True,-0.003851219845672909,-0.013124531507492043,True
45,0.75,0.75,52724,0.005955825059739102,2.350512280200557,-0.001629903892098261,,False,-0.0019234568518321075,,False,-0.0038469284409040527,,False
46,0.7666666666666667,0.7666666666666666,52712,0.006130450778399472,2.34986428012331,-0.0016406328262199166,-0.011953091621398904,True,-0.0020196587270973217,-0.009499228000640847,True,-0.003844246122933735,-0.013121044635772683,True
47,0.7833333333333333,0.7833333333333333,52698,0.006276520882020867,2.351160280277804,-0.0016451327975500864,,False,-0.002104893378833583,,False,-0.003842309240430331,,False
48,0.8,0.8,52680,0.006262906496390864,2.349432280071812,-0.001639649270225512,-0.011883383989334084,True,-0.0021771041887545125,-0.009566223621368386,True,-0.0038409678281254617,-0.013111060857772805,True
49,0.8166666666666667,0.8166666666666667,52670,0.006310121931159052,2.3490002800203142,-0.0016239434481994768,,False,-0.0022298543030265365,,False,-0.0038441268937901827,,False
50,0.8333333333333334,0.8333333333333334,52664,0.006286364797527084,2.349432280071812,-0.001593425853844243,-0.011804854869842507,True,-0.0022651106647586586,-0.009592568874359109,True,-0.0038327425371386015,-0.013102269172668435,True
51,0.85,0.85,52650,0.0062411998996626614,2.349432280071812,-0.0015483648371727066,,False,-0.00228662797869394,,False,-0.003841713263592375,,False
52,0.8666666666666667,0.8666666666666667,52641,0.006293162878746471,2.3479202798915693,-0.0014876574441671049,-0.01171532869338987,True,-0.0022848098186946677,-0.009564197063446023,True,-0.003852322799690673,-0.013094013929367043,True
53,0.8833333333333333,0.8833333333333333,52625,0.006370599981028109,2.349432280071812,-0.0014317482642303599,,False,-0.002267077607867661,,False,-0.0038652865202948076,,False
54,0.9,0.9,52611,0.006355965906483293,2.350296280174808,-0.0013784915105381412,-0.011640107631683327,True,-0.002234593070403424,-0.009482985734939553,True,-0.0038851349639799685,-0.013088589906692483,True
55,0.9166666666666666,0.9166666666666666,52597,0.006326390919556493,2.350296280174808,-0.001328125641377553,,False,-0.002185866179767166,,False,-0.003910168693251014,,False
56,0.9333333333333333,0.9333333333333333,52594,0.006421227281457198,2.350944280252055,-0.0012752562979619765,-0.011550313234329201,True,-0.002118125618330421,-0.009308522939681985,True,-0.003936305883179244,-0.013089126348495461,True
57,0.95,0.95,52588,0.006495513002044215,2.348136279917318,-0.0012188404786050368,,False,-0.002038225373049391,,False,-0.003969236938852481,,False
58,0.9666666666666667,0.9666666666666667,52572,0.006428059577854978,2.34770427986582,-0.0011774747209845945,-0.011492049694061257,True,-0.0019546898210486565,-0.009142136573791482,True,-0.0040206757014252335,-0.013108944892883279,True
59,0.9833333333333333,0.9833333333333333,52554,0.0063164054291602765,2.349216280046063,-0.0011355430471317943,,False,-0.0018484443259175016,,False,-0.004072889453431079,,False
60,1.0,1.0,52543,0.006325035473313799,2.3479202798915693,-0.0010974853071656094,-0.011484539508819558,True,-0.0017293840621717487,-0.008940523862838723,True,-0.004131361553314781,-0.013144648075103738,True
61,1.0166666666666666,1.0166666666666666,52523,0.006335724594453235,2.34986428012331,-0.0010732858441398164,,False,-0.0016124099706785514,,False,-0.004202261855935472,,False
62,1.0333333333333334,1.0333333333333332,52509,0.006289845515704778,2.348568279968816,-0.0010657161445626877,-0.011481738090515115,True,-0.0014859586821911919,-0.008770024776458718,True,-0.004278227370599463,-0.013209617137908913,True
63,1.05,1.05,52501,0.006183776032792066,2.348136279917318,-0.0010810345563120809,,False,-0.0013531595395284064,,False,-0.004352673642522098,,False
64,1.0666666666666667,1.0666666666666667,52494,0.00615523105322509,2.347272279814322,-0.0011227576636035678,-0.011525934934616067,True,-0.0012239367645327753,-0.008563017845153786,True,-0.004426225864747894,-0.013270711898803689,True
65,1.0833333333333333,1.0833333333333333,52472,0.006215235480865012,2.346624279737075,-0.0011764915027498032,,False,-0.001099809937705269,,False,-0.004505828206049849,,False
66,1.1,1.1,52460,0.00630959780329489,2.345976279659828,-0.0012467949841335059,-0.011607861518859841,True,-0.0009895116649721709,-0.008438086509704568,True,-0.004588082635836717,-0.013337856531143166,True
67,1.1166666666666667,1.1166666666666667,52430,0.006386143463852493,2.344896279531083,-0.0013562290988955593,,False,-0.0009110420005339628,,False,-0.004674658024358621,,False
68,1.1333333333333333,1.1333333333333333,52410,0.006330199736342072,2.345112279556832,-0.0014899819058269582,-0.011750286817550637,True,-0.0008625537370646164,-0.008337175846099831,True,-0.004762783898386124,-0.013410663604736306,True
69,1.15,1.15,52396,0.006347115594769858,2.344464279479585,-0.0016399176202384087,,False,-0.0008502452701105998,,False,-0.004852637412836491,,False
70,1.1666666666666667,1.1666666666666667,52388,0.0064044303887857874,2.345112279556832,-0.0018069595080333132,-0.011928206682205178,True,-0.0008704811240724027,-0.008313125371932961,True,-0.0049386175000396635,-0.01349413990974424,True
71,1.1833333333333333,1.1833333333333333,52378,0.006501212473746411,2.3457602796340793,-0.001984760052795858,,False,-0.0009328573873281262,,False,-0.0050449815487951435,,False
72,1.2,1.2,52366,0.006656417457140431,2.344896279531083,-0.0021727234465678956,-0.012129789590835549,True,-0.0010303408914466268,-0.008362567424774148,True,-0.005128517945194913,-0.013566470146179177,True
73,1.2166666666666666,1.2166666666666666,52348,0.0068231791906871045,2.344464279479585,-0.0023694783853187643,,False,-0.0011659414123434755,,False,-0.005206242511925819,,False
74,1.2333333333333334,1.2333333333333334,52330,0.006686765130850208,2.344896279531083,-0.002568647123147248,-0.012345141172409035,True,-0.0013312847070422735,-0.008492982387542702,True,-0.005276873957894192,-0.013092195987701394,True
75,1.25,1.25,52320,0.006605609919964307,2.346192279685577,-0.0027742234986027404,,False,-0.001525119038415527,,False,-0.005335375442864269,,False
76,1.2666666666666666,1.2666666666666666,52314,0.006583460326407408,2.348352279943067,-0.0029775350269701547,-0.012559777498245217,True,-0.0017448217030646947,-0.008684849739074685,True,-0.00537790376907425,-0.01311150789260862,True
77,1.2833333333333334,1.2833333333333332,52301,0.00654163987366666,2.345976279659828,-0.0030595214445037406,,False,-0.0019848792819394108,,False,-0.005414262578184717,,False
78,1.3,1.3,52279,0.006561197476611205,2.347272279814322,-0.003234103477909597,-0.012760376930236794,True,-0.0022390038731956393,-0.008936500549316384,True,-0.005432054234703691,-0.013136780261993386,True
79,1.3166666666666667,1.3166666666666667,52261,0.0065279562083228725,2.346624279737075,-0.0034010560282867392,,False,-0.002483650929698092,,False,-0.0054461511388109955,,False
80,1.3333333333333333,1.3333333333333333,52253,0.00656559993168276,2.343816279402338,-0.0035174042512161894,-0.012946522235870339,True,-0.002756103708619284,-0.00922415256500242,True,-0.005440429153199316,-0.013049370050430276,True
81,1.35,1.35,52239,0.0065713937124520115,2.3440322794280872,-0.003667250459330073,,False,-0.0030305536601348826,,False,-0.005418404693204419,,False
82,1.3666666666666667,1.3666666666666667,52219,0.00660409951082154,2.343816279402338,-0.003797426898594317,-0.013070678710937478,True,-0.0033075658560782133,-0.009510552883148171,True,-0.005376979489892008,-0.01292259097099302,True
83,1.3833333333333333,1.3833333333333333,52199,0.006583030095679393,2.344896279531083,-0.003922924185053451,,False,-0.0035757868448023254,,False,-0.005317017194593706,,False
84,1.4,1.4,52181,0.006639530823327919,2.3440322794280872,-0.004036858946664898,-0.013204073905944802,True,-0.003835156673975829,-0.009789830446243264,True,-0.005257651045013165,-0.0127460718154907,True
85,1.4166666666666667,1.4166666666666667,52167,0.0066745052913160545,2.3429522792993422,-0.004138633348912835,,False,-0.004077866847974877,,False,-0.005161985532014133,,False
86,1.4333333333333333,1.4333333333333333,52153,0.006655197182047925,2.3431682793250914,-0.004231646942306764,-0.013295716047286965,True,-0.004307553011278786,-0.010041987895965554,True,-0.00508208596225233,-0.012561506032943703,True
87,1.45,1.45,52135,0.006718036418019018,2.3436002793765893,-0.00431387097372842,,False,-0.004528567027627222,,False,-0.004988953308594654,,False
88,1.4666666666666666,1.4666666666666666,52111,0.006723661848671175,2.343816279402338,-0.004387572654583175,-0.013368731737136819,True,-0.004739567484715317,-0.010283654928207375,True,-0.00488521179435791,-0.012350267171859719,True
89,1.4833333333333334,1.4833333333333334,52083,0.006681210397371506,2.343816279402338,-0.0044519749688802564,,False,-0.004913345143601706,,False,-0.004768714112799503,,False
90,1.5,1.5,52073,0.006707788414961676,2.342304279222095,-0.004235819286811875,-0.013428366184234597,True,-0.005059078621782256,-0.010480588674545266,True,-0.004638746577856187,-0.012103295326232888,True
91,1.5166666666666666,1.5166666666666666,52069,0.006933165544258485,2.3436002793765893,-0.0042805520011391235,,False,-0.005201861094219976,,False,-0.004500404293297053,,False
92,1.5333333333333334,1.5333333333333332,52062,0.0072168806281706155,2.3442482794538364,-0.0043279680467155305,-0.013498729467391946,True,-0.005341693574193708,-0.010712063312530495,True,-0.0043548194293464276,-0.01185098886489866,True
93,1.55,1.55,52058,0.00736969534311594,2.3431682793250914,-0.0043970498515773365,,False,-0.0054713042661054,,False,-0.004213318079122574,,False
94,1.5666666666666667,1.5666666666666667,52038,0.007404725144950066,2.342736279273593,-0.004461988528140599,-0.013574397563934304,True,-0.005575374082686432,-0.010905271768569924,True,-0.004068866567554926,-0.011601036787033059,True
95,1.5833333333333333,1.5833333333333333,52016,0.007470816063256546,2.3425202792478443,-0.004531756322777346,,False,-0.005663171654369649,,False,-0.003936663570609903,,False
96,1.6,1.6,51997,0.007344043012571289,2.3431682793250914,-0.004600063138206061,-0.0136615991592407,True,-0.005723610697362354,-0.011006897687911965,True,-0.0037850588170685235,-0.011343336105346657,True
97,1.6166666666666667,1.6166666666666667,51983,0.007145643134075793,2.3431682793250914,-0.004667803361883192,,False,-0.005760088735616372,,False,-0.0036814363630955243,,False
98,1.6333333333333333,1.6333333333333333,51963,0.007045700417536502,2.3425202792478443,-0.004740401919840376,-0.013750559091567971,True,-0.005771741104521236,-0.011023825407028176,True,-0.003522053512295509,-0.011108553409576394,True
99,1.65,1.65,51931,0.007006706554788677,2.3429522792993422,-0.0048124043320798005,,False,-0.005764380309265033,,False,-0.0033828170091597305,,False
100,1.6666666666666667,1.6666666666666667,51913,0.0069682672333270575,2.3431682793250914,-0.004886433301999999,-0.013843333721160866,True,-0.005745276625527561,-0.010986483097076394,True,-0.003183379921318351,-0.010905927419662453,True
101,1.6833333333333333,1.6833333333333333,51901,0.006974385805987634,2.3431682793250914,-0.004966452945304388,,False,-0.005726679918969895,,False,-0.003076299991062135,,False
102,1.7,1.7,51895,0.006998056915882767,2.3436002793765893,-0.005051568367897096,-0.013952857255935647,True,-0.005633756338512952,-0.010900354385375954,True,-0.0029642732335071393,-0.010752147436141946,True
103,1.7166666666666666,1.7166666666666666,51881,0.007033168463817931,2.342736279273593,-0.005142018028065225,,False,-0.005533054660797376,,False,-0.002900436666562608,,False
104,1.7333333333333334,1.7333333333333334,51877,0.0069151566632335145,2.3431682793250914,-0.0052379814450433364,-0.014060235023498513,True,-0.005411967332731426,-0.010729914903640725,True,-0.002825573261517346,-0.010665273666381814,True
105,1.75,1.75,51863,0.00687323524076293,2.3436002793765893,-0.005335017755433611,,False,-0.005271867178264023,,False,-0.002736702627542155,,False
106,1.7666666666666666,1.7666666666666666,51861,0.006870566694960238,2.344896279531083,-0.005440279525690551,-0.014175838232040383,True,-0.005120023797555733,-0.010532504320144631,True,-0.002674802943101028,-0.010593569278717019,True
107,1.7833333333333334,1.7833333333333332,51849,0.0068595861588912265,2.344464279479585,-0.005548790374549204,,False,-0.00495405514093261,,False,-0.002630874434413434,,False
108,1.8,1.8,51839,0.006953978089589342,2.3442482794538364,-0.005671218270520988,-0.014306044578552224,True,-0.004756971899837457,-0.010247981548309304,True,-0.0025581867079182944,-0.010533487796783425,True
109,1.8166666666666667,1.8166666666666667,51831,0.006916226507847839,2.3446802795053343,-0.005794599830761386,,False,-0.004551485368439148,,False,-0.002532377989214157,,False
110,1.8333333333333333,1.8333333333333333,51817,0.006928088971921256,2.3429522792993422,-0.00591598421840738,-0.01444289684295652,True,-0.00433973947588414,-0.009973591566085793,True,-0.0025051386896671963,-0.010490423440933205,True
111,1.85,1.8499999999999999,51805,0.006956300680572752,2.3420882791963464,-0.006032809357911036,,False,-0.004124894976635223,,False,-0.002464190234049187,,False
112,1.8666666666666667,1.8666666666666667,51816,0.006982048196690944,2.3425202792478443,-0.00614957488284292,-0.014562016725540139,True,-0.003907605773304058,-0.009693717956542947,True,-0.0024658591042993083,-0.01048505902290342,True
113,1.8833333333333333,1.8833333333333333,51809,0.007025887053330765,2.3436002793765893,-0.006261274013572857,,False,-0.003691151849496984,,False,-0.0024632365697805736,,False
114,1.9,1.9,51803,0.007028414027850476,2.342736279273593,-0.00636784713552907,-0.014672791957855202,True,-0.00347508499820694,-0.00941151976585386,True,-0.0024720580064851974,-0.010506039857864358,True
115,1.9166666666666667,1.9166666666666667,51789,0.006998878055302351,2.3431682793250914,-0.006468251584784798,,False,-0.0032618195251509596,,False,-0.002476856050674248,,False
116,1.9333333333333333,1.9333333333333333,51779,0.0069690725195371145,2.342304279222095,-0.006559685138706946,-0.014712816476821877,True,-0.0030561239205519155,-0.009138113260269143,True,-0.002527192365868658,-0.010560339689254739,True
117,1.95,1.95,51767,0.006938820789815813,2.3418722791705973,-0.0066481980852514805,,False,-0.002854630214424159,,False,-0.002586975817451631,,False
118,1.9666666666666666,1.9666666666666666,51762,0.006945732544653233,2.3442482794538364,-0.006735488510875083,-0.014780229330062844,True,-0.0026575177571224397,-0.008890068531036355,True,-0.0026643426967518815,-0.010674721002578713,True
119,1.9833333333333334,1.9833333333333334,51762,0.006905620950989701,2.345112279556832,-0.006802395143826188,,False,-0.0024759620009774104,,False,-0.00274945811934459,,False
120,2.0,2.0,51750,0.006944024766749331,2.3453282795825814,-0.006864413381891638,-0.014829373359680154,True,-0.002279504966205616,-0.008678561449050881,True,-0.002840980841804694,-0.010811811685562112,True
121,2.0166666666666666,2.0166666666666666,51736,0.0069097975005172115,2.345112279556832,-0.006915107553396511,,False,-0.0020841806082975704,,False,-0.002934292001418084,,False
122,2.033333333333333,2.033333333333333,51730,0.006847327354573089,2.343816279402338,-0.0069511088439561265,-0.014858192205429055,True,-0.0019038765892800359,-0.008479541540145852,True,-0.00302810980045167,-0.01095149517059324,True
123,2.05,2.05,51724,0.00684388425912769,2.3431682793250914,-0.006970569201845418,,False,-0.0017317086927114088,,False,-0.0031284539596163974,,False
124,2.066666666666667,2.0666666666666664,51718,0.006848261796687804,2.3440322794280872,-0.006976619658681191,-0.014833456277847268,True,-0.001568421678539374,-0.008314704895019509,True,-0.0032635481788526642,-0.011100685596466042,True
125,2.0833333333333335,2.0833333333333335,51708,0.0068834147536265275,2.3442482794538364,-0.006963893551965125,,False,-0.0014092176714546887,,False,-0.0033579023401524295,,False
126,2.1,2.1,51692,0.0068802390902359374,2.343816279402338,-0.0069389192683860495,-0.014732396602630593,True,-0.001261398189901391,-0.008179521560668923,True,-0.0033930389661015786,-0.011223471164703347,True
127,2.1166666666666667,2.1166666666666667,51678,0.006913663567548878,2.3440322794280872,-0.006884977031558307,,False,-0.0011362582531133023,,False,-0.0034566370747590052,,False
128,2.1333333333333333,2.1333333333333333,51668,0.006919717991403187,2.344896279531083,-0.006808861889385551,-0.014554476737976052,True,-0.0010425002375312993,-0.00810778737068174,True,-0.0035215765957212993,-0.011308825016021706,True
129,2.15,2.15,51656,0.006858032383569215,2.3440322794280872,-0.006704285940023745,,False,-0.0009700209087176671,,False,-0.0035349280643616906,,False
130,2.1666666666666665,2.1666666666666665,51649,0.006863390759216003,2.343816279402338,-0.0065673740674276285,-0.014285004138946511,True,-0.0009157807679108503,-0.008068776130676247,True,-0.003613874138734688,-0.011357581615447976,True
131,2.183333333333333,2.183333333333333,51639,0.006733156574118901,2.344464279479585,-0.006413563912490143,,False,-0.0008756964702638869,,False,-0.003631815253882623,,False
132,2.2,2.2,51631,0.0066551484451776236,2.343816279402338,-0.006227508353894755,-0.013932532072067239,True,-0.0008502452701105998,-0.008045947551727273,True,-0.0036357195861344495,-0.011380052566528298,True
133,2.216666666666667,2.216666666666667,51625,0.006634428705183739,2.3425202792478443,-0.006006792410405198,,False,-0.0008272975442123014,,False,-0.0036352722235264176,,False
134,2.2333333333333334,2.2333333333333334,51615,0.006539526189607822,2.3442482794538364,-0.005569442854994213,-0.01350436210632322,True,-0.0008127242301702079,-0.008051520586013772,True,-0.00362588470170963,-0.011379158496856667,True
135,2.25,2.25,51607,0.006450262938938009,2.346624279737075,-0.005275562606194922,,False,-0.0007934719322028095,,False,-0.003607377332569724,,False
136,2.2666666666666666,2.2666666666666666,51601,0.006380033054551893,2.3468402797628243,-0.004981056151072274,-0.013027256727218606,True,-0.000810399599630548,-0.008076971769332864,True,-0.003582700952969722,-0.01135337948799131,True
137,2.283333333333333,2.283333333333333,51593,0.006301677762841196,2.3474882798400714,-0.0046673266141887895,,False,-0.0008336156755417426,,False,-0.003552958179167773,,False
138,2.3,2.3,51588,0.006338053633781207,2.345976279659828,-0.004332855597202149,-0.01247218847274778,True,-0.0008800476584843256,-0.008100128173828103,True,-0.003522887947420571,-0.011315798759460427,True
139,2.316666666666667,2.3166666666666664,51578,0.006378934429323416,2.346624279737075,-0.003984585580087279,,False,-0.000886365789813767,,False,-0.003492280677887962,,False
140,2.3333333333333335,2.3333333333333335,51573,0.006374672601969612,2.3453282795825814,-0.003625139435122524,-0.011890834569931008,True,-0.0009155423096237454,-0.008115208148956277,True,-0.003455653856524214,-0.01127386689186094,True
141,2.35,2.35,51571,0.006294003341599004,2.344464279479585,-0.003678277297430804,,False,-0.0009409636180512412,,False,-0.0034117549018027973,,False
142,2.3666666666666667,2.3666666666666667,51558,0.006338863548084879,2.3464082797113264,-0.003257468505810328,-0.011346882581710793,True,-0.0009637325002342107,-0.008120244741439797,True,-0.0033683330325353987,-0.01121658682823179,True
143,2.3833333333333333,2.3833333333333333,51552,0.006430749146691647,2.344896279531083,-0.002836748882727807,,False,-0.0009901969792278872,,False,-0.003318354404771646,,False
144,2.4,2.4,51540,0.006573144555505404,2.345112279556832,-0.0024196655796438296,-0.010853058099746682,True,-0.0010152609379843387,-0.008126592636108376,True,-0.0032614620066001095,-0.011143690347671487,True
145,2.4166666666666665,2.4166666666666665,51534,0.006304061983773651,2.3442482794538364,-0.002012476268917029,,False,-0.0010755807518334918,,False,-0.0032054335975198116,,False
146,2.433333333333333,2.433333333333333,51524,0.005994667823628244,2.3431682793250914,-0.0016198604411121276,-0.010438627004623391,True,-0.0011257975001247359,-0.008144354820251443,True,-0.003160193737132947,-0.011079287528991677,True
147,2.45,2.45,51518,0.005644590290533188,2.3446802795053343,-0.0012100489336262055,,False,-0.001174822463619875,,False,-0.0031273515122380536,,False
148,2.466666666666667,2.466666666666667,51508,0.005350202481284248,2.3446802795053343,-0.0009582489729096368,-0.010123199224472024,True,-0.0012217610859826529,-0.00815654397010801,True,-0.003100976201782332,-0.011050587892532326,True
149,2.4833333333333334,2.4833333333333334,51498,0.0051713097605306365,2.34554427960833,-0.0007568746648052393,,False,-0.0012684018043663562,,False,-0.003075167483078194,,False
150,2.5,2.5,51492,0.005030063912891177,2.347272279814322,-0.000615611772868488,-0.009922957420349099,True,-0.0013146250518678185,-0.008165067434310891,True,-0.0030506103326217436,-0.011028206348419167,True
151,2.5166666666666666,2.5166666666666666,51483,0.004910925244618655,2.346624279737075,-0.000543758312618603,,False,-0.0013650805962057808,,False,-0.003024235528805442,,False
152,2.533333333333333,2.533333333333333,51477,0.00506563256305502,2.342736279273593,-0.0005494206836585054,-0.009885793924331643,True,-0.001415178115353472,-0.008179610967636086,True,-0.0029960125043842693,-0.010998642444610573,True
153,2.55,2.55,51471,0.0051658882192637924,2.343816279402338,-0.0006162970871242046,,False,-0.00146020957805883,,False,-0.002971366185389865,,False
154,2.566666666666667,2.5666666666666664,51467,0.005011908557577696,2.3420882791963464,-0.0007862001366047552,-0.010027593374252297,True,-0.0014976412805814614,-0.00818551182746885,True,-0.0029516665248144345,-0.010975992679595925,True
155,2.5833333333333335,2.5833333333333335,51465,0.0048744414362244595,2.3420882791963464,-0.0009867102867381077,,False,-0.0015298277451868169,,False,-0.0029406993012854802,,False
156,2.6,2.6,51465,0.004706601005777098,2.3446802795053343,-0.0012445895827373986,-0.010299390554428078,True,-0.0015552789453401037,-0.008176153898239114,True,-0.002937272223367477,-0.010974442958831765,True
157,2.6166666666666667,2.6166666666666667,51465,0.004552976018283019,2.344464279479585,-0.0015156418414213656,,False,-0.0015721767210420505,,False,-0.002934738857386697,,False
158,2.6333333333333333,2.6333333333333333,51453,0.0046340244810092164,2.343816279402338,-0.001802459367823337,-0.010614341497421242,True,-0.0015838295965863352,-0.008151596784591653,True,-0.002922371113620517,-0.010981208086013772,True
159,2.65,2.65,51451,0.004612361722484697,2.342304279222095,-0.0021041185582802986,,False,-0.0015901772818819543,,False,-0.002933785193118083,,False
160,2.6666666666666665,2.6666666666666665,51448,0.004514001746594889,2.3436002793765893,-0.0024115593489207154,-0.010969823598861672,True,-0.0015913992961634643,-0.008119499683380105,True,-0.002936705800495699,-0.011000400781631448,True
161,2.683333333333333,2.683333333333333,51444,0.004615958998163727,2.3442482794538364,-0.0027165858338440976,,False,-0.0015886872553471615,,False,-0.0029427854735380355,,False
162,2.7,2.7,51447,0.004515933387036118,2.344464279479585,-0.00301660604577673,-0.011336094141006448,True,-0.0015850813337138295,-0.008083707094192483,True,-0.002943649969268694,-0.011018371582031228,True
163,2.716666666666667,2.716666666666667,51445,0.004333229787637875,2.342736279273593,-0.003277644407440742,,False,-0.0015935748058337799,,False,-0.002945914985236577,,False
164,2.7333333333333334,2.7333333333333334,51442,0.004216400385349402,2.3429522792993422,-0.0035572798134220333,-0.011571979522705056,True,-0.0016108304378461909,-0.00807196497917173,True,-0.0029410569887161372,-0.011026328802108742,True
165,2.75,2.75,51438,0.004176101251174463,2.3436002793765893,-0.0038064271790142694,,False,-0.001635417311148626,,False,-0.002934768917992295,,False
166,2.7666666666666666,2.7666666666666666,51438,0.004039587010841673,2.3431682793250914,-0.004026159397629615,-0.011896675825118996,True,-0.0016636401666899913,-0.008082634210586526,True,-0.002878800123483774,-0.011025762557983376,True
167,2.783333333333333,2.783333333333333,51434,0.00398700900843817,2.3442482794538364,-0.004222646661886813,,False,-0.0017004758923746667,,False,-0.0028630345180061544,,False
168,2.8,2.8,51433,0.003996472927798654,2.3440322794280872,-0.004388764777138893,-0.01216883063316343,True,-0.001742914374527468,-0.008116161823272683,True,-0.002839192573531213,-0.011004781723022439,True
169,2.816666666666667,2.8166666666666664,51433,0.004082740447558422,2.340144278964605,-0.004531249176717732,,False,-0.0017895848157571561,,False,-0.0028144868088448394,,False
170,2.8333333333333335,2.8333333333333335,51430,0.004220038949952169,2.3386322787843623,-0.004642263330951565,-0.012375360727310158,True,-0.0018391758643644595,-0.008165156841278054,True,-0.002781078161078167,-0.01097152233123777,True
171,2.85,2.85,51432,0.004224026089307704,2.3407922790418523,-0.004728272803241109,,False,-0.001894757079716532,,False,-0.0027426034568691624,,False
172,2.8666666666666667,2.8666666666666667,51427,0.00425226074556874,2.341656279144848,-0.00478480734510218,-0.012524640560150124,True,-0.001951202621919456,-0.008227056264877297,True,-0.002680882616143364,-0.010902291536331155,True
173,2.8833333333333333,2.8833333333333333,51427,0.004360148620374659,2.3414402791190994,-0.004824563678164473,,False,-0.0020176917839883203,,False,-0.00262908633501976,,False
174,2.9,2.9,51431,0.004508727433253125,2.3392802788616094,-0.0048315080158172746,-0.01261121630668638,True,-0.002086862757388081,-0.00830796957015989,True,-0.002580329721537517,-0.010836637020111062,True
175,2.9166666666666665,2.9166666666666665,51433,0.004605996152801434,2.3392802788616094,-0.004817530340853523,,False,-0.0021628586704172843,,False,-0.0025282351986752245,,False
176,2.933333333333333,2.933333333333333,51430,0.004733540507667154,2.3399282789388565,-0.004785999467657898,-0.012650823593139626,True,-0.0022437125799669284,-0.008408612012863137,True,-0.0024720580064851974,-0.010764425992965676,True
177,2.95,2.95,51429,0.004845472951828226,2.3394962788873586,-0.004730090287721155,,False,-0.0023220626775019705,,False,-0.0024222582224367726,,False
178,2.966666666666667,2.966666666666667,51427,0.004944530061412699,2.340576279016103,-0.00466974108878563,-0.012650734186172463,True,-0.002404585626181542,-0.008526033163070657,True,-0.0023732335967012476,-0.01068187355995176,True
179,2.9833333333333334,2.9833333333333334,51430,0.005106968667710544,2.3418722791705973,-0.004599943909062508,,False,-0.0024853197999482137,,False,-0.0023260266243255736,,False
180,3.0,3.0,51430,0.005237073716273672,2.340144278964605,-0.004503086442387564,-0.012627458572387673,True,-0.0025676338443068585,-0.008637166023254372,True,-0.0022877304260722838,-0.010566210746765115,True
