sample,absolute_seconds,G1_solver_sdf_eta_m,G1_display_mesh_eta_m,G2_solver_sdf_eta_m,G2_display_mesh_eta_m,G3_solver_sdf_eta_m,G3_display_mesh_eta_m,piston_displacement_m,piston_analytic_velocity_m_s,actual_collision_vx_m_s,particle_count,negative_voxel_proxy_m3
0,0.0,-1.20693817730537e-06,-0.013189262151718117,-1.20693817730537e-06,-0.010983383655548073,-1.20693817730537e-06,-0.012592828273773171,0.0,0.0,0.0,53500,2.1559048237709213
1,0.016666666666666666,-0.0041009631881031,,-0.0025801809384277865,,-0.0007562786879672836,,0.0,0.0,0.0,53312,2.3453282795825814
2,0.03333333333333333,-0.004162326679157852,-0.013224160671234109,-0.0026217849854555278,-0.010952478647232033,-0.0008570700408602357,-0.012616491317749001,0.0,0.0,0.0,53310,2.3440322794280872
3,0.05,-0.004256710225543987,,-0.0026666075438399584,,-0.0009845048853419996,,0.0,0.0,0.0,53309,2.3425202792478443
4,0.06666666666666667,-0.004378453145019671,-0.013381487131118752,-0.002709552496533148,-0.010910993814468362,-0.0011277348892675602,-0.01264328360557554,0.0,0.0,0.0,53303,2.3410082790676014
5,0.08333333333333333,-0.004522487354584886,,-0.0027474911762355877,,-0.0012798754984356983,,0.0,0.0,0.0,53287,2.340144278964605
6,0.1,-0.0046830329428542445,-0.013522660732269265,-0.002776786587429505,-0.010832047462463357,-0.0014352351255999462,-0.012653684616088845,0.0,0.0,0.0,53273,2.3403602789903544
7,0.11666666666666667,-0.0048543366814518246,,-0.0027939527131443484,,-0.0015883594596422961,,0.0,0.0,0.0,53263,2.3410082790676014
8,0.13333333333333333,-0.005029424847638454,-0.013662701845169045,-0.002798810709664789,-0.010704970359802224,-0.0017422883370839144,-0.012641614675521828,0.0,0.0,0.0,53251,2.3399282789388565
9,0.15,-0.0052051696185136526,,-0.002789422681208581,,-0.0018933264988737087,,0.0,0.0,0.0,53241,2.3397122789131073
10,0.16666666666666666,-0.005376085440195171,-0.013798213005065896,-0.0027650148205012816,-0.010535812377929665,-0.0020415337284632623,-0.012613898515701272,0.0,0.0,0.0,53227,2.3392802788616094
11,0.18333333333333332,-0.00553466408535553,,-0.002723172484066242,,-0.0021833927661177757,,0.0,0.0,0.0,53207,2.3397122789131073
12,0.2,-0.005678519451205413,-0.013909852504730202,-0.0026538817748835088,-0.01027247905731199,-0.0023151190153683954,-0.012626922130584695,0.0,0.0,0.0,53193,2.3403602789903544
13,0.21666666666666667,-0.005803004134343382,,-0.0025724918408272994,,-0.0024419577141323967,,0.0,0.0,0.0,53181,2.3425202792478443
14,0.23333333333333334,-0.0059016498692918105,-0.013982361555099465,-0.0024555771950260704,-0.009995645284652688,-0.0025616734004080747,-0.012600129842758157,0.0,0.0,0.0,53161,2.3429522792993422
15,0.25,-0.005967393764773567,,-0.002308324136344551,,-0.0026728660605976236,,0.0,0.0,0.0,53142,2.344896279531083
16,0.26666666666666666,-0.005998924637969189,-0.01399601101875303,-0.002132937221779813,-0.009669309854507424,-0.002775326452620504,-0.012570506334304787,0.0,0.0,0.0,53133,2.3464082797113264
17,0.2833333333333333,-0.00599376839971006,,-0.0019321887822391628,,-0.0028703063136042094,,0.0,0.0,0.0,53123,2.348568279968816
18,0.3,-0.005967542379003491,-0.01396301984786985,-0.0017065256736912113,-0.009279525279998757,-0.0029576271375930246,-0.012544846534728982,0.0,0.0,0.0,53100,2.348136279917318
19,0.31666666666666665,-0.005901977158357257,,-0.0014580041766627228,,-0.0030389577948370717,,0.0,0.0,0.0,53094,2.348568279968816
20,0.3333333333333333,-0.005790010353133651,-0.013882166147232033,-0.0011286289389643967,-0.008949911594390847,-0.003116294613531725,-0.012538230419158913,0.0,0.0,0.0,53082,2.349216280046063
21,0.35,-0.005633875567656505,,-0.0011137573831836154,,-0.003200694830142925,,0.0,0.0,0.0,53062,2.348352279943067
22,0.36666666666666664,-0.005456968903710993,-0.01376155614852903,-0.0010801107837692591,-0.008675581216812112,-0.003274008594081618,-0.012568211555480935,0.0,0.0,0.0,53042,2.349216280046063
23,0.38333333333333336,-0.005246594821826064,,-0.0010681897270918847,,-0.003334060395677488,,0.0,0.0,0.0,53022,2.348352279943067
24,0.4,-0.005010083550012907,-0.01359591484069822,-0.0010972470177583109,-0.008503979444503762,-0.0034001023640181263,-0.012618547677993752,0.0,0.0,0.0,53004,2.348784279994565
25,0.4166666666666667,-0.0047576872746987724,,-0.0011589676896043028,,-0.0034612267212665486,,0.0,0.0,0.0,52994,2.34770427986582
26,0.43333333333333335,-0.004484936422918702,-0.013396745920181252,-0.001226112105323285,-0.008420890569686867,-0.0035135299795699608,-0.01267690062522886,0.0,0.0,0.0,52976,2.348352279943067
27,0.45,-0.004214301972876592,,-0.0011999755909142809,,-0.0035608561810891877,,0.0,0.0,0.0,52962,2.348352279943067
28,0.4666666666666667,-0.003940418613112577,-0.013198888301849343,-0.0011514871585651277,-0.00836253762245176,-0.003603532952649287,-0.012737607955932595,0.0,0.0,0.0,52953,2.348568279968816
29,0.48333333333333334,-0.003669068112689924,,-0.001084223513702593,,-0.003643766202285788,,0.0,0.0,0.0,52954,2.3490002800203142
30,0.5,-0.0034009367991431868,-0.012983536720275857,-0.001003846520727159,-0.008342808485031106,-0.0036825687021996593,-0.012834852933883645,0.0,0.0,0.0,52936,2.3490002800203142
31,0.5166666666666667,-0.0031398980997195615,,-0.0009136050893607276,,-0.0037183911490439457,,0.0,0.0,0.0,52914,2.349648280097561
32,0.5333333333333333,-0.0028886944536005623,-0.012760347127914407,-0.0009683221467417546,-0.008395230770111062,-0.003748699839078252,-0.012904918193817116,0.0,0.0,0.0,52906,2.350296280174808
33,0.55,-0.0026515275903776707,,-0.0009748785674784939,,-0.0037735255084274054,,0.0,0.0,0.0,52892,2.349648280097561
34,0.5666666666666667,-0.002433911097981058,-0.01255146265029905,-0.0009928792971982043,-0.008507049083709695,-0.0037994233956694973,-0.012975281476974465,0.0,0.0,0.0,52884,2.348784279994565
35,0.5833333333333334,-0.002238765414908534,,-0.001032039484542733,,-0.0038203151788006456,,0.0,0.0,0.0,52868,2.348136279917318
36,0.6,-0.002069994704532119,-0.012369757890701272,-0.0010833590179719342,-0.008659398555755593,-0.0038353650716573353,-0.013037776947021462,0.0,0.0,0.0,52850,2.348784279994565
37,0.6166666666666667,-0.001936569862185393,,-0.001146569885232525,,-0.003850564254263177,,0.0,0.0,0.0,52838,2.34770427986582
38,0.6333333333333333,-0.001830324535934045,-0.012240564823150613,-0.001218363562030827,-0.008831506967544533,-0.003859475366145174,-0.013081198930740334,0.0,0.0,0.0,52818,2.347272279814322
39,0.65,-0.0017484872392698031,,-0.0013066083274422711,,-0.003866180738871451,,0.0,0.0,0.0,52810,2.348136279917318
40,0.6666666666666666,-0.0016844123829179735,-0.012141382694244363,-0.0014019458758566345,-0.009035950899124123,-0.003866389474312572,-0.013108438253402688,0.0,0.0,0.0,52798,2.3474882798400714
41,0.6833333333333333,-0.001643762000158846,,-0.001504555388748858,,-0.00386472060406245,,0.0,0.0,0.0,52782,2.34770427986582
42,0.7,-0.0016255229810318373,-0.012071645259857156,-0.0016140192263568963,-0.009217357635498025,-0.003862038454971939,-0.013121134042739846,0.0,0.0,0.0,52754,2.349432280071812
43,0.7166666666666667,-0.001617983004300693,,-0.0017210991566131116,,-0.003856793217054664,,0.0,0.0,0.0,52742,2.349432280071812
44,0.7333333333333333,-0.0016195924288588447,-0.012010788917541482,-0.0018233807049206634,-0.009370213747024514,-0.003851219845672909,-0.013124531507492043,0.0,0.0,0.0,52736,2.3490002800203142
45,0.75,-0.001629903892098261,,-0.0019234568518321075,,-0.0038469284409040527,,0.0,0.0,0.0,52724,2.350512280200557
46,0.7666666666666667,-0.0016406328262199166,-0.011953091621398904,-0.0020196587270973217,-0.009499228000640847,-0.003844246122933735,-0.013121044635772683,0.0,0.0,0.0,52712,2.34986428012331
47,0.7833333333333333,-0.0016451327975500864,,-0.002104893378833583,,-0.003842309240430331,,0.0,0.0,0.0,52698,2.351160280277804
48,0.8,-0.001639649270225512,-0.011883383989334084,-0.0021771041887545125,-0.009566223621368386,-0.0038409678281254617,-0.013111060857772805,0.0,0.0,0.0,52680,2.349432280071812
49,0.8166666666666667,-0.0016239434481994768,,-0.0022298543030265365,,-0.0038441268937901827,,0.0,0.0,0.0,52670,2.3490002800203142
50,0.8333333333333334,-0.001593425853844243,-0.011804854869842507,-0.0022651106647586586,-0.009592568874359109,-0.0038327425371386015,-0.013102269172668435,0.0,0.0,0.0,52664,2.349432280071812
51,0.85,-0.0015483648371727066,,-0.00228662797869394,,-0.003841713263592375,,0.0,0.0,0.0,52650,2.349432280071812
52,0.8666666666666667,-0.0014876574441671049,-0.01171532869338987,-0.0022848098186946677,-0.009564197063446023,-0.003852322799690673,-0.013094013929367043,0.0,0.0,0.0,52641,2.3479202798915693
53,0.8833333333333333,-0.0014317482642303599,,-0.002267077607867661,,-0.0038652865202948076,,0.0,0.0,0.0,52625,2.349432280071812
54,0.9,-0.0013784915105381412,-0.011640107631683327,-0.002234593070403424,-0.009482985734939553,-0.0038851349639799685,-0.013088589906692483,0.0,0.0,0.0,52611,2.350296280174808
55,0.9166666666666666,-0.001328125641377553,,-0.002185866179767166,,-0.003910168693251014,,0.0,0.0,0.0,52597,2.350296280174808
56,0.9333333333333333,-0.0012752562979619765,-0.011550313234329201,-0.002118125618330421,-0.009308522939681985,-0.003936305883179244,-0.013089126348495461,0.0,0.0,0.0,52594,2.350944280252055
57,0.95,-0.0012188404786050368,,-0.002038225373049391,,-0.003969236938852481,,0.0,0.0,0.0,52588,2.348136279917318
58,0.9666666666666667,-0.0011774747209845945,-0.011492049694061257,-0.0019546898210486565,-0.009142136573791482,-0.0040206757014252335,-0.013108944892883279,0.0,0.0,0.0,52572,2.34770427986582
59,0.9833333333333333,-0.0011355430471317943,,-0.0018484443259175016,,-0.004072889453431079,,0.0,0.0,0.0,52554,2.349216280046063
60,1.0,-0.0010974853071656094,-0.011484539508819558,-0.0017293840621717487,-0.008940523862838723,-0.004131361553314781,-0.013144648075103738,0.0,0.0,0.0,52543,2.3479202798915693
61,1.0166666666666666,-0.0010732858441398164,,-0.0016124099706785514,,-0.004202261855935472,,0.0,0.0,0.0,52523,2.34986428012331
62,1.0333333333333334,-0.0010657161445626877,-0.011481738090515115,-0.0014859586821911919,-0.008770024776458718,-0.004278227370599463,-0.013209617137908913,0.0,0.0,0.0,52509,2.348568279968816
63,1.05,-0.0010810345563120809,,-0.0013531595395284064,,-0.004352673642522098,,0.0,0.0,0.0,52501,2.348136279917318
64,1.0666666666666667,-0.0011227576636035678,-0.011525934934616067,-0.0012239367645327753,-0.008563017845153786,-0.004426225864747894,-0.013270711898803689,0.0,0.0,0.0,52494,2.347272279814322
65,1.0833333333333333,-0.0011764915027498032,,-0.001099809937705269,,-0.004505828206049849,,0.0,0.0,0.0,52472,2.346624279737075
66,1.1,-0.0012467949841335059,-0.011607861518859841,-0.0009895116649721709,-0.008438086509704568,-0.004588082635836717,-0.013337856531143166,0.0,0.0,0.0,52460,2.345976279659828
67,1.1166666666666667,-0.0013562290988955593,,-0.0009110420005339628,,-0.004674658024358621,,0.0,0.0,0.0,52430,2.344896279531083
68,1.1333333333333333,-0.0014899819058269582,-0.011750286817550637,-0.0008625537370646164,-0.008337175846099831,-0.004762783898386124,-0.013410663604736306,0.0,0.0,0.0,52410,2.345112279556832
69,1.15,-0.0016399176202384087,,-0.0008502452701105998,,-0.004852637412836491,,0.0,0.0,0.0,52396,2.344464279479585
70,1.1666666666666667,-0.0018069595080333132,-0.011928206682205178,-0.0008704811240724027,-0.008313125371932961,-0.0049386175000396635,-0.01349413990974424,0.0,0.0,0.0,52388,2.345112279556832
71,1.1833333333333333,-0.001984760052795858,,-0.0009328573873281262,,-0.0050449815487951435,,0.0,0.0,0.0,52378,2.3457602796340793
72,1.2,-0.0021727234465678956,-0.012129789590835549,-0.0010303408914466268,-0.008362567424774148,-0.005128517945194913,-0.013566470146179177,0.0,0.0,0.0,52366,2.344896279531083
73,1.2166666666666666,-0.0023694783853187643,,-0.0011659414123434755,,-0.005206242511925819,,0.0,0.0,0.0,52348,2.344464279479585
74,1.2333333333333334,-0.002568647123147248,-0.012345141172409035,-0.0013312847070422735,-0.008492982387542702,-0.005276873957894192,-0.013092195987701394,0.0,0.0,0.0,52330,2.344896279531083
75,1.25,-0.0027742234986027404,,-0.001525119038415527,,-0.005335375442864269,,0.0,0.0,0.0,52320,2.346192279685577
76,1.2666666666666666,-0.0029775350269701547,-0.012559777498245217,-0.0017448217030646947,-0.008684849739074685,-0.00537790376907425,-0.01311150789260862,0.0,0.0,0.0,52314,2.348352279943067
77,1.2833333333333334,-0.0030595214445037406,,-0.0019848792819394108,,-0.005414262578184717,,0.0,0.0,0.0,52301,2.345976279659828
78,1.3,-0.003234103477909597,-0.012760376930236794,-0.0022390038731956393,-0.008936500549316384,-0.005432054234703691,-0.013136780261993386,0.0,0.0,0.0,52279,2.347272279814322
79,1.3166666666666667,-0.0034010560282867392,,-0.002483650929698092,,-0.0054461511388109955,,0.0,0.0,0.0,52261,2.346624279737075
80,1.3333333333333333,-0.0035174042512161894,-0.012946522235870339,-0.002756103708619284,-0.00922415256500242,-0.005440429153199316,-0.013049370050430276,0.0,0.0,0.0,52253,2.343816279402338
81,1.35,-0.003667250459330073,,-0.0030305536601348826,,-0.005418404693204419,,0.0,0.0,0.0,52239,2.3440322794280872
82,1.3666666666666667,-0.003797426898594317,-0.013070678710937478,-0.0033075658560782133,-0.009510552883148171,-0.005376979489892008,-0.01292259097099302,0.0,0.0,0.0,52219,2.343816279402338
83,1.3833333333333333,-0.003922924185053451,,-0.0035757868448023254,,-0.005317017194593706,,0.0,0.0,0.0,52199,2.344896279531083
84,1.4,-0.004036858946664898,-0.013204073905944802,-0.003835156673975829,-0.009789830446243264,-0.005257651045013165,-0.0127460718154907,0.0,0.0,0.0,52181,2.3440322794280872
85,1.4166666666666667,-0.004138633348912835,,-0.004077866847974877,,-0.005161985532014133,,0.0,0.0,0.0,52167,2.3429522792993422
86,1.4333333333333333,-0.004231646942306764,-0.013295716047286965,-0.004307553011278786,-0.010041987895965554,-0.00508208596225233,-0.012561506032943703,0.0,0.0,0.0,52153,2.3431682793250914
87,1.45,-0.00431387097372842,,-0.004528567027627222,,-0.004988953308594654,,0.0,0.0,0.0,52135,2.3436002793765893
88,1.4666666666666666,-0.004387572654583175,-0.013368731737136819,-0.004739567484715317,-0.010283654928207375,-0.00488521179435791,-0.012350267171859719,0.0,0.0,0.0,52111,2.343816279402338
89,1.4833333333333334,-0.0044519749688802564,,-0.004913345143601706,,-0.004768714112799503,,0.0,0.0,0.0,52083,2.343816279402338
90,1.5,-0.004235819286811875,-0.013428366184234597,-0.005059078621782256,-0.010480588674545266,-0.004638746577856187,-0.012103295326232888,0.0,0.0,0.0,52073,2.342304279222095
91,1.5166666666666666,-0.0042805520011391235,,-0.005201861094219976,,-0.004500404293297053,,0.0,0.0,0.0,52069,2.3436002793765893
92,1.5333333333333334,-0.0043279680467155305,-0.013498729467391946,-0.005341693574193708,-0.010712063312530495,-0.0043548194293464276,-0.01185098886489866,0.0,0.0,0.0,52062,2.3442482794538364
93,1.55,-0.0043970498515773365,,-0.0054713042661054,,-0.004213318079122574,,0.0,0.0,0.0,52058,2.3431682793250914
94,1.5666666666666667,-0.004461988528140599,-0.013574397563934304,-0.005575374082686432,-0.010905271768569924,-0.004068866567554926,-0.011601036787033059,0.0,0.0,0.0,52038,2.342736279273593
95,1.5833333333333333,-0.004531756322777346,,-0.005663171654369649,,-0.003936663570609903,,0.0,0.0,0.0,52016,2.3425202792478443
96,1.6,-0.004600063138206061,-0.0136615991592407,-0.005723610697362354,-0.011006897687911965,-0.0037850588170685235,-0.011343336105346657,0.0,0.0,0.0,51997,2.3431682793250914
97,1.6166666666666667,-0.004667803361883192,,-0.005760088735616372,,-0.0036814363630955243,,0.0,0.0,0.0,51983,2.3431682793250914
98,1.6333333333333333,-0.004740401919840376,-0.013750559091567971,-0.005771741104521236,-0.011023825407028176,-0.003522053512295509,-0.011108553409576394,0.0,0.0,0.0,51963,2.3425202792478443
99,1.65,-0.0048124043320798005,,-0.005764380309265033,,-0.0033828170091597305,,0.0,0.0,0.0,51931,2.3429522792993422
100,1.6666666666666667,-0.004886433301999999,-0.013843333721160866,-0.005745276625527561,-0.010986483097076394,-0.003183379921318351,-0.010905927419662453,0.0,0.0,0.0,51913,2.3431682793250914
101,1.6833333333333333,-0.004966452945304388,,-0.005726679918969895,,-0.003076299991062135,,0.0,0.0,0.0,51901,2.3431682793250914
102,1.7,-0.005051568367897096,-0.013952857255935647,-0.005633756338512952,-0.010900354385375954,-0.0029642732335071393,-0.010752147436141946,0.0,0.0,0.0,51895,2.3436002793765893
103,1.7166666666666666,-0.005142018028065225,,-0.005533054660797376,,-0.002900436666562608,,0.0,0.0,0.0,51881,2.342736279273593
104,1.7333333333333334,-0.0052379814450433364,-0.014060235023498513,-0.005411967332731426,-0.010729914903640725,-0.002825573261517346,-0.010665273666381814,0.0,0.0,0.0,51877,2.3431682793250914
105,1.75,-0.005335017755433611,,-0.005271867178264023,,-0.002736702627542155,,0.0,0.0,0.0,51863,2.3436002793765893
106,1.7666666666666666,-0.005440279525690551,-0.014175838232040383,-0.005120023797555733,-0.010532504320144631,-0.002674802943101028,-0.010593569278717019,0.0,0.0,0.0,51861,2.344896279531083
107,1.7833333333333334,-0.005548790374549204,,-0.00495405514093261,,-0.002630874434413434,,0.0,0.0,0.0,51849,2.344464279479585
108,1.8,-0.005671218270520988,-0.014306044578552224,-0.004756971899837457,-0.010247981548309304,-0.0025581867079182944,-0.010533487796783425,0.0,0.0,0.0,51839,2.3442482794538364
109,1.8166666666666667,-0.005794599830761386,,-0.004551485368439148,,-0.002532377989214157,,0.0,0.0,0.0,51831,2.3446802795053343
110,1.8333333333333333,-0.00591598421840738,-0.01444289684295652,-0.00433973947588414,-0.009973591566085793,-0.0025051386896671963,-0.010490423440933205,0.0,0.0,0.0,51817,2.3429522792993422
111,1.85,-0.006032809357911036,,-0.004124894976635223,,-0.002464190234049187,,0.0,0.0,0.0,51805,2.3420882791963464
112,1.8666666666666667,-0.00614957488284292,-0.014562016725540139,-0.003907605773304058,-0.009693717956542947,-0.0024658591042993083,-0.01048505902290342,0.0,0.0,0.0,51816,2.3425202792478443
113,1.8833333333333333,-0.006261274013572857,,-0.003691151849496984,,-0.0024632365697805736,,0.0,0.0,0.0,51809,2.3436002793765893
114,1.9,-0.00636784713552907,-0.014672791957855202,-0.00347508499820694,-0.00941151976585386,-0.0024720580064851974,-0.010506039857864358,0.0,0.0,0.0,51803,2.342736279273593
115,1.9166666666666667,-0.006468251584784798,,-0.0032618195251509596,,-0.002476856050674248,,0.0,0.0,0.0,51789,2.3431682793250914
116,1.9333333333333333,-0.006559685138706946,-0.014712816476821877,-0.0030561239205519155,-0.009138113260269143,-0.002527192365868658,-0.010560339689254739,0.0,0.0,0.0,51779,2.342304279222095
117,1.95,-0.0066481980852514805,,-0.002854630214424159,,-0.002586975817451631,,0.0,0.0,0.0,51767,2.3418722791705973
118,1.9666666666666666,-0.006735488510875083,-0.014780229330062844,-0.0026575177571224397,-0.008890068531036355,-0.0026643426967518815,-0.010674721002578713,0.0,0.0,0.0,51762,2.3442482794538364
119,1.9833333333333334,-0.006802395143826188,,-0.0024759620009774104,,-0.00274945811934459,,0.0,0.0,0.0,51762,2.345112279556832
120,2.0,-0.006864413381891638,-0.014829373359680154,-0.002279504966205616,-0.008678561449050881,-0.002840980841804694,-0.010811811685562112,0.0,0.0,0.0,51750,2.3453282795825814
121,2.0166666666666666,-0.006915107553396511,,-0.0020841806082975704,,-0.002934292001418084,,0.0,0.0,0.0,51736,2.345112279556832
122,2.033333333333333,-0.0069511088439561265,-0.014858192205429055,-0.0019038765892800359,-0.008479541540145852,-0.00302810980045167,-0.01095149517059324,0.0,0.0,0.0,51730,2.343816279402338
123,2.05,-0.006970569201845418,,-0.0017317086927114088,,-0.0031284539596163974,,0.0,0.0,0.0,51724,2.3431682793250914
124,2.066666666666667,-0.006976619658681191,-0.014833456277847268,-0.001568421678539374,-0.008314704895019509,-0.0032635481788526642,-0.011100685596466042,0.0,0.0,0.0,51718,2.3440322794280872
125,2.0833333333333335,-0.006963893551965125,,-0.0014092176714546887,,-0.0033579023401524295,,0.0,0.0,0.0,51708,2.3442482794538364
126,2.1,-0.0069389192683860495,-0.014732396602630593,-0.001261398189901391,-0.008179521560668923,-0.0033930389661015786,-0.011223471164703347,0.0,0.0,0.0,51692,2.343816279402338
127,2.1166666666666667,-0.006884977031558307,,-0.0011362582531133023,,-0.0034566370747590052,,0.0,0.0,0.0,51678,2.3440322794280872
128,2.1333333333333333,-0.006808861889385551,-0.014554476737976052,-0.0010425002375312993,-0.00810778737068174,-0.0035215765957212993,-0.011308825016021706,0.0,0.0,0.0,51668,2.344896279531083
129,2.15,-0.006704285940023745,,-0.0009700209087176671,,-0.0035349280643616906,,0.0,0.0,0.0,51656,2.3440322794280872
130,2.1666666666666665,-0.0065673740674276285,-0.014285004138946511,-0.0009157807679108503,-0.008068776130676247,-0.003613874138734688,-0.011357581615447976,0.0,0.0,0.0,51649,2.343816279402338
131,2.183333333333333,-0.006413563912490143,,-0.0008756964702638869,,-0.003631815253882623,,0.0,0.0,0.0,51639,2.344464279479585
132,2.2,-0.006227508353894755,-0.013932532072067239,-0.0008502452701105998,-0.008045947551727273,-0.0036357195861344495,-0.011380052566528298,0.0,0.0,0.0,51631,2.343816279402338
133,2.216666666666667,-0.006006792410405198,,-0.0008272975442123014,,-0.0036352722235264176,,0.0,0.0,0.0,51625,2.3425202792478443
134,2.2333333333333334,-0.005569442854994213,-0.01350436210632322,-0.0008127242301702079,-0.008051520586013772,-0.00362588470170963,-0.011379158496856667,0.0,0.0,0.0,51615,2.3442482794538364
135,2.25,-0.005275562606194922,,-0.0007934719322028095,,-0.003607377332569724,,0.0,0.0,0.0,51607,2.346624279737075
136,2.2666666666666666,-0.004981056151072274,-0.013027256727218606,-0.000810399599630548,-0.008076971769332864,-0.003582700952969722,-0.01135337948799131,0.0,0.0,0.0,51601,2.3468402797628243
137,2.283333333333333,-0.0046673266141887895,,-0.0008336156755417426,,-0.003552958179167773,,0.0,0.0,0.0,51593,2.3474882798400714
138,2.3,-0.004332855597202149,-0.01247218847274778,-0.0008800476584843256,-0.008100128173828103,-0.003522887947420571,-0.011315798759460427,0.0,0.0,0.0,51588,2.345976279659828
139,2.316666666666667,-0.003984585580087279,,-0.000886365789813767,,-0.003492280677887962,,0.0,0.0,0.0,51578,2.346624279737075
140,2.3333333333333335,-0.003625139435122524,-0.011890834569931008,-0.0009155423096237454,-0.008115208148956277,-0.003455653856524214,-0.01127386689186094,0.0,0.0,0.0,51573,2.3453282795825814
141,2.35,-0.003678277297430804,,-0.0009409636180512412,,-0.0034117549018027973,,0.0,0.0,0.0,51571,2.344464279479585
142,2.3666666666666667,-0.003257468505810328,-0.011346882581710793,-0.0009637325002342107,-0.008120244741439797,-0.0033683330325353987,-0.01121658682823179,0.0,0.0,0.0,51558,2.3464082797113264
143,2.3833333333333333,-0.002836748882727807,,-0.0009901969792278872,,-0.003318354404771646,,0.0,0.0,0.0,51552,2.344896279531083
144,2.4,-0.0024196655796438296,-0.010853058099746682,-0.0010152609379843387,-0.008126592636108376,-0.0032614620066001095,-0.011143690347671487,0.0,0.0,0.0,51540,2.345112279556832
145,2.4166666666666665,-0.002012476268917029,,-0.0010755807518334918,,-0.0032054335975198116,,0.0,0.0,0.0,51534,2.3442482794538364
146,2.433333333333333,-0.0016198604411121276,-0.010438627004623391,-0.0011257975001247359,-0.008144354820251443,-0.003160193737132947,-0.011079287528991677,0.0,0.0,0.0,51524,2.3431682793250914
147,2.45,-0.0012100489336262055,,-0.001174822463619875,,-0.0031273515122380536,,0.0,0.0,0.0,51518,2.3446802795053343
148,2.466666666666667,-0.0009582489729096368,-0.010123199224472024,-0.0012217610859826529,-0.00815654397010801,-0.003100976201782332,-0.011050587892532326,0.0,0.0,0.0,51508,2.3446802795053343
149,2.4833333333333334,-0.0007568746648052393,,-0.0012684018043663562,,-0.003075167483078194,,0.0,0.0,0.0,51498,2.34554427960833
150,2.5,-0.000615611772868488,-0.009922957420349099,-0.0013146250518678185,-0.008165067434310891,-0.0030506103326217436,-0.011028206348419167,0.0,0.0,0.0,51492,2.347272279814322
151,2.5166666666666666,-0.000543758312618603,,-0.0013650805962057808,,-0.003024235528805442,,0.0,0.0,0.0,51483,2.346624279737075
152,2.533333333333333,-0.0005494206836585054,-0.009885793924331643,-0.001415178115353472,-0.008179610967636086,-0.0029960125043842693,-0.010998642444610573,0.0,0.0,0.0,51477,2.342736279273593
153,2.55,-0.0006162970871242046,,-0.00146020957805883,,-0.002971366185389865,,0.0,0.0,0.0,51471,2.343816279402338
154,2.566666666666667,-0.0007862001366047552,-0.010027593374252297,-0.0014976412805814614,-0.00818551182746885,-0.0029516665248144345,-0.010975992679595925,0.0,0.0,0.0,51467,2.3420882791963464
155,2.5833333333333335,-0.0009867102867381077,,-0.0015298277451868169,,-0.0029406993012854802,,0.0,0.0,0.0,51465,2.3420882791963464
156,2.6,-0.0012445895827373986,-0.010299390554428078,-0.0015552789453401037,-0.008176153898239114,-0.002937272223367477,-0.010974442958831765,0.0,0.0,0.0,51465,2.3446802795053343
157,2.6166666666666667,-0.0015156418414213656,,-0.0015721767210420505,,-0.002934738857386697,,0.0,0.0,0.0,51465,2.344464279479585
158,2.6333333333333333,-0.001802459367823337,-0.010614341497421242,-0.0015838295965863352,-0.008151596784591653,-0.002922371113620517,-0.010981208086013772,0.0,0.0,0.0,51453,2.343816279402338
159,2.65,-0.0021041185582802986,,-0.0015901772818819543,,-0.002933785193118083,,0.0,0.0,0.0,51451,2.342304279222095
160,2.6666666666666665,-0.0024115593489207154,-0.010969823598861672,-0.0015913992961634643,-0.008119499683380105,-0.002936705800495699,-0.011000400781631448,0.0,0.0,0.0,51448,2.3436002793765893
161,2.683333333333333,-0.0027165858338440976,,-0.0015886872553471615,,-0.0029427854735380355,,0.0,0.0,0.0,51444,2.3442482794538364
162,2.7,-0.00301660604577673,-0.011336094141006448,-0.0015850813337138295,-0.008083707094192483,-0.002943649969268694,-0.011018371582031228,0.0,0.0,0.0,51447,2.344464279479585
163,2.716666666666667,-0.003277644407440742,,-0.0015935748058337799,,-0.002945914985236577,,0.0,0.0,0.0,51445,2.342736279273593
164,2.7333333333333334,-0.0035572798134220333,-0.011571979522705056,-0.0016108304378461909,-0.00807196497917173,-0.0029410569887161372,-0.011026328802108742,0.0,0.0,0.0,51442,2.3429522792993422
165,2.75,-0.0038064271790142694,,-0.001635417311148626,,-0.002934768917992295,,0.0,0.0,0.0,51438,2.3436002793765893
166,2.7666666666666666,-0.004026159397629615,-0.011896675825118996,-0.0016636401666899913,-0.008082634210586526,-0.002878800123483774,-0.011025762557983376,0.0,0.0,0.0,51438,2.3431682793250914
167,2.783333333333333,-0.004222646661886813,,-0.0017004758923746667,,-0.0028630345180061544,,0.0,0.0,0.0,51434,2.3442482794538364
168,2.8,-0.004388764777138893,-0.01216883063316343,-0.001742914374527468,-0.008116161823272683,-0.002839192573531213,-0.011004781723022439,0.0,0.0,0.0,51433,2.3440322794280872
169,2.816666666666667,-0.004531249176717732,,-0.0017895848157571561,,-0.0028144868088448394,,0.0,0.0,0.0,51433,2.340144278964605
170,2.8333333333333335,-0.004642263330951565,-0.012375360727310158,-0.0018391758643644595,-0.008165156841278054,-0.002781078161078167,-0.01097152233123777,0.0,0.0,0.0,51430,2.3386322787843623
171,2.85,-0.004728272803241109,,-0.001894757079716532,,-0.0027426034568691624,,0.0,0.0,0.0,51432,2.3407922790418523
172,2.8666666666666667,-0.00478480734510218,-0.012524640560150124,-0.001951202621919456,-0.008227056264877297,-0.002680882616143364,-0.010902291536331155,0.0,0.0,0.0,51427,2.341656279144848
173,2.8833333333333333,-0.004824563678164473,,-0.0020176917839883203,,-0.00262908633501976,,0.0,0.0,0.0,51427,2.3414402791190994
174,2.9,-0.0048315080158172746,-0.01261121630668638,-0.002086862757388081,-0.00830796957015989,-0.002580329721537517,-0.010836637020111062,0.0,0.0,0.0,51431,2.3392802788616094
175,2.9166666666666665,-0.004817530340853523,,-0.0021628586704172843,,-0.0025282351986752245,,0.0,0.0,0.0,51433,2.3392802788616094
176,2.933333333333333,-0.004785999467657898,-0.012650823593139626,-0.0022437125799669284,-0.008408612012863137,-0.0024720580064851974,-0.010764425992965676,0.0,0.0,0.0,51430,2.3399282789388565
177,2.95,-0.004730090287721155,,-0.0023220626775019705,,-0.0024222582224367726,,0.0,0.0,0.0,51429,2.3394962788873586
178,2.966666666666667,-0.00466974108878563,-0.012650734186172463,-0.002404585626181542,-0.008526033163070657,-0.0023732335967012476,-0.01068187355995176,0.0,0.0,0.0,51427,2.340576279016103
179,2.9833333333333334,-0.004599943909062508,,-0.0024853197999482137,,-0.0023260266243255736,,0.0,0.0,0.0,51430,2.3418722791705973
180,3.0,-0.004503086442387564,-0.012627458572387673,-0.0025676338443068585,-0.008637166023254372,-0.0022877304260722838,-0.010566210746765115,0.0,0.0,0.0,51430,2.340144278964605
181,3.0166666666666666,-0.004418805454919916,,-0.0026453584110377663,,-0.002251908148107804,,0.0,0.0,0.0,51437,2.3388482788101115
182,3.033333333333333,-0.004325434342975137,-0.012588477134704568,-0.002717599112684487,-0.008745378255844094,-0.0022239239197333507,-0.010517811775207497,0.0,0.0,0.0,51430,2.3377682786813665
183,3.05,-0.00422762304315177,,-0.00278119739022172,,-0.0021981447549953913,,0.0,0.0,0.0,51429,2.3377682786813665
184,3.066666666666667,-0.004127457896582181,-0.01254255175590513,-0.0028354079770623593,-0.008838093280792214,-0.002168700054052323,-0.010476028919219948,0.0,0.0,0.0,51427,2.3371202786041194
185,3.0833333333333335,-0.00402702406224008,,-0.0028833301554195413,,-0.0021581204096798173,,0.0,0.0,0.0,51425,2.3392802788616094
186,3.1,-0.003932282152904058,-0.012496566772460915,-0.0029216258470334115,-0.008909589052200295,-0.0021590740739484307,-0.010454839468002297,0.0,0.0,0.0,51427,2.3386322787843623
187,3.1166666666666667,-0.0038047282481585495,,-0.0029489843757239237,,-0.002166286254974709,,0.0,0.0,0.0,51428,2.3377682786813665
188,3.1333333333333333,-0.003725454040321073,-0.012461549043655373,-0.002971008497959207,-0.008965528011322,-0.002189025245431887,-0.010460472106933572,0.0,0.0,0.0,51428,2.3382002787328644
189,3.15,-0.0036566703083181474,,-0.002985552089155316,,-0.0022326857418661977,,0.0,0.0,0.0,51419,2.3382002787328644
190,3.1666666666666665,-0.0036059467517269013,-0.012447929382324197,-0.002997353747809331,-0.009029871225357033,-0.002287134449234328,-0.010512179136276223,0.0,0.0,0.0,51418,2.3394962788873586
191,3.183333333333333,-0.003571406102615708,,-0.0030012876340273363,,-0.002346590273992243,,0.0,0.0,0.0,51418,2.3388482788101115
192,3.2,-0.0035498887886804267,-0.012459701299667336,-0.0030010192840144397,-0.009057378768920876,-0.002414479956298331,-0.010582154989242532,0.0,0.0,0.0,51417,2.3386322787843623
193,3.216666666666667,-0.003550872006915218,,-0.0029938371635937597,,-0.0024894625904871457,,0.0,0.0,0.0,51411,2.3369042785783702
194,3.2333333333333334,-0.00356884318266875,-0.012507653236389138,-0.0029748827696054365,-0.009059077501296975,-0.002572909142829733,-0.010676151514053323,0.0,0.0,0.0,51409,2.3384162787586136
195,3.25,-0.0036080033700132785,,-0.002950802535723196,,-0.0026627628261599082,,0.0,0.0,0.0,51408,2.3379842787071152
196,3.2666666666666666,-0.0036593229034424793,-0.012588864564895608,-0.0029194204456373034,-0.009040927886962868,-0.0027635247939664888,-0.010794407129287698,0.0,0.0,0.0,51407,2.3373362786298686
197,3.283333333333333,-0.0037179439553157207,,-0.00286765405623949,,-0.0028655378233813367,,0.0,0.0,0.0,51405,2.3388482788101115
198,3.3,-0.0037858932521935853,-0.01268154978752134,-0.0028098971623372955,-0.009000903367996194,-0.002979740428366263,-0.010932570695877053,0.0,0.0,0.0,51403,2.3371202786041194
199,3.316666666666667,-0.003866031955761721,,-0.0027477591884888706,,-0.003089681351428318,,0.0,0.0,0.0,51404,2.3375522786556173
200,3.3333333333333335,-0.003953472008894088,-0.012791371345519997,-0.002681568437038501,-0.008940523862838723,-0.003201052348693775,-0.011084592342376687,0.0,0.0,0.0,51402,2.3373362786298686
201,3.35,-0.004049047677835942,,-0.002617612640950418,,-0.00330559891296921,,0.0,0.0,0.0,51406,2.3397122789131073
202,3.3666666666666667,-0.004155799474627677,-0.012917494773864724,-0.0025537760740058863,-0.008871650695800759,-0.0034155400049110723,-0.01123494505882261,0.0,0.0,0.0,51403,2.3388482788101115
203,3.3833333333333333,-0.004261717005174158,,-0.002491280243846997,,-0.0035168378283444127,,0.0,0.0,0.0,51396,2.3371202786041194
204,3.4,-0.004369572093743272,-0.013043826818466164,-0.0024426729201139055,-0.008810794353485085,-0.0036164968421332285,-0.011387085914611794,0.0,0.0,0.0,51395,2.33906427883586
205,3.4166666666666665,-0.0044778737005213825,,-0.0024078934749559937,,-0.003712102571680682,,0.0,0.0,0.0,51393,2.3392802788616094
206,3.433333333333333,-0.00458876761233282,-0.013174301385879494,-0.0023876875127199822,-0.008778876066207864,-0.003801599243099427,-0.011538809537887551,0.0,0.0,0.0,51392,2.3377682786813665
207,3.45,-0.004696503471758382,,-0.002386465836198086,,-0.003869071792282888,,0.0,0.0,0.0,51392,2.3382002787328644
208,3.466666666666667,-0.0048015865671798014,-0.013317054510116555,-0.0024098008034932196,-0.008795058727264382,-0.003948465229263919,-0.011684185266494729,0.0,0.0,0.0,51391,2.3379842787071152
209,3.4833333333333334,-0.00490541775659392,,-0.0024604051309409128,,-0.004025324962504554,,0.0,0.0,0.0,51385,2.3388482788101115
210,3.5,-0.005000964040449403,-0.013471609354019143,-0.0025285037175679283,-0.008871293067932107,-0.0040923205951138054,-0.011820650100707986,0.0,0.0,0.0,51385,2.3394962788873586
211,3.5166666666666666,-0.0050919500628837135,,-0.0026145728044292497,,-0.004142776308331573,,0.0,0.0,0.0,51384,2.3392802788616094
212,3.533333333333333,-0.005181297444553307,-0.013619488477706887,-0.0027070196371917882,-0.0089790880680084,-0.004183992438443251,-0.011915540695190407,0.0,0.0,0.0,51387,2.3377682786813665
213,3.55,-0.005265549046934581,,-0.0028098971623372955,,-0.00421901067964788,,0.0,0.0,0.0,51387,2.3377682786813665
214,3.566666666666667,-0.005343898975589815,-0.013763463497161843,-0.0029285700158064062,-0.009108191728591897,-0.004246011689787542,-0.011989808082580544,0.0,0.0,0.0,51386,2.3375522786556173
215,3.5833333333333335,-0.005423024569197368,,-0.003054663447983301,,-0.0042620453075184455,,0.0,0.0,0.0,51385,2.3386322787843623
216,3.6,-0.005494639064520728,-0.013902550935745217,-0.0031874330366799086,-0.009254729747772195,-0.004265352818533283,-0.012023454904556252,0.0,0.0,0.0,51383,2.34122427909335
217,3.6166666666666667,-0.005564347075705894,,-0.003329917605138556,,-0.004264279925121118,,0.0,0.0,0.0,51380,2.342304279222095
218,3.6333333333333333,-0.00562186568020079,-0.014019346237182595,-0.0034637004726755525,-0.009403443336486794,-0.00426013797898122,-0.012040144205093362,0.0,0.0,0.0,51379,2.3420882791963464
219,3.65,-0.005661830073184973,,-0.0035955158904641266,,-0.004246846124912605,,0.0,0.0,0.0,51382,2.3425202792478443
220,3.6666666666666665,-0.005700543742320504,-0.014108663797378518,-0.0037349312373152342,-0.009551769495010354,-0.004225328810977322,-0.012034183740615823,0.0,0.0,0.0,51376,2.3429522792993422
221,3.683333333333333,-0.005734547691405904,,-0.0038717539413733993,,-0.004200413973090216,,0.0,0.0,0.0,51371,2.3446802795053343
222,3.7,-0.0057569590550380235,-0.01418221592903135,-0.004006937329147621,-0.009703224897384621,-0.004170879428089965,-0.012012398242950417,0.0,0.0,0.0,51369,2.3474882798400714
223,3.716666666666667,-0.005771771334006642,,-0.004137918142931327,,-0.0041377989137877744,,0.0,0.0,0.0,51369,2.3479202798915693
224,3.7333333333333334,-0.0057819929531888765,-0.014238035678863503,-0.004270598056450558,-0.009858852624893166,-0.00410775823600675,-0.0119792580604553,0.0,0.0,0.0,51368,2.347272279814322
225,3.75,-0.005789145519643378,,-0.004405811673710184,,-0.004081622059357359,,0.0,0.0,0.0,51362,2.347272279814322
226,3.7666666666666666,-0.005799845068678661,-0.014291799068450906,-0.004547223179876856,-0.010039216279983498,-0.00405864393509385,-0.01195327043533323,0.0,0.0,0.0,51361,2.3474882798400714
227,3.783333333333333,-0.005805298535397638,,-0.00468851647017882,,-0.004038795660288495,,0.0,0.0,0.0,51357,2.3479202798915693
228,3.8,-0.005797818510997883,-0.014330184459686257,-0.004820302334001214,-0.010224348306655862,-0.00402437129823594,-0.011936670541763283,0.0,0.0,0.0,51357,2.348136279917318
229,3.816666666666667,-0.005780979674348487,,-0.004938110522859857,,-0.004012301796208449,,0.0,0.0,0.0,51357,2.348568279968816
230,3.8333333333333335,-0.005753919218516855,-0.014314150810241677,-0.0050468294316404014,-0.010366505384445168,-0.003999427244142269,-0.011923050880432107,0.0,0.0,0.0,51356,2.347056279788573
231,3.85,-0.00573773698655603,,-0.005145088094071798,,-0.0039905460239860625,,0.0,0.0,0.0,51353,2.3440322794280872
232,3.8666666666666667,-0.005692854813599824,-0.014280474185943581,-0.005237266239061827,-0.010480618476867654,-0.003992989883669274,-0.011920875310897805,0.0,0.0,0.0,51350,2.345112279556832
233,3.8833333333333333,-0.005646184372370135,,-0.005333677187527775,,-0.003998562410651997,,0.0,0.0,0.0,51349,2.3436002793765893
234,3.9,-0.005593046341182049,-0.014230227470397927,-0.005415364856683251,-0.010585880279540993,-0.004012182567064896,-0.011934465169906594,0.0,0.0,0.0,51352,2.343816279402338
235,3.9166666666666665,-0.005533591191943363,,-0.005485519554957224,,-0.004024848045930342,,0.0,0.0,0.0,51352,2.342736279273593
236,3.933333333333333,-0.0054640324705073455,-0.014156109094619729,-0.00554655474366769,-0.010673648118972756,-0.004054621049217697,-0.011965578794479348,0.0,0.0,0.0,51351,2.3429522792993422
237,3.95,-0.005382939933790793,,-0.005597904506582296,,-0.004091366930845192,,0.0,0.0,0.0,51354,2.341656279144848
238,3.966666666666667,-0.005300089527165968,-0.014054989814758279,-0.005646065143226582,-0.010680681467056252,-0.004142299560637171,-0.01202658414840696,0.0,0.0,0.0,51352,2.3420882791963464
239,3.9833333333333334,-0.005221947827312435,,-0.0056879670942333975,,-0.004202261855935472,,0.0,0.0,0.0,51350,2.342736279273593
240,4.0,-0.005126014639819728,-0.013939595222473122,-0.005733981944053354,-0.010715967416763283,-0.004266306482801897,-0.012108838558197,0.0,0.0,0.0,51349,2.3420882791963464
241,4.016666666666667,-0.005266085578080568,,-0.00567840022206186,,-0.004336253121153974,,0.0,0.0,0.0,51348,2.345976279659828
242,4.033333333333333,-0.00512321309270586,-0.013908123970031716,-0.00565780718730882,-0.01066998243331907,-0.004413828060376117,-0.012205994129180886,0.0,0.0,0.0,51340,2.3453282795825814
243,4.05,-0.004969760625199033,,-0.005630627502333636,,-0.004501238728422114,,0.0,0.0,0.0,51337,2.3442482794538364
244,4.066666666666666,-0.004804476945072012,-0.013729310035705544,-0.005584493592249936,-0.010608738660812356,-0.004597023301684893,-0.012330955266952492,0.0,0.0,0.0,51337,2.3457602796340793
245,4.083333333333333,-0.0046343955585155545,,-0.005543068220057717,,-0.004711464196077117,,0.0,0.0,0.0,51335,2.3468402797628243
246,4.1,-0.004463657567270525,-0.013524121046066262,-0.005489334212031675,-0.010560369491577126,-0.004827931817029925,-0.012488818168640115,0.0,0.0,0.0,51333,2.346192279685577
247,4.116666666666666,-0.004283085704879518,,-0.005428388867378389,,-0.004944816402225553,,0.0,0.0,0.0,51334,2.3468402797628243
248,4.133333333333334,-0.00409986107848437,-0.013296222686767556,-0.005365058602094439,-0.010454481840133645,-0.005067840443915101,-0.012655323743820168,0.0,0.0,0.0,51336,2.34770427986582
249,4.15,-0.003908440208429117,,-0.0052783639844289874,,-0.005186930599386644,,0.0,0.0,0.0,51335,2.349216280046063
250,4.166666666666667,-0.0037111193534458907,-0.013041621446609475,-0.005186274839097107,-0.010315483808517434,-0.005292936960711465,-0.012822932004928567,0.0,0.0,0.0,51337,2.350728280226306
251,4.183333333333334,-0.0035039337223120534,,-0.005077823773690038,,-0.0054070797822448075,,0.0,0.0,0.0,51336,2.350512280200557
252,4.2,-0.0032996384690704263,-0.012766575813293435,-0.00497044644609417,-0.010151243209838845,-0.0055208953147127034,-0.01298413276672361,0.0,0.0,0.0,51335,2.3520242803808
253,4.216666666666667,-0.0031019298660509447,,-0.004870399684269097,,-0.005631819624889355,,0.0,0.0,0.0,51343,2.351376280303553
254,4.233333333333333,-0.0029044897819241653,-0.012497997283935525,-0.004756227308769576,-0.01005161404609678,-0.005735560970246294,-0.013127630949020364,0.0,0.0,0.0,51343,2.349648280097561
255,4.25,-0.002697780898484731,,-0.0046415479560902514,,-0.005841299657077444,,0.0,0.0,0.0,51342,2.350296280174808
256,4.266666666666667,-0.002483740604875467,-0.012204533815383889,-0.0046064408841072785,-0.009895241260528542,-0.005867079159575019,-0.013268327713012673,0.0,0.0,0.0,51338,2.349216280046063
257,4.283333333333333,-0.002262488130239924,,-0.00448749934286566,,-0.00596205868279911,,0.0,0.0,0.0,51341,2.349432280071812
258,4.3,-0.0020276754515228695,-0.011884486675262429,-0.004358962388765167,-0.00973156690597532,-0.006052896091003497,-0.01339716315269468,0.0,0.0,0.0,51334,2.346192279685577
259,4.316666666666666,-0.0017786175922282015,,-0.004221424309845689,,-0.006130591272648032,,0.0,0.0,0.0,51332,2.345976279659828
260,4.333333333333333,-0.0015175491699585915,-0.011542207002639748,-0.004073217755775363,-0.009549295902252175,-0.006197348446970178,-0.013484126329421975,0.0,0.0,0.0,51326,2.3464082797113264
261,4.35,-0.001241818096229127,,-0.003911271985028391,,-0.00624804177407602,,0.0,0.0,0.0,51326,2.34554427960833
262,4.366666666666666,-0.000957772056335427,-0.011182641983032204,-0.003748968357970955,-0.009351468086242654,-0.006287828336623714,-0.013515150547027566,0.0,0.0,0.0,51318,2.3464082797113264
263,4.383333333333334,-0.0006658285211597322,,-0.0035835950026665594,,-0.006321832285709114,,0.0,0.0,0.0,51317,2.345112279556832
264,4.4,-0.00037728250993586285,-0.010770952701568581,-0.0034104435501035274,-0.009153431653976418,-0.006340101534321527,-0.013510203361511208,0.0,0.0,0.0,51317,2.346192279685577
265,4.416666666666667,-0.0001783221697888863,,-0.0032363088793057036,,-0.006348625067047076,,0.0,0.0,0.0,51318,2.348352279943067
266,4.433333333333334,-4.984432362074814e-05,-0.01045635938644407,-0.0030644981635283143,-0.00895426273345945,-0.00634421426425486,-0.013457721471786477,0.0,0.0,0.0,51316,2.3479202798915693
267,4.45,4.450983767901696e-05,,-0.0028917342901217304,,-0.00632818064652396,,0.0,0.0,0.0,51314,2.345976279659828
268,4.466666666666667,0.00011588638135469223,-0.01022345423698423,-0.002720013418401521,-0.008755302429199197,-0.006300791888348041,-0.013364201784133889,0.0,0.0,0.0,51310,2.3464082797113264
269,4.483333333333333,0.00014378127231138503,,-0.002556219764809292,,-0.006268605423742687,,0.0,0.0,0.0,51307,2.346624279737075
270,4.5,0.0001301318996919199,-0.010084694623947121,-0.002395823635168889,-0.00857085585594175,-0.006219729581116893,-0.013236528635025002,0.0,0.0,0.0,51308,2.344464279479585
271,4.516666666666667,8.223944418072238e-05,,-0.002237185713196367,,-0.0061603936610217565,,0.0,0.0,0.0,51308,2.3436002793765893
272,4.533333333333333,-1.2964455796254833e-06,-0.010083383321762063,-0.0020789949849520707,-0.008391684293746926,-0.006090208733262383,-0.013078099489212014,0.0,0.0,0.0,51304,2.3436002793765893
273,4.55,-0.00011073056034167886,,-0.001928225173175173,,-0.006014719797412986,,0.0,0.0,0.0,51304,2.3446802795053343
274,4.566666666666666,-0.00025628502592709253,-0.010237997770309426,-0.0017916709880097114,-0.00823271870613096,-0.005938574425754824,-0.012909716367721535,0.0,0.0,0.0,51306,2.344896279531083
275,4.583333333333333,-0.00043512874125581873,,-0.0016582458079033718,,-0.005857721191724409,,0.0,0.0,0.0,51299,2.3457602796340793
276,4.6,-0.0005899518372740808,-0.010427540540695168,-0.001521602285320149,-0.00808749198913572,-0.005769952836247757,-0.012684887647628762,0.0,0.0,0.0,51295,2.3442482794538364
277,4.616666666666666,-0.0007366984254152126,,-0.0013148635101549234,,-0.00567568868788498,,0.0,0.0,0.0,51291,2.3425202792478443
278,4.633333333333334,-0.0008810312144787304,-0.010622209310531594,-0.0012350232172052824,-0.007971531152725198,-0.005579277570539226,-0.012503123283386208,0.0,0.0,0.0,51289,2.341656279144848
279,4.65,-0.0010147840214101288,,-0.001225903707641778,,-0.005477145480860632,,0.0,0.0,0.0,51286,2.3425202792478443
280,4.666666666666667,-0.001136883952797243,-0.010794407129287698,-0.001161888296981918,-0.007881587743759133,-0.005369528850578625,-0.012319749593734719,0.0,0.0,0.0,51286,2.34338427935084
281,4.683333333333334,-0.0012515036909047958,,-0.0010938494938064858,,-0.00526072111101974,,0.0,0.0,0.0,51281,2.3442482794538364
282,4.7,-0.0013514906692782855,-0.010951167345046975,-0.0010235458435429758,-0.007783359289169289,-0.00515602508811535,-0.012141948938369729,0.0,0.0,0.0,51278,2.342736279273593
283,4.716666666666667,-0.0014372022375887558,,-0.0009607821700106103,,-0.004990026202006821,,0.0,0.0,0.0,51277,2.344464279479585
284,4.733333333333333,-0.0015129596923308545,-0.011119818687438943,-0.0008857696440960046,-0.007687127590179421,-0.004849001599477369,-0.011958873271942116,0.0,0.0,0.0,51272,2.3429522792993422
285,4.75,-0.0015760810532938776,,-0.0008135586652952686,,-0.0047096458671980375,,0.0,0.0,0.0,51263,2.3436002793765893
286,4.766666666666667,-0.0016311556292257553,-0.011224693059921242,-0.0007279366032823657,-0.007595902681350686,-0.004565790501348152,-0.011553263664245583,0.0,0.0,0.0,51262,2.3425202792478443
287,4.783333333333333,-0.001676604056173933,,-0.0006341784188205561,,-0.004417971019794856,,0.0,0.0,0.0,51257,2.3394962788873586
288,4.8,-0.0017290265436208981,-0.011326408386230447,-0.0005397349201030301,-0.00750882029533384,-0.004276141367226715,-0.011370933055877663,0.0,0.0,0.0,51254,2.3397122789131073
289,4.816666666666666,-0.0017717034840608048,,-0.00045256321698355846,,-0.004142686464274393,,0.0,0.0,0.0,51255,2.342736279273593
290,4.833333333333333,-0.001806631712328447,-0.011411345005035378,-0.0003706961974733318,-0.007427728176116921,-0.00401268869984567,-0.011205023527145364,0.0,0.0,0.0,51256,2.3420882791963464
291,4.85,-0.0018343479284496176,,-0.0002856104977266084,,-0.0038836748291709664,,0.0,0.0,0.0,51255,2.342304279222095
292,4.866666666666666,-0.00185485196354451,-0.011476939916610696,-0.00021688638029545914,-0.007354950904846169,-0.0037551371995512457,-0.011039501428604104,0.0,0.0,0.0,51255,2.3407922790418523
293,4.883333333333334,-0.0018775909540016886,,-0.00015817582212465116,,-0.0036340505470045218,,0.0,0.0,0.0,51257,2.3397122789131073
294,4.9,-0.0019022972253274826,-0.011496818065643288,-0.00011672072708644743,-0.007314002513885476,-0.0035100133953543896,-0.010518407821655251,0.0,0.0,0.0,51255,2.3399282789388565
295,4.916666666666667,-0.0019245297452442725,,-8.703773673608085e-05,,-0.00338514163969939,,0.0,0.0,0.0,51254,2.3407922790418523
296,4.933333333333334,-0.0019517987676372184,-0.011550670862197854,-7.109345642294042e-05,-0.00728756785392759,-0.0032642633848341727,-0.010353749990463235,0.0,0.0,0.0,51251,2.33906427883586
297,4.95,-0.0019780247883437892,,-7.654726090152957e-05,,-0.003144636867096449,,0.0,0.0,0.0,51254,2.3388482788101115
298,4.966666666666667,-0.0020107776758209227,-0.01160452365875242,-9.422002603656752e-05,-0.007287836074829079,-0.003021076463140721,-0.010188227891921975,0.0,0.0,0.0,51255,2.3375522786556173
299,4.983333333333333,-0.0020482389323097324,,-0.00013227759712294563,,-0.0028936417875387636,,0.0,0.0,0.0,51253,2.3418722791705973
300,5.0,-0.002087995265372023,-0.011663174629211404,-0.00019074969700664862,-0.007322376966476418,-0.0027594120640331552,-0.010013228654861428,0.0,0.0,0.0,51247,2.3425202792478443
301,5.016666666666667,-0.0021285860335593745,,-0.00026331836323804204,,-0.0026277153687487135,,0.0,0.0,0.0,51249,2.340144278964605
302,5.033333333333333,-0.002168700054052323,-0.011717683076858498,-0.000347629242431481,-0.007375961542129494,-0.0024982541354659766,-0.009837573766708352,0.0,0.0,0.0,51246,2.3399282789388565
303,5.05,-0.002212390104452812,,-0.0004440396842580096,,-0.0023163406918902917,,0.0,0.0,0.0,51246,2.3388482788101115
304,5.066666666666666,-0.0022621003822036684,-0.011775261163711526,-0.000552341291036121,-0.007449036836624123,-0.002156570599693442,-0.0096732437610626,0.0,0.0,0.0,51249,2.3371202786041194
305,5.083333333333333,-0.002314761327937738,,-0.0006752759953079091,,-0.00199176383614063,,0.0,0.0,0.0,51249,2.3360402784753744
306,5.1,-0.0023690016376243608,-0.011837697029113747,-0.0008216052814466073,-0.007553851604461648,-0.0018411428074734623,-0.00954819321632383,0.0,0.0,0.0,51248,2.3369042785783702
307,5.116666666666666,-0.0024290531014606177,,-0.0009751469174913905,,-0.0017060487571170014,,0.0,0.0,0.0,51244,2.3392802788616094
308,5.133333333333334,-0.0024875252013443214,-0.011905646324157693,-0.0011278541184111127,-0.007676756381988503,-0.001580581024624047,-0.009473747014999367,0.0,0.0,0.0,51244,2.3399282789388565
309,5.15,-0.0025493948251798498,,-0.0012847036032303466,,-0.0014723390324177118,,0.0,0.0,0.0,51245,2.3384162787586136
310,5.166666666666667,-0.002615794480951146,-0.011980777978897073,-0.0014448911663094374,-0.00781205892562864,-0.001379564403950307,-0.009388899803161599,0.0,0.0,0.0,51245,2.3375522786556173
311,5.183333333333334,-0.002679184191927065,,-0.0016067177079128574,,-0.0013083069205383768,,0.0,0.0,0.0,51245,2.3373362786298686
312,5.2,-0.0027428714691224458,-0.012058413028717019,-0.0017756074785530182,-0.007954901456832864,-0.0012678058275284003,-0.009358859062194802,0.0,0.0,0.0,51242,2.3369042785783702
313,5.216666666666667,-0.002802595306133643,,-0.0019304901891430567,,-0.001246646032143969,,0.0,0.0,0.0,51239,2.3382002787328644
314,5.233333333333333,-0.0028532893087587106,-0.012127375602722146,-0.002076044823608277,-0.008096045255660989,-0.001239851153120124,-0.009385621547698952,0.0,0.0,0.0,51239,2.3377682786813665
315,5.25,-0.002899483002293995,,-0.002221330939180795,,-0.0012593419093746274,,0.0,0.0,0.0,51239,2.3379842787071152
316,5.266666666666667,-0.0029528586473701528,-0.012193387746810891,-0.002358749620076915,-0.008236742019653298,-0.0012954323684721963,-0.009446448087692239,0.0,0.0,0.0,51238,2.3356082784238765
317,5.283333333333333,-0.0030134170883862176,,-0.0024505704153959,,-0.0013582855483021297,,0.0,0.0,0.0,51240,2.3356082784238765
318,5.3,-0.003072753684000579,-0.012274122238159157,-0.0025569646936367853,-0.008382415771484353,-0.0014336555927675861,-0.00954625606536863,0.0,0.0,0.0,51240,2.3356082784238765
319,5.316666666666666,-0.003124698917113721,,-0.002666160350111734,,-0.001531168819732072,,0.0,0.0,0.0,51239,2.3373362786298686
320,5.333333333333333,-0.003164336021032459,-0.012338852882385232,-0.0027794687365200158,-0.008536612987518288,-0.0016431658544410832,-0.009680902957916238,0.0,0.0,0.0,51239,2.3373362786298686
321,5.35,-0.003190234414913972,,-0.0028796941731806104,,-0.0017694980826646971,,0.0,0.0,0.0,51238,2.3375522786556173
322,5.366666666666666,-0.003212317645081611,-0.012373363971710183,-0.0029806049240969222,-0.008690303564071633,-0.0019059330386866063,-0.00984198451042173,0.0,0.0,0.0,51237,2.340144278964605
323,5.383333333333334,-0.003239825463521275,,-0.0030750482539346415,,-0.002054139930516546,,0.0,0.0,0.0,51237,2.3388482788101115
324,5.4,-0.0032510311453373343,-0.012400335073471047,-0.0031593292414022886,-0.008832907676696755,-0.0022099464136494064,-0.010025149583816506,0.0,0.0,0.0,51236,2.3384162787586136
325,5.416666666666667,-0.0032586606283660463,,-0.00323204685962322,,-0.0023660810302467456,,0.0,0.0,0.0,51235,2.33906427883586
326,5.433333333333334,-0.0032336265613353865,-0.01238826513290403,-0.003301337399926146,-0.008955246210098244,-0.0025272815344066124,-0.010210728645324685,0.0,0.0,0.0,51237,2.3364722785268723
327,5.45,-0.00319628402735071,,-0.003369346311375788,,-0.0026892573657591825,,0.0,0.0,0.0,51237,2.3369042785783702
328,5.466666666666667,-0.003151938216660682,-0.012347108125686623,-0.00343595436482859,-0.009072637557983376,-0.00285391500844265,-0.010404026508331277,0.0,0.0,0.0,51239,2.3362562785011236
329,5.483333333333333,-0.003104523015483308,,-0.003499552473486017,,-0.0030254872659329357,,0.0,0.0,0.0,51238,2.3373362786298686
330,5.5,-0.0030567200662696783,-0.012303328514099099,-0.0035596044439616926,-0.009182488918304421,-0.003201290806980881,-0.01061463952064512,0.0,0.0,0.0,51238,2.3384162787586136
331,5.516666666666667,-0.003009990010468214,,-0.0036189405329366347,,-0.003384396373112284,,0.0,0.0,0.0,51238,2.3362562785011236
332,5.533333333333333,-0.0029607564804117604,-0.012259936332702615,-0.0036710946703707036,-0.00927833318710325,-0.003530785273822758,-0.010835415124893166,0.0,0.0,0.0,51238,2.3360402784753744
333,5.55,-0.0029133708332005647,,-0.003717437484775333,,-0.003691151849496984,,0.0,0.0,0.0,51237,2.3362562785011236
334,5.566666666666666,-0.0028622895891786625,-0.012214070558547951,-0.00376124693319918,-0.009356623888015725,-0.0038406403701802096,-0.011029011011123635,0.0,0.0,0.0,51236,2.3375522786556173
335,5.583333333333333,-0.0028091223417840106,,-0.003798410116829108,,-0.003981038766386303,,0.0,0.0,0.0,51236,2.3366882785526215
336,5.6,-0.002760872198842156,-0.012163943052291848,-0.0038336962014072144,-0.009419178962707497,-0.004110172541723786,-0.01120570898056028,0.0,0.0,0.0,51235,2.3369042785783702
337,5.616666666666666,-0.0027163774361625907,,-0.003838941270444683,,-0.004235342370237663,,0.0,0.0,0.0,51238,2.3360402784753744
338,5.633333333333334,-0.0026752798596752377,-0.012118852138519265,-0.0038673726925473628,-0.009472405910491921,-0.004368349741702148,-0.011374241113662698,0.0,0.0,0.0,51238,2.3366882785526215
339,5.65,-0.0026418121039762103,,-0.00389365832782571,,-0.004483625071219431,,0.0,0.0,0.0,51240,2.3356082784238765
340,5.666666666666667,-0.002608880203903942,-0.012080824375152566,-0.003919676119730582,-0.009522891044616677,-0.004585012569830144,-0.011509305238723733,0.0,0.0,0.0,51240,2.3362562785011236
341,5.683333333333334,-0.0025769918121574683,,-0.003943518064205523,,-0.004672423237876143,,0.0,0.0,0.0,51246,2.3360402784753744
342,5.7,-0.002556607006206127,-0.012046134471893288,-0.003977522013290926,-0.009574002027511574,-0.004755869790218727,-0.011584973335266091,0.0,0.0,0.0,51245,2.3347442783208803
343,5.716666666666667,-0.0025457890724263237,,-0.004014476968119152,,-0.004830256278689779,,0.0,0.0,0.0,51243,2.3349602783466294
344,5.733333333333333,-0.0025523154325574654,-0.012034690380096413,-0.004063144581943245,-0.009643530845642068,-0.0049001725186766446,-0.01169631481170652,0.0,0.0,0.0,51242,2.3358242784496253
345,5.75,-0.0025776474035672007,,-0.0041147915733177,,-0.004981771357053782,,0.0,0.0,0.0,51243,2.3369042785783702
346,5.766666666666667,-0.0026215164665628243,-0.012060409784316994,-0.004157349284614054,-0.009722059965133645,-0.005030676415886141,-0.011758482456207253,0.0,0.0,0.0,51243,2.3360402784753744
347,5.783333333333333,-0.002668961728345797,,-0.004208668818043255,,-0.005071535871846002,,0.0,0.0,0.0,51246,2.3356082784238765
348,5.8,-0.0027238876900477506,-0.012099450826644875,-0.004256084863619662,-0.009792929887771584,-0.005104676169599776,-0.011777764558792092,0.0,0.0,0.0,51245,2.3371202786041194
349,5.816666666666666,-0.002778276613964298,,-0.0043040068730970365,,-0.0051365645613462504,,0.0,0.0,0.0,51249,2.3379842787071152
350,5.833333333333333,-0.002834454312793746,-0.012137210369110085,-0.004345461461495821,-0.009851402044296242,-0.00516499598344893,-0.011786913871765115,0.0,0.0,0.0,51248,2.3371202786041194
351,5.85,-0.002899631785403725,,-0.004374071727313826,,-0.005183890762865477,,0.0,0.0,0.0,51248,2.3369042785783702
352,5.866666666666666,-0.0029694287962470406,-0.012185758352279641,-0.004401877787492179,-0.00988117456436155,-0.005202844987973994,-0.011805897951126076,0.0,0.0,0.0,51245,2.3362562785011236
353,5.883333333333334,-0.0030472428692755156,,-0.004427090529358361,,-0.0052327664366114655,,0.0,0.0,0.0,51249,2.3377682786813665
354,5.9,-0.003133281895531239,-0.012248462438583352,-0.004457577894228189,-0.009909337759017922,-0.0052408726673345805,-0.011790877580642678,0.0,0.0,0.0,51251,2.3364722785268723
355,5.916666666666667,-0.0032323153785159225,,-0.004482731021522595,,-0.00524587944696475,,0.0,0.0,0.0,51253,2.3371202786041194
356,5.933333333333334,-0.003353372308216662,-0.01233694553375242,-0.004500404293297053,-0.009921258687973,-0.0052506479371876216,-0.011761343479156472,0.0,0.0,0.0,51252,2.3366882785526215
357,5.95,-0.0034884960814191074,,-0.0045215639198016785,,-0.0052557143313895684,,0.0,0.0,0.0,51253,2.3382002787328644
358,5.966666666666667,-0.0034765451330159417,-0.012484377622604348,-0.0045420971711031335,-0.009933239221572854,-0.005267754448330688,-0.01174158453941343,0.0,0.0,0.0,51246,2.3377682786813665
359,5.983333333333333,-0.0036316068562011155,,-0.004554852662905567,,-0.005285874238314144,,0.0,0.0,0.0,51254,2.3382002787328644
360,6.0,-0.0037842242130636567,-0.012649333477020241,-0.0045656712722045995,-0.009938395023345925,-0.005298748790380326,-0.011735802888870217,0.0,0.0,9.88971919468895e-07,51253,2.3362562785011236
