gauge,dx_m,x_m,z_m,old_half_eta_m,new_quarter_eta_m,solver_local_sign_field_eta_m,new_minus_old_m,old_minus_solver_local_m,new_minus_solver_local_m
1,-0.12,2.1227963799688667,-0.12,-0.01119873523712156,-0.011028832197189309,-0.006073303222656243,0.00016990303993225098,-0.005125432014465317,-0.004955528974533066
1,-0.12,2.1227963799688667,-0.06,-0.012780851125717141,-0.012743896245956399,-0.0036947631835937394,3.695487976074219e-05,-0.009086087942123401,-0.00904913306236266
1,-0.12,2.1227963799688667,0.0,-0.014804786443710305,-0.015389060974121072,-0.006244812011718741,-0.0005842745304107666,-0.008559974431991564,-0.00914424896240233
1,-0.12,2.1227963799688667,0.06,-0.012410855293273904,-0.012261724472045876,-0.004749450683593741,0.00014913082122802734,-0.007661404609680162,-0.007512273788452135
1,-0.12,2.1227963799688667,0.12,-0.012196308374404885,-0.01227227449417112,-0.00426788330078124,-7.596611976623535e-05,-0.007928425073623645,-0.00800439119338988
1,-0.1,2.1427963799688667,-0.12,-0.01173461079597471,-0.011692291498184182,-0.005865783691406241,4.2319297790527344e-05,-0.0058688271045684685,-0.005826507806777941
1,-0.1,2.1427963799688667,-0.06,-0.012915229797363259,-0.012802666425704934,-0.003035583496093739,0.0001125633716583252,-0.00987964630126952,-0.009767082929611195
1,-0.1,2.1427963799688667,0.0,-0.014993852376937844,-0.015565758943557717,-0.005942687988281242,-0.000571906566619873,-0.009051164388656602,-0.009623070955276475
1,-0.1,2.1427963799688667,0.06,-0.013545727729797341,-0.013515388965606667,-0.004971008300781241,3.0338764190673828e-05,-0.0085747194290161,-0.008544380664825426
1,-0.1,2.1427963799688667,0.12,-0.013797974586486794,-0.014210259914398171,-0.005282897949218742,-0.00041228532791137695,-0.008515076637268052,-0.00892736196517943
1,-0.08,2.1627963799688668,-0.12,-0.011766707897186257,-0.011684840917587258,-0.005589904785156242,8.186697959899902e-05,-0.006176803112030015,-0.006094936132431016
1,-0.08,2.1627963799688668,-0.06,-0.012472248077392556,-0.01232749819755552,-0.0026486206054687385,0.00014474987983703613,-0.009823627471923817,-0.009678877592086781
1,-0.08,2.1627963799688668,0.0,-0.014542049169540383,-0.014863526821136452,-0.005585021972656241,-0.00032147765159606934,-0.008957027196884142,-0.009278504848480211
1,-0.08,2.1627963799688668,0.06,-0.014141446352004983,-0.014026021957397439,-0.005162048339843741,0.00011542439460754395,-0.008979398012161242,-0.008863973617553698
1,-0.08,2.1627963799688668,0.12,-0.014636164903640725,-0.015061324834823586,-0.006020812988281242,-0.00042515993118286133,-0.008615351915359483,-0.009040511846542344
1,-0.06,2.1827963799688668,-0.12,-0.01145697236061094,-0.011316126585006692,-0.00495086669921874,0.00014084577560424805,-0.0065061056613921996,-0.0063652598857879515
1,-0.06,2.1827963799688668,-0.06,-0.011616325378417947,-0.011279737949371316,-0.00421905517578124,0.00033658742904663086,-0.007397270202636707,-0.007060682773590076
1,-0.06,2.1827963799688668,0.0,-0.013843333721160866,-0.013986891508102395,-0.004890441894531241,-0.00014355778694152832,-0.008952891826629625,-0.009096449613571153
1,-0.06,2.1827963799688668,0.06,-0.014313316345214822,-0.01406363248825071,-0.00520233154296874,0.00024968385696411133,-0.009110984802246081,-0.00886130094528197
1,-0.06,2.1827963799688668,0.12,-0.014598613977432229,-0.014720058441162087,-0.005436096191406241,-0.0001214444637298584,-0.009162517786025988,-0.009283962249755846
1,-0.04,2.202796379968867,-0.12,-0.011060124635696389,-0.010911887884139992,-0.004305114746093739,0.00014823675155639648,-0.0067550098896026495,-0.006606773138046253
1,-0.04,2.202796379968867,-0.06,-0.01069725155830381,-0.010069108009338357,-0.0057333374023437415,0.0006281435489654541,-0.004963914155960069,-0.004335770606994615
1,-0.04,2.202796379968867,0.0,-0.013232207298278786,-0.013244217634201028,-0.004189147949218741,-1.2010335922241211e-05,-0.009043059349060046,-0.009055069684982287
1,-0.04,2.202796379968867,0.06,-0.014310336112976052,-0.014160639047622658,-0.005243225097656241,0.00014969706535339355,-0.00906711101531981,-0.008917413949966417
1,-0.04,2.202796379968867,0.12,-0.01400879621505735,-0.013873225450515725,-0.00481903076171874,0.00013557076454162598,-0.00918976545333861,-0.009054194688796985
1,-0.02,2.222796379968867,-0.12,-0.010809457302093484,-0.010586148500442483,-0.0038473510742187394,0.00022330880165100098,-0.006962106227874744,-0.006738797426223743
1,-0.02,2.222796379968867,-0.06,-0.010047233104705788,-0.009527063369750954,-0.006824645996093741,0.000520169734954834,-0.003222587108612047,-0.002702417373657213
1,-0.02,2.222796379968867,0.0,-0.012967085838317849,-0.012874728441238381,-0.0036611938476562396,9.235739707946777e-05,-0.009305891990661608,-0.00921353459358214
1,-0.02,2.222796379968867,0.06,-0.0142375588417053,-0.014330422878265359,-0.0053414916992187405,-9.28640365600586e-05,-0.00889606714248656,-0.008988931179046618
1,-0.02,2.222796379968867,0.12,-0.013223713636398293,-0.012984162569045998,-0.004147033691406239,0.00023955106735229492,-0.009076679944992054,-0.008837128877639759
1,0.0,2.242796379968867,-0.12,-0.010769760608673073,-0.010439848899841286,-0.00456146240234374,0.0003299117088317871,-0.006208298206329333,-0.005878386497497546
1,0.0,2.242796379968867,-0.06,-0.009833878278732278,-0.009345924854278542,-0.00564300537109374,0.00048795342445373535,-0.004190872907638537,-0.003702919483184802
1,0.0,2.242796379968867,0.0,-0.013093209266662575,-0.013017213344573952,-0.00426483154296874,7.599592208862305e-05,-0.008828377723693836,-0.008752381801605213
1,0.0,2.242796379968867,0.06,-0.014076387882232644,-0.014206117391586282,-0.005805969238281241,-0.0001297295093536377,-0.008270418643951402,-0.00840014815330504
1,0.0,2.242796379968867,0.12,-0.012419527769088723,-0.012249147891998269,-0.0032882690429687387,0.0001703798770904541,-0.009131258726119983,-0.00896087884902953
1,0.02,2.262796379968867,-0.12,-0.010961985588073708,-0.01065317392349241,-0.005239562988281241,0.00030881166458129883,-0.005722422599792467,-0.005413610935211168
1,0.02,2.262796379968867,-0.06,-0.010021334886550881,-0.009567803144454934,-0.00449737548828124,0.00045353174209594727,-0.005523959398269641,-0.005070427656173694
1,0.02,2.262796379968867,0.0,-0.013408309221267678,-0.013440376520156838,-0.00491241455078124,-3.2067298889160156e-05,-0.008495894670486438,-0.008527961969375598
1,0.02,2.262796379968867,0.06,-0.013820862770080544,-0.013771301507949807,-0.006296081542968741,4.9561262130737305e-05,-0.007524781227111803,-0.0074752199649810655
1,0.02,2.262796379968867,0.12,-0.011693960428237893,-0.01151928901672361,-0.0023318481445312395,0.00017467141151428223,-0.009362112283706654,-0.009187440872192372
1,0.04,2.282796379968867,-0.12,-0.011383211612701394,-0.011160856485366799,-0.005708312988281242,0.00022235512733459473,-0.005674898624420152,-0.005452543497085557
1,0.04,2.282796379968867,-0.06,-0.010501390695571877,-0.010031855106353738,-0.0035952758789062392,0.00046953558921813965,-0.0069061148166656375,-0.006436579227447498
1,0.04,2.282796379968867,0.0,-0.013715541362762429,-0.013903206586837746,-0.00548309326171874,-0.00018766522407531738,-0.008232448101043689,-0.008420113325119006
1,0.04,2.282796379968867,0.06,-0.01352775692939756,-0.013425415754318215,-0.006648254394531242,0.0001023411750793457,-0.006879502534866319,-0.006777161359786973
1,0.04,2.282796379968867,0.12,-0.011088317632675149,-0.010790324211120583,-0.001523132324218743,0.00029799342155456543,-0.009565185308456407,-0.009267191886901841
1,0.06,2.302796379968867,-0.12,-0.011876916885375954,-0.011706835031509377,-0.00505950927734374,0.00017008185386657715,-0.006817407608032214,-0.006647325754165637
1,0.06,2.302796379968867,-0.06,-0.011181569099426247,-0.010831511020660378,-0.00399566650390624,0.00035005807876586914,-0.0071859025955200075,-0.006835844516754138
1,0.06,2.302796379968867,0.0,-0.013961410522460915,-0.014198666810989358,-0.0053109741210937405,-0.00023725628852844238,-0.008650436401367175,-0.008887692689895617
1,0.06,2.302796379968867,0.06,-0.013328528404235818,-0.013270533084869363,-0.006001892089843742,5.799531936645508e-05,-0.007326636314392076,-0.007268640995025621
1,0.06,2.302796379968867,0.12,-0.010747766494750954,-0.010349607467651345,-0.0022738647460937397,0.0003981590270996094,-0.008473901748657215,-0.008075742721557606
1,0.08,2.322796379968867,-0.12,-0.012339031696319558,-0.012244379520416238,-0.00438079833984374,9.465217590332031e-05,-0.007958233356475818,-0.007863581180572498
1,0.08,2.322796379968867,-0.06,-0.011928087472915627,-0.011700427532196023,-0.004395446777343739,0.0002276599407196045,-0.0075326406955718885,-0.007304980754852284
1,0.08,2.322796379968867,0.0,-0.014068043231964089,-0.014289861917495705,-0.005151672363281241,-0.0002218186855316162,-0.008916370868682848,-0.009138189554214464
1,0.08,2.322796379968867,0.06,-0.013255542516708352,-0.013237750530242898,-0.005370788574218742,1.77919864654541e-05,-0.00788475394248961,-0.007866961956024156
1,0.08,2.322796379968867,0.12,-0.010881549119949319,-0.01053149104118345,-0.003032531738281239,0.00035005807876586914,-0.007849017381668079,-0.007498959302902211
1,0.1,2.342796379968867,-0.12,-0.012613004446029641,-0.012562727928161599,-0.0037881469726562395,5.027651786804199e-05,-0.008824857473373401,-0.00877458095550536
1,0.1,2.342796379968867,-0.06,-0.012501186132431008,-0.012392765283584573,-0.00480255126953124,0.00010842084884643555,-0.007698634862899768,-0.007590214014053333
1,0.1,2.342796379968867,0.0,-0.013853943347930886,-0.013995116949081399,-0.004997253417968741,-0.0001411736011505127,-0.008856689929962145,-0.008997863531112657
1,0.1,2.342796379968867,0.06,-0.013131982088088967,-0.013159787654876687,-0.004795837402343741,-2.7805566787719727e-05,-0.008336144685745226,-0.008363950252532946
1,0.1,2.342796379968867,0.12,-0.0113708436489105,-0.01125640273094175,-0.0037594604492187395,0.00011444091796875,-0.007611383199691761,-0.007496942281723011
1,0.12,2.362796379968867,-0.12,-0.012632435560226418,-0.012567675113677956,-0.0038980102539062397,6.476044654846191e-05,-0.008734425306320178,-0.008669664859771716
1,0.12,2.362796379968867,-0.06,-0.01274231672286985,-0.012624329328536965,-0.00526763916015624,0.00011798739433288574,-0.007474677562713611,-0.007356690168380725
1,0.12,2.362796379968867,0.0,-0.013232982158660866,-0.013235157728195168,-0.00480194091796874,-2.175569534301758e-06,-0.008431041240692126,-0.008433216810226428
1,0.12,2.362796379968867,0.06,-0.01278538107872007,-0.012807524204254128,-0.00447784423828124,-2.2143125534057617e-05,-0.00830753684043883,-0.008329679965972888
1,0.12,2.362796379968867,0.12,-0.01184064745903013,-0.011912292242050149,-0.004240417480468739,-7.164478302001953e-05,-0.00760022997856139,-0.0076718747615814094
2,-0.12,2.8703951732918225,-0.12,-0.010532593727111794,-0.010564005374908425,-0.00362274169921874,-3.141164779663086e-05,-0.006909852027893054,-0.006941263675689685
2,-0.12,2.8703951732918225,-0.06,-0.010961776971816994,-0.010949796438217141,-0.0025357055664062384,1.1980533599853516e-05,-0.008426071405410756,-0.008414090871810902
2,-0.12,2.8703951732918225,0.0,-0.01049656271934507,-0.010351574420928933,-0.0037527465820312396,0.0001449882984161377,-0.006743816137313831,-0.006598827838897693
2,-0.12,2.8703951732918225,0.06,-0.011000341176986672,-0.010588294267654397,-0.0030618286132812387,0.0004120469093322754,-0.007938512563705433,-0.007526465654373158
2,-0.12,2.8703951732918225,0.12,-0.008841878175735451,-0.00864935517311094,-0.0043362426757812406,0.00019252300262451172,-0.004505635499954211,-0.004313112497329699
2,-0.1,2.8903951732918225,-0.12,-0.009977823495864846,-0.010060852766036965,-0.003721008300781239,-8.302927017211914e-05,-0.006256815195083607,-0.006339844465255726
2,-0.1,2.8903951732918225,-0.06,-0.010506963729858376,-0.010455495119094826,-0.0027114868164062386,5.1468610763549805e-05,-0.007795476913452138,-0.007744008302688588
2,-0.1,2.8903951732918225,0.0,-0.010064637660980202,-0.009859538078308083,-0.0033541870117187395,0.00020509958267211914,-0.006710450649261463,-0.006505351066589344
2,-0.1,2.8903951732918225,0.06,-0.010668879747390725,-0.010289168357849099,-0.0030484008789062387,0.000379711389541626,-0.007620478868484486,-0.00724076747894286
2,-0.1,2.8903951732918225,0.12,-0.009317463636398293,-0.009281373023986794,-0.00402618408203124,3.6090612411499023e-05,-0.005291279554367053,-0.005255188941955554
2,-0.08,2.9103951732918225,-0.12,-0.009507304430007912,-0.009431397914886452,-0.003333435058593739,7.590651512145996e-05,-0.006173869371414174,-0.006097962856292714
2,-0.08,2.9103951732918225,-0.06,-0.010029441118240334,-0.010037040710449197,-0.003032531738281239,-7.599592208862305e-06,-0.006996909379959095,-0.007004508972167958
2,-0.08,2.9103951732918225,0.0,-0.009915804862976052,-0.009656733274459817,-0.0030270385742187387,0.00025907158851623535,-0.006888766288757313,-0.006629694700241078
2,-0.08,2.9103951732918225,0.06,-0.01088399291038511,-0.010645395517349221,-0.0037832641601562396,0.00023859739303588867,-0.00710072875022887,-0.006862131357192981
2,-0.08,2.9103951732918225,0.12,-0.010243332386016823,-0.010311639308929421,-0.004080505371093739,-6.830692291259766e-05,-0.0061628270149230845,-0.006231133937835682
2,-0.06,2.9303951732918225,-0.12,-0.00929150581359861,-0.009151166677474953,-0.002916564941406239,0.00014033913612365723,-0.006374940872192371,-0.006234601736068714
2,-0.06,2.9303951732918225,-0.06,-0.009887731075286843,-0.009838289022445657,-0.003338317871093739,4.9442052841186523e-05,-0.006549413204193104,-0.006499971151351917
2,-0.06,2.9303951732918225,0.0,-0.01013282537460325,-0.010007953643798806,-0.002684020996093739,0.00012487173080444336,-0.00744880437850951,-0.007323932647705067
2,-0.06,2.9303951732918225,0.06,-0.011235392093658425,-0.01122731566429136,-0.004496154785156241,8.07642936706543e-06,-0.006739237308502184,-0.006731160879135119
2,-0.06,2.9303951732918225,0.12,-0.01096907854080198,-0.01097128391265867,-0.004126281738281241,-2.205371856689453e-06,-0.006842796802520739,-0.0068450021743774285
2,-0.04,2.9503951732918225,-0.12,-0.009540742635726907,-0.009427046775817849,-0.0029110717773437387,0.00011369585990905762,-0.006629670858383167,-0.00651597499847411
2,-0.04,2.9503951732918225,-0.06,-0.010142153501510598,-0.01012272238731382,-0.0036904907226562394,1.9431114196777344e-05,-0.006451662778854358,-0.006432231664657581
2,-0.04,2.9503951732918225,0.0,-0.010339236259460427,-0.010455018281936623,-0.0027639770507812385,-0.00011578202247619629,-0.0075752592086791885,-0.007691041231155385
2,-0.04,2.9503951732918225,0.06,-0.01108390688896177,-0.01113510727882383,-0.004524841308593741,-5.120038986206055e-05,-0.006559065580368029,-0.0066102659702300896
2,-0.04,2.9503951732918225,0.12,-0.01097152233123777,-0.01087326407432554,-0.00411346435546874,9.825825691223145e-05,-0.0068580579757690305,-0.006759799718856799
2,-0.02,2.9703951732918226,-0.12,-0.010117328166961648,-0.009923374652862527,-0.003275451660156239,0.0001939535140991211,-0.006841876506805409,-0.0066479229927062875
2,-0.02,2.9703951732918226,-0.06,-0.010593837499618508,-0.010588681697845437,-0.004090270996093739,5.155801773071289e-06,-0.006503566503524769,-0.006498410701751698
2,-0.02,2.9703951732918226,0.0,-0.010237193107604958,-0.010311937332153298,-0.003204040527343739,-7.474422454833984e-05,-0.007033152580261219,-0.007107896804809559
2,-0.02,2.9703951732918226,0.06,-0.010211712121963479,-0.010094827413558938,-0.0038858032226562395,0.00011688470840454102,-0.00632590889930724,-0.006209024190902699
2,-0.02,2.9703951732918226,0.12,-0.010324305295944192,-0.01024506092071531,-0.0040493774414062395,7.924437522888184e-05,-0.006274927854537952,-0.00619568347930907
2,0.0,2.9903951732918226,-0.12,-0.010790085792541482,-0.010586774349212624,-0.003601989746093739,0.00020331144332885742,-0.007188096046447743,-0.0069847846031188855
2,0.0,2.9903951732918226,-0.06,-0.011020696163177468,-0.011061674356460549,-0.00448333740234374,-4.0978193283081055e-05,-0.006537358760833728,-0.006578336954116809
2,0.0,2.9903951732918226,0.0,-0.009756213426589944,-0.009752607345581032,-0.003595886230468739,3.606081008911133e-06,-0.0061603271961212045,-0.006156721115112293
2,0.0,2.9903951732918226,0.06,-0.008944934606552102,-0.008669084310531594,-0.0031729125976562387,0.0002758502960205078,-0.005772022008895863,-0.005496171712875355
2,0.0,2.9903951732918226,0.12,-0.00952247381210325,-0.009440308809280373,-0.00398406982421874,8.216500282287598e-05,-0.005538403987884509,-0.005456238985061633
2,0.02,3.0103951732918226,-0.12,-0.01131666302680967,-0.011250799894332864,-0.0037460327148437396,6.586313247680664e-05,-0.007570630311965931,-0.007504767179489124
2,0.02,3.0103951732918226,-0.06,-0.011337405443191506,-0.011393404006957986,-0.004393005371093739,-5.599856376647949e-05,-0.006944400072097767,-0.007000398635864246
2,0.02,3.0103951732918226,0.0,-0.009027814865112282,-0.008988595008850075,-0.00392486572265624,3.921985626220703e-05,-0.0051029491424560425,-0.0050637292861938354
2,0.02,3.0103951732918226,0.06,-0.007828181982040383,-0.007435446977615334,-0.0029690551757812385,0.00039273500442504883,-0.004859126806259145,-0.004466391801834096
2,0.02,3.0103951732918226,0.12,-0.009038662910461404,-0.00895336866378782,-0.0037948608398437394,8.529424667358398e-05,-0.005243802070617664,-0.00515850782394408
2,0.04,3.0303951732918226,-0.12,-0.011416143178939797,-0.011482363939285256,-0.0037454223632812393,-6.622076034545898e-05,-0.007670720815658558,-0.007736941576004017
2,0.04,3.0303951732918226,-0.06,-0.011409229040145852,-0.01146200895309446,-0.0038595581054687396,-5.27799129486084e-05,-0.007549670934677112,-0.007602450847625721
2,0.04,3.0303951732918226,0.0,-0.008348858356475808,-0.008212393522262551,-0.00421905517578124,0.00013646483421325684,-0.004129803180694568,-0.0039933383464813114
2,0.04,3.0303951732918226,0.06,-0.007286703586578347,-0.0068641960620879905,-0.0032864379882812387,0.00042250752449035645,-0.004000265598297108,-0.003577758073806752
2,0.04,3.0303951732918226,0.12,-0.00905138850212095,-0.009047186374664284,-0.0035067749023437395,4.202127456665039e-06,-0.00554461359977721,-0.005540411472320545
2,0.06,3.0503951732918226,-0.12,-0.011160409450530984,-0.011205023527145364,-0.0037442016601562395,-4.461407661437988e-05,-0.007416207790374744,-0.007460821866989124
2,0.06,3.0503951732918226,-0.06,-0.011213457584381081,-0.011282062530517556,-0.0033248901367187392,-6.860494613647461e-05,-0.007888567447662342,-0.007957172393798817
2,0.06,3.0503951732918226,0.0,-0.007969534397125222,-0.007690793275833108,-0.00450469970703124,0.00027874112129211426,-0.003464834690093982,-0.0031860935688018677
2,0.06,3.0503951732918226,0.06,-0.007425969839096047,-0.007141208648681618,-0.003595886230468739,0.0002847611904144287,-0.003830083608627308,-0.0035453224182128793
2,0.06,3.0503951732918226,0.12,-0.009378170967102029,-0.009497946500778176,-0.0032333374023437392,-0.00011977553367614746,-0.006144833564758289,-0.006264609098434437
2,0.08,3.0703951732918227,-0.12,-0.010855323076248147,-0.010738319158554055,-0.003417053222656239,0.0001170039176940918,-0.007438269853591908,-0.007321265935897816
2,0.08,3.0703951732918227,-0.06,-0.010801976919174172,-0.010859346389770486,-0.003373718261718739,-5.7369470596313477e-05,-0.007428258657455433,-0.0074856281280517465
2,0.08,3.0703951732918227,0.0,-0.008038675785064675,-0.007682090997695901,-0.00439361572265624,0.0003565847873687744,-0.0036450600624084346,-0.0032884752750396602
2,0.08,3.0703951732918227,0.06,-0.008038079738616921,-0.007844990491867043,-0.0037777709960937398,0.00019308924674987793,-0.004260308742523181,-0.004067219495773303
2,0.08,3.0703951732918227,0.12,-0.009691184759139992,-0.009887611865997292,-0.003222351074218739,-0.0001964271068572998,-0.006468833684921254,-0.006665260791778553
2,0.1,3.0903951732918227,-0.12,-0.010654813051223733,-0.010455644130706765,-0.0027359008789062385,0.00019916892051696777,-0.007918912172317494,-0.007719743251800526
2,0.1,3.0903951732918227,-0.06,-0.010372644662857033,-0.010279542207717873,-0.003950500488281239,9.310245513916016e-05,-0.006422144174575794,-0.006329041719436634
2,0.1,3.0903951732918227,0.0,-0.008544778823852517,-0.00821215510368345,-0.0038864135742187394,0.0003326237201690674,-0.0046583652496337774,-0.00432574152946471
2,0.1,3.0903951732918227,0.06,-0.008750295639038064,-0.008543199300765969,-0.0038424682617187395,0.00020709633827209473,-0.004907827377319324,-0.0047007310390472295
2,0.1,3.0903951732918227,0.12,-0.009720152616500832,-0.009729957580566384,-0.003448181152343739,-9.804964065551758e-06,-0.006271971464157093,-0.006281776428222645
2,0.12,3.1103951732918227,-0.12,-0.010593599081039407,-0.010422831773757912,-0.001976013183593741,0.00017076730728149414,-0.008617585897445665,-0.008446818590164171
2,0.12,3.1103951732918227,-0.06,-0.01017523407936094,-0.009876555204391457,-0.00451202392578124,0.0002986788749694824,-0.005663210153579699,-0.005364531278610217
2,0.12,3.1103951732918227,0.0,-0.009290254116058327,-0.009009903669357278,-0.003329772949218739,0.0002803504467010498,-0.005960481166839588,-0.0056801307201385385
2,0.12,3.1103951732918227,0.06,-0.009170299768447854,-0.008973067998886086,-0.00390106201171874,0.00019723176956176758,-0.005269237756729114,-0.005072005987167346
2,0.12,3.1103951732918227,0.12,-0.009412324428558327,-0.009409731626510598,-0.003678894042968739,2.592802047729492e-06,-0.005733430385589588,-0.005730837583541859
3,-0.12,3.6179939666147782,-0.12,-0.010565793514251687,-0.010393446683883645,-0.001921691894531241,0.000172346830368042,-0.008644101619720446,-0.008471754789352404
3,-0.12,3.6179939666147782,-0.06,-0.01001850366592405,-0.010073131322860696,-0.0019961547851562404,-5.462765693664551e-05,-0.00802234888076781,-0.008076976537704455
3,-0.12,3.6179939666147782,0.0,-0.008358246088027932,-0.008201992511749245,-0.002552795410156238,0.00015625357627868652,-0.005805450677871694,-0.005649197101593007
3,-0.12,3.6179939666147782,0.06,-0.007786428928375222,-0.007607436180114724,-0.0020223999023437408,0.00017899274826049805,-0.005764029026031481,-0.005585036277770983
3,-0.12,3.6179939666147782,0.12,-0.008998161554336526,-0.009115940332412698,-0.0025656127929687385,-0.00011777877807617188,-0.006432548761367787,-0.006550327539443959
3,-0.1,3.6379939666147783,-0.12,-0.010665512084960915,-0.010555809736251809,-0.002261657714843739,0.00010970234870910645,-0.008403854370117175,-0.008294152021408069
3,-0.1,3.6379939666147783,-0.06,-0.00914604067802427,-0.008990323543548562,-0.0022543334960937393,0.000155717134475708,-0.00689170718193053,-0.006735990047454822
3,-0.1,3.6379939666147783,0.0,-0.007852888107299782,-0.007600224018096902,-0.0018655395507812412,0.00025266408920288086,-0.005987348556518541,-0.0057346844673156604
3,-0.1,3.6379939666147783,0.06,-0.00774041414260862,-0.007446205615997292,-0.001861877441406241,0.0002942085266113281,-0.005878536701202379,-0.005584328174591051
3,-0.1,3.6379939666147783,0.12,-0.008838421106338479,-0.008876091241836526,-0.00218719482421874,-3.7670135498046875e-05,-0.006651226282119739,-0.006688896417617786
3,-0.08,3.6579939666147783,-0.12,-0.010640507936477639,-0.010557687282562234,-0.0025619506835937384,8.282065391540527e-05,-0.008078557252883901,-0.007995736598968496
3,-0.08,3.6579939666147783,-0.06,-0.008470273017883279,-0.008107370138168313,-0.0024996948242187386,0.0003629028797149658,-0.00597057819366454,-0.005607675313949574
3,-0.08,3.6579939666147783,0.0,-0.007846957445144631,-0.0076121747493743674,-0.001090393066406245,0.00023478269577026367,-0.006756564378738386,-0.006521781682968122
3,-0.08,3.6579939666147783,0.06,-0.008049553632736184,-0.007781988382339455,-0.0016830444335937424,0.0002675652503967285,-0.0063665091991424415,-0.006098943948745713
3,-0.08,3.6579939666147783,0.12,-0.00877479314804075,-0.00872421860694883,-0.0018179321289062416,5.0574541091918945e-05,-0.006956861019134508,-0.006906286478042589
3,-0.06,3.6779939666147783,-0.12,-0.010564571619033791,-0.010420238971710183,-0.002426452636718739,0.0001443326473236084,-0.008138118982315052,-0.007993786334991444
3,-0.06,3.6779939666147783,-0.06,-0.008376097679138161,-0.007888054847717263,-0.002580261230468738,0.00048804283142089844,-0.005795836448669423,-0.005307793617248525
3,-0.06,3.6779939666147783,0.0,-0.008480167388915993,-0.008279836177825906,-0.0014486694335937435,0.0002003312110900879,-0.0070314979553222495,-0.006831166744232162
3,-0.06,3.6779939666147783,0.06,-0.008780843019485451,-0.008578664064407326,-0.0017831420898437415,0.000202178955078125,-0.00699770092964171,-0.006795521974563585
3,-0.06,3.6779939666147783,0.12,-0.008841133117675759,-0.008846825361251809,-0.0013864135742187435,-5.692243576049805e-06,-0.007454719543457016,-0.007460411787033066
3,-0.04,3.6979939666147783,-0.12,-0.010575211048126198,-0.0105354845523834,-0.0022366333007812393,3.972649574279785e-05,-0.00833857774734496,-0.008298851251602162
3,-0.04,3.6979939666147783,-0.06,-0.008904314041137673,-0.008527910709381081,-0.002644348144531239,0.0003764033317565918,-0.006259965896606434,-0.005883562564849842
3,-0.04,3.6979939666147783,0.0,-0.009566253423690774,-0.00943944454193113,-0.0019027709960937412,0.00012680888175964355,-0.0076634824275970325,-0.007536673545837389
3,-0.04,3.6979939666147783,0.06,-0.00971189737319944,-0.009621030092239358,-0.001912536621093741,9.086728096008301e-05,-0.0077993607521057,-0.007708493471145617
3,-0.04,3.6979939666147783,0.12,-0.008888816833496072,-0.008929616212844826,-0.0009378051757812456,-4.079937934875488e-05,-0.007951011657714826,-0.007991811037063581
3,-0.02,3.7179939666147783,-0.12,-0.01055929660797117,-0.010576432943344094,-0.0020394897460937404,-1.7136335372924805e-05,-0.008519806861877428,-0.008536943197250353
3,-0.02,3.7179939666147783,-0.06,-0.00978187322616575,-0.009546017646789529,-0.0027078247070312384,0.0002358555793762207,-0.007074048519134511,-0.00683819293975829
3,-0.02,3.7179939666147783,0.0,-0.010823702812194802,-0.01082295775413511,-0.002323303222656239,7.450580596923828e-07,-0.008500399589538563,-0.00849965453147887
3,-0.02,3.7179939666147783,0.06,-0.01062238812446592,-0.010625159740447976,-0.0020394897460937404,-2.771615982055664e-06,-0.00858289837837218,-0.008585669994354235
3,-0.02,3.7179939666147783,0.12,-0.008694416284561135,-0.008679544925689675,-0.0004794311523437478,1.4871358871459961e-05,-0.008214985132217387,-0.008200113773345927
3,0.0,3.7379939666147783,-0.12,-0.010326421260833718,-0.010331219434738137,-0.0019509887695312409,-4.798173904418945e-06,-0.008375432491302476,-0.008380230665206895
3,0.0,3.7379939666147783,-0.06,-0.010613238811492898,-0.010504490137100198,-0.002511901855468738,0.0001087486743927002,-0.00810133695602416,-0.00799258828163146
3,0.0,3.7379939666147783,0.0,-0.01198158264160154,-0.01214051842689512,-0.002306823730468739,-0.0001589357852935791,-0.009674758911132801,-0.00983369469642638
3,0.0,3.7379939666147783,0.06,-0.011435663700103738,-0.011505639553070046,-0.0018368530273437415,-6.99758529663086e-05,-0.009598810672759996,-0.009668786525726305
3,0.0,3.7379939666147783,0.12,-0.008221483230590798,-0.00798571705818174,-0.0005661010742187473,0.00023576617240905762,-0.007655382156372051,-0.007419615983962994
3,0.02,3.7579939666147784,-0.12,-0.009799486398696877,-0.009879386425018288,-0.0018765258789062412,-7.990002632141113e-05,-0.007922960519790636,-0.008002860546112047
3,0.02,3.7579939666147784,-0.06,-0.011044061183929421,-0.011140173673629739,-0.0022860717773437395,-9.611248970031738e-05,-0.008757989406585683,-0.008854101896286
3,0.02,3.7579939666147784,0.0,-0.012807643413543679,-0.013018226623535134,-0.0022421264648437396,-0.00021058320999145508,-0.010565516948699939,-0.010776100158691394
3,0.02,3.7579939666147784,0.06,-0.012083148956298806,-0.012348985671997048,-0.0015969848632812424,-0.0002658367156982422,-0.010486164093017563,-0.010752000808715806
3,0.02,3.7579939666147784,0.12,-0.007624274492263772,-0.007149404287338235,-0.0007254028320312466,0.0004748702049255371,-0.006898871660232525,-0.006424001455306988
3,0.04,3.7779939666147784,-0.12,-0.00902435779571531,-0.008772110939025857,-0.0018051147460937415,0.0002522468566894531,-0.007219243049621568,-0.006966996192932115
3,0.04,3.7779939666147784,-0.06,-0.010964995622634865,-0.011090284585952737,-0.002059020996093741,-0.0001252889633178711,-0.008905974626541125,-0.009031263589858996
3,0.04,3.7779939666147784,0.0,-0.013135796785354592,-0.013350403308868386,-0.00217498779296874,-0.00021460652351379395,-0.010960808992385853,-0.011175415515899647
3,0.04,3.7779939666147784,0.06,-0.012328332662582375,-0.012859767675399758,-0.0013571166992187437,-0.0005314350128173828,-0.010971215963363631,-0.011502650976181014
3,0.04,3.7779939666147784,0.12,-0.007113969326019265,-0.006515717506408669,-0.0008987426757812457,0.0005982518196105957,-0.006215226650238019,-0.005616974830627423
3,0.06,3.7979939666147784,-0.12,-0.008159881830215432,-0.007803446054458596,-0.0016708374023437422,0.00035643577575683594,-0.00648904442787169,-0.006132608652114854
3,0.06,3.7979939666147784,-0.06,-0.010391420125961282,-0.010289317369461037,-0.0017874145507812416,0.00010210275650024414,-0.00860400557518004,-0.008501902818679796
3,0.06,3.7979939666147784,0.0,-0.01279715299606321,-0.013044452667236306,-0.0019912719726562405,-0.0002472996711730957,-0.01080588102340697,-0.011053180694580066
3,0.06,3.7979939666147784,0.06,-0.011904454231262185,-0.012422746419906594,-0.001341857910156244,-0.0005182921886444092,-0.010562596321105941,-0.01108088850975035
3,0.06,3.7979939666147784,0.12,-0.006891733407974221,-0.006352490186691262,-0.0006857299804687469,0.000539243221282959,-0.006206003427505474,-0.005666760206222515
3,0.08,3.8179939666147784,-0.12,-0.007524943351745583,-0.007193928956985451,-0.0015213012695312429,0.00033101439476013184,-0.00600364208221434,-0.0056726276874542085
3,0.08,3.8179939666147784,-0.06,-0.009574776887893655,-0.009311860799789407,-0.0014993286132812431,0.00026291608810424805,-0.008075448274612412,-0.007812532186508164
3,0.08,3.8179939666147784,0.0,-0.011900937557220437,-0.012094295024871804,-0.0017971801757812416,-0.0001933574676513672,-0.010103757381439196,-0.010297114849090563
3,0.08,3.8179939666147784,0.06,-0.011039173603057839,-0.01129973530769346,-0.0013516235351562437,-0.0002605617046356201,-0.009687550067901595,-0.009948111772537216
3,0.08,3.8179939666147784,0.12,-0.007135903835296609,-0.006690120697021462,-0.0004074096679687481,0.0004457831382751465,-0.0067284941673278606,-0.006282711029052714
3,0.1,3.8379939666147784,-0.12,-0.007345205545425393,-0.007045036554336526,-0.0013626098632812435,0.0003001689910888672,-0.00598259568214415,-0.005682426691055282
3,0.1,3.8379939666147784,-0.06,-0.008926814794540383,-0.008595532178878762,-0.0011990356445312443,0.0003312826156616211,-0.0077277791500091385,-0.007396496534347517
3,0.1,3.8379939666147784,0.0,-0.010892367362976052,-0.01095420718193052,-0.0016061401367187427,-6.183981895446777e-05,-0.009286227226257309,-0.009348067045211777
3,0.1,3.8379939666147784,0.06,-0.010258412361144997,-0.010290390253066994,-0.0013607788085937436,-3.197789192199707e-05,-0.008897633552551253,-0.00892961144447325
3,0.1,3.8379939666147784,0.12,-0.00785446763038633,-0.0075584709644317405,-0.00010345458984374953,0.00029599666595458984,-0.007751013040542581,-0.007455016374587991
3,0.12,3.8579939666147784,-0.12,-0.007583385705947854,-0.007259821891784646,-0.0012283325195312441,0.000323563814163208,-0.00635505318641661,-0.006031489372253402
3,0.12,3.8579939666147784,-0.06,-0.00865826606750486,-0.008367305994033791,-0.0014596557617187432,0.00029096007347106934,-0.007198610305786117,-0.006907650232315048
3,0.12,3.8579939666147784,0.0,-0.010230278968811013,-0.010171717405319192,-0.0016677856445312422,5.856156349182129e-05,-0.00856249332427977,-0.00850393176078795
3,0.12,3.8579939666147784,0.06,-0.009901380538940407,-0.009944951534271218,-0.001294250488281244,-4.357099533081055e-05,-0.008607130050659164,-0.008650701045989974
3,0.12,3.8579939666147784,0.12,-0.008794939517974831,-0.008752471208572365,-0.0005593872070312473,4.246830940246582e-05,-0.008235552310943584,-0.008193084001541118
