time_s,steady_eta_g1_m,steady_eta_g2_m,steady_eta_g3_m,inlet_ramp_factor
0,0.029999999999999999,0.0092705098312483858,-0.02853169548885463,0
0.016666666666666666,0.029926921507794729,0.011238197802477305,-0.029108871788279905,7.6152421804365211e-05
0.033333333333333333,0.029708042062247107,0.013151134403672294,-0.029544232590366253,0.00030458649045211894
0.050000000000000003,0.029344428022014171,0.014999999999999951,-0.029835656861048204,0.00068523262271308338
0.066666666666666666,0.028837850878149558,0.016775787104122385,-0.029981724810572874,0.0012179748700879012
0.083333333333333329,0.028190778623577249,0.018469844259769708,-0.029981724810572867,0.0019026509541272274
0.10000000000000001,0.027406363729278013,0.020073918190765729,-0.02983565686104819,0.0027390523158633551
0.11666666666666667,0.026488427785767803,0.021580194010159506,-0.029544232590366228,0.0037269241793390084
0.13333333333333333,0.025441442884692758,0.022981333293569297,-0.02910887178827987,0.004865965629214819
0.14999999999999999,0.024270509831248413,0.024270509831248399,-0.028531695488854585,0.0061558297024311148
0.16666666666666666,0.022981333293569346,0.025441442884692744,-0.027815515637003602,0.0075961234938959898
0.18333333333333332,0.02158019401015952,0.026488427785767793,-0.026963821388974973,0.0091864082761680121
0.20000000000000001,0.02007391819076575,0.027406363729278002,-0.025980762113533132,0.010926199633097156
0.21666666666666667,0.018469844259769729,0.028190778623577242,-0.024871127176651204,0.012814967607382377
0.23333333333333334,0.016775787104122402,0.028837850878149551,-0.023640322608201623,0.014852136862001764
0.25,0.014999999999999973,0.029344428022014164,-0.022294344764321766,0.017037086855465844
0.26666666666666666,0.013151134403672314,0.029708042062247104,-0.020839751113769869,0.019369152030840553
0.28333333333333333,0.011238197802477326,0.029926921507794722,-0.019283628290596107,0.021847622018482227
0.29999999999999999,0.0092705098312484101,0.029999999999999999,-0.017633557568774137,0.024471741852423234
0.31666666666666665,0.0072576568679900413,0.029926921507794732,-0.015897577926996108,0.027240712200341577
0.33333333333333331,0.0052094453300078917,0.029708042062247114,-0.014084146883576655,0.030153689607045786
0.34999999999999998,0.0031358538980296087,0.029344428022014181,-0.012202099292273958,0.033209786751399129
0.36666666666666664,0.0010469849010750045,0.028837850878149572,-0.010260604299769984,0.036408072716606288
0.38333333333333336,-0.0010469849010750301,0.028190778623577269,-0.0082691206745099197,0.039747573273779868
0.40000000000000002,-0.0031358538980296342,0.027406363729278033,-0.0062373507245326943,0.043227271178699567
0.41666666666666669,-0.0052094453300079169,0.026488427785767828,-0.0041751930288018999,0.046846106481675032
0.43333333333333335,-0.0072576568679900665,0.025441442884692814,-0.0020926942123236656,0.050602976850416481
0.45000000000000001,-0.0092705098312484344,0.024270509831248448,6.9823436970496781e-17,0.054496737905816051
0.46666666666666667,-0.01123819780247735,0.02298133329356938,0.0020926942123238048,0.058526203570536506
0.48333333333333334,-0.013151134403672339,0.021580194010159558,0.0041751930288020378,0.062690146430302129
0.5,-0.014999999999999994,0.020073918190765788,0.0062373507245328304,0.066987298107780646
0.51666666666666672,-0.016775787104122423,0.018469844259769771,0.0082691206745100533,0.071416349648943889
0.53333333333333333,-0.018469844259769747,0.016775787104122447,0.010260604299770116,0.075975951921787022
0.55000000000000004,-0.020073918190765767,0.01500000000000002,0.012202099292274086,0.080664716027287975
0.56666666666666665,-0.021580194010159537,0.013151134403672363,0.014084146883576778,0.085481213722479132
0.58333333333333337,-0.022981333293569363,0.011238197802477425,0.015897577926996226,0.090423977855504101
0.59999999999999998,-0.02427050983124843,0.0092705098312484604,0.017633557568774251,0.095491502812526274
0.6166666666666667,-0.025441442884692772,0.0072576568679900413,0.019283628290596214,0.10068224497635359
0.6333333333333333,-0.026488427785767814,0.0052094453300079438,0.020839751113769969,0.10599462319663905
0.65000000000000002,-0.027406363729278026,0.003135853898029662,0.02229434476432186,0.1114270192715146
0.66666666666666663,-0.028190778623577259,0.0010469849010751109,0.023640322608201706,0.11697777844051099
0.68333333333333335,-0.028837850878149565,-0.0010469849010749767,0.02487112717665128,0.12264520988861399
0.69999999999999996,-0.029344428022014164,-0.0031358538980295813,0.025980762113533173,0.12842758726130282
0.71666666666666667,-0.029708042062247111,-0.0052094453300078648,0.026963821388975035,0.13432314919041477
0.73333333333333328,-0.029926921507794725,-0.0072576568679899632,0.027815515637003636,0.1403300998306744
0.75,-0.029999999999999999,-0.0092705098312483841,0.02853169548885463,0.14644660940672621
0.76666666666666672,-0.029926921507794729,-0.01123819780247735,0.029108871788279905,0.15267081477050143
0.78333333333333333,-0.029708042062247107,-0.01315113440367229,0.029544232590366253,0.15900081996875076
0.80000000000000004,-0.029344428022014171,-0.014999999999999947,0.029835656861048204,0.16543469682057088
0.81666666666666665,-0.028837850878149558,-0.016775787104122336,0.029981724810572874,0.17197048550474631
0.83333333333333337,-0.028190778623577252,-0.018469844259769705,0.029981724810572867,0.17860619515673032
0.84999999999999998,-0.027406363729278033,-0.020073918190765726,0.029835656861048193,0.18533980447508125
0.8666666666666667,-0.026488427785767807,-0.021580194010159502,0.029544232590366228,0.19216926233717085
0.8833333333333333,-0.025441442884692789,-0.022981333293569297,0.029108871788279884,0.19909248842397581
0.90000000000000002,-0.024270509831248416,-0.024270509831248396,0.028531695488854585,0.20610737385376343
0.91666666666666663,-0.022981333293569349,-0.025441442884692744,0.027815515637003605,0.21321178182447692
0.93333333333333335,-0.021580194010159523,-0.026488427785767793,0.026963821388974976,0.2204035482646266
0.94999999999999996,-0.020073918190765754,-0.027406363729278002,0.025980762113533135,0.2276804824924864
0.96666666666666667,-0.018469844259769733,-0.028190778623577221,0.024871127176651204,0.23504036788339755
0.98333333333333328,-0.016775787104122405,-0.028837850878149548,0.023640322608201623,0.24248096254497287
1,-0.015000000000000022,-0.029344428022014164,0.022294344764321804,0.24999999999999994
1.0166666666666666,-0.013151134403672318,-0.029708042062247104,0.020839751113769872,0.25759518987683144
1.0333333333333334,-0.011238197802477329,-0.029926921507794722,0.01928362829059611,0.26526421860705468
1.05,-0.0092705098312484135,-0.029999999999999999,0.01763355756877414,0.27300475013022663
1.0666666666666667,-0.0072576568679900448,-0.029926921507794732,0.015897577926996111,0.2808144266054613
1.0833333333333333,-0.0052094453300079481,-0.029708042062247114,0.014084146883576705,0.28869086912965025
1.1000000000000001,-0.0031358538980295861,-0.029344428022014181,0.012202099292273913,0.29663167846209992
1.1166666666666667,-0.0010469849010750346,-0.028837850878149589,0.010260604299769988,0.30463443575536314
1.1333333333333333,0.0010469849010750264,-0.028190778623577269,0.0082691206745099232,0.31269670329204391
1.1499999999999999,0.0031358538980296039,-0.027406363729278033,0.0062373507245327498,0.32081602522734981
1.1666666666666667,0.0052094453300079134,-0.026488427785767828,0.0041751930288019034,0.32898992833716556
1.1833333333333333,0.0072576568679900378,-0.025441442884692817,0.002092694212323669,0.33721592277142165
1.2,0.0092705098312484049,-0.024270509831248479,-6.6149496573054729e-17,0.34549150281252627
1.2166666666666666,0.011238197802477347,-0.022981333293569384,-0.0020926942123238009,0.3538141476386315
1.2333333333333334,0.013151134403672335,-0.021580194010159558,-0.0041751930288020343,0.36218132209150045
1.25,0.014999999999999991,-0.020073918190765788,-0.006237350724532827,0.37059047744873963
1.2666666666666666,0.016775787104122399,-0.018469844259769816,-0.0082691206745100498,0.37903905220016615
1.2833333333333334,0.018469844259769764,-0.016775787104122405,-0.010260604299770113,0.38752447282806757
1.3,0.020073918190765747,-0.015000000000000022,-0.012202099292274034,0.39604415459112041
1.3166666666666667,0.021580194010159533,-0.013151134403672366,-0.014084146883576775,0.40459550231172753
1.3333333333333333,0.022981333293569325,-0.011238197802477428,-0.015897577926996181,0.41317591116653479
1.3500000000000001,0.024270509831248427,-0.0092705098312484639,-0.017633557568774248,0.42178276747988452
1.3666666666666667,0.025441442884692786,-0.0072576568679900448,-0.019283628290596211,0.43041344951996729
1.3833333333333333,0.026488427785767803,-0.0052094453300079481,-0.020839751113769931,0.43906532829742617
1.3999999999999999,0.027406363729278023,-0.0031358538980296655,-0.022294344764321856,0.44773576836617318
1.4166666666666667,0.028190778623577249,-0.001046984901075088,-0.023640322608201706,0.45642212862617093
1.4333333333333333,0.028837850878149562,0.0010469849010749733,-0.02487112717665128,0.4651217631279374
1.45,0.029344428022014167,0.003135853898029551,-0.025980762113533173,0.47383202187852802
1.4666666666666666,0.029708042062247107,0.0052094453300078345,-0.026963821388975011,0.48255025164874948
1.4833333333333334,0.029926921507794729,0.0072576568679899858,-0.027815515637003654,0.49127379678135819
1.5,0.029999999999999999,0.0092705098312483806,-0.028531695488854626,0.49999999999999994
1.5166666666666666,0.029926921507794729,0.011238197802477297,-0.029108871788279905,0.5087262032186417
1.5333333333333334,0.029708042062247107,0.013151134403672287,-0.029544232590366253,0.51744974835125057
1.55,0.029344428022014171,0.014999999999999944,-0.029835656861048204,0.52616797812147187
1.5666666666666667,0.028837850878149565,0.016775787104122353,-0.029981724810572874,0.53487823687206271
1.5833333333333333,0.028190778623577252,0.018469844259769705,-0.029981724810572867,0.54357787137382907
1.6000000000000001,0.02740636372927803,0.020073918190765705,-0.029835656861048197,0.55226423163382665
1.6166666666666667,0.02648842778576781,0.021580194010159499,-0.029544232590366228,0.56093467170257372
1.6333333333333333,0.025441442884692789,0.022981333293569293,-0.029108871788279887,0.56958655048003259
1.6499999999999999,0.024270509831248434,0.024270509831248378,-0.028531695488854585,0.57821723252011525
1.6666666666666667,0.022981333293569332,0.025441442884692755,-0.027815515637003605,0.58682408883346515
1.6833333333333333,0.02158019401015954,0.026488427785767776,-0.026963821388975,0.59540449768827242
1.7,0.020073918190765754,0.027406363729278002,-0.025980762113533135,0.60395584540887959
1.7166666666666666,0.018469844259769774,0.028190778623577221,-0.024871127176651239,0.61247552717193243
1.7333333333333334,0.016775787104122409,0.028837850878149548,-0.023640322608201626,0.62096094779983391
1.75,0.015000000000000003,0.029344428022014157,-0.022294344764321808,0.62940952255126037
1.7666666666666666,0.013151134403672347,0.029708042062247097,-0.020839751113769914,0.63781867790849955
1.7833333333333334,0.011238197802477359,0.029926921507794722,-0.019283628290596114,0.64618585236136838
1.8,0.009270509831248417,0.029999999999999999,-0.01763355756877414,0.65450849718747373
1.8166666666666667,0.0072576568679900491,0.029926921507794732,-0.015897577926996115,0.66278407722857824
1.8333333333333333,0.0052094453300079247,0.029708042062247118,-0.014084146883576709,0.67101007166283422
1.8500000000000001,0.003135853898029616,0.029344428022014184,-0.012202099292273965,0.67918397477265013
1.8666666666666667,0.0010469849010750383,0.028837850878149583,-0.010260604299769991,0.68730329670795598
1.8833333333333333,-0.0010469849010750227,0.028190778623577273,-0.0082691206745099267,0.6953655642446368
1.8999999999999999,-0.003135853898029574,0.027406363729278058,-0.0062373507245327533,0.70336832153790008
1.9166666666666667,-0.0052094453300079099,0.026488427785767831,-0.0041751930288019068,0.71130913087034986
1.9333333333333333,-0.0072576568679900075,0.025441442884692817,-0.0020926942123237263,0.7191855733945387
1.95,-0.0092705098312484257,0.024270509831248448,6.2475556175612665e-17,0.72699524986977337
1.9666666666666666,-0.011238197802477343,0.022981333293569387,0.0020926942123237978,0.73473578139294526
1.9833333333333334,-0.013151134403672332,0.021580194010159561,0.0041751930288020309,0.7424048101231685
2,-0.014999999999999987,0.020073918190765792,0.0062373507245328235,0.74999999999999989
2.0166666666666666,-0.016775787104122374,0.018469844259769819,0.0082691206745099943,0.75751903745502691
2.0333333333333332,-0.018469844259769743,0.016775787104122454,0.010260604299770109,0.76495963211660234
2.0499999999999998,-0.020073918190765722,0.015000000000000072,0.012202099292274031,0.77231951750751338
2.0666666666666669,-0.02158019401015953,0.01315113440367237,0.014084146883576771,0.77959645173537351
2.0833333333333335,-0.022981333293569359,0.011238197802477383,0.015897577926996219,0.78678821817552302
2.1000000000000001,-0.024270509831248423,0.0092705098312484673,0.017633557568774244,0.79389262614623646
2.1166666666666667,-0.025441442884692769,0.0072576568679901012,0.019283628290596211,0.80090751157602424
2.1333333333333333,-0.02648842778576779,0.0052094453300080036,0.020839751113769928,0.80783073766282909
2.1499999999999999,-0.027406363729278023,0.0031358538980296689,0.022294344764321856,0.81466019552491864
2.1666666666666665,-0.028190778623577238,0.0010469849010751183,0.023640322608201668,0.82139380484326963
2.1833333333333331,-0.028837850878149548,-0.0010469849010749162,0.024871127176651249,0.82802951449525364
2.2000000000000002,-0.029344428022014174,-0.003135853898029574,0.025980762113533198,0.83456530317942912
2.2166666666666668,-0.029708042062247107,-0.005209445330007857,0.026963821388975035,0.84099918003124918
2.2333333333333334,-0.029926921507794725,-0.0072576568679899554,0.027815515637003633,0.84732918522949863
2.25,-0.029999999999999999,-0.0092705098312483771,0.028531695488854626,0.85355339059327373
2.2666666666666666,-0.029926921507794729,-0.011238197802477293,0.029108871788279905,0.85966990016932554
2.2833333333333332,-0.029708042062247114,-0.013151134403672236,0.029544232590366242,0.86567685080958523
2.2999999999999998,-0.029344428022014171,-0.014999999999999942,0.029835656861048204,0.87157241273869701
2.3166666666666669,-0.028837850878149558,-0.016775787104122374,0.029981724810572871,0.87735479011138606
2.3333333333333335,-0.028190778623577252,-0.018469844259769701,0.029981724810572867,0.88302222155948895
2.3500000000000001,-0.027406363729278037,-0.020073918190765684,0.029835656861048197,0.88857298072848545
2.3666666666666667,-0.02648842778576781,-0.021580194010159495,0.029544232590366232,0.8940053768033609
2.3833333333333333,-0.025441442884692789,-0.02298133329356929,0.029108871788279887,0.8993177550236463
2.3999999999999999,-0.024270509831248451,-0.024270509831248364,0.028531695488854605,0.90450849718747373
2.4166666666666665,-0.022981333293569352,-0.025441442884692737,0.027815515637003609,0.90957602214449573
2.4333333333333331,-0.021580194010159565,-0.026488427785767762,0.026963821388975004,0.9145187862775207
2.4500000000000002,-0.020073918190765757,-0.027406363729277999,0.025980762113533135,0.91933528397271203
2.4666666666666668,-0.018469844259769736,-0.028190778623577238,0.024871127176651211,0.92402404807821292
2.4833333333333334,-0.016775787104122412,-0.028837850878149548,0.02364032260820163,0.92858365035105628
2.5,-0.015000000000000029,-0.02934442802201415,0.022294344764321811,0.93301270189221941
2.5166666666666666,-0.013151134403672325,-0.0297080420622471,0.020839751113769879,0.93730985356969787
2.5333333333333332,-0.011238197802477387,-0.029926921507794722,0.019283628290596155,0.94147379642946349
2.5499999999999998,-0.0092705098312484708,-0.029999999999999999,0.017633557568774185,0.94550326209418389
2.5666666666666669,-0.0072576568679900005,-0.029926921507794729,0.015897577926996073,0.94939702314958352
2.5833333333333335,-0.0052094453300079021,-0.029708042062247114,0.014084146883576665,0.95315389351832502
2.6000000000000001,-0.0031358538980296199,-0.029344428022014184,0.012202099292273968,0.95677272882130049
2.6166666666666667,-0.0010469849010750687,-0.028837850878149589,0.010260604299770045,0.96025242672622024
2.6333333333333333,0.001046984901075019,-0.028190778623577273,0.0082691206745099301,0.96359192728339371
2.6499999999999999,0.0031358538980295705,-0.027406363729278061,0.0062373507245327567,0.96679021324860082
2.6666666666666665,0.0052094453300078536,-0.026488427785767859,0.0041751930288019641,0.96984631039295421
2.6833333333333331,0.007257656867990004,-0.025441442884692821,0.0020926942123237298,0.97275928779965837
2.7000000000000002,0.009270509831248424,-0.024270509831248451,-5.8801615778170602e-17,0.97552825814757682
2.7166666666666668,0.01123819780247734,-0.022981333293569387,-0.0020926942123237939,0.97815237798151777
2.7333333333333334,0.013151134403672328,-0.021580194010159565,-0.0041751930288020274,0.98063084796915945
2.75,0.014999999999999984,-0.020073918190765795,-0.00623735072453282,0.9829629131445341
2.7666666666666666,0.016775787104122371,-0.018469844259769823,-0.0082691206745099909,0.98514786313799818
2.7833333333333332,0.018469844259769698,-0.016775787104122499,-0.010260604299770056,0.98718503239261757
2.7999999999999998,0.020073918190765719,-0.015000000000000072,-0.012202099292274027,0.98907380036690284
2.8166666666666669,0.02158019401015953,-0.013151134403672373,-0.014084146883576768,0.99081359172383199
2.8333333333333335,0.022981333293569321,-0.011238197802477435,-0.015897577926996174,0.99240387650610407
2.8500000000000001,0.024270509831248423,-0.0092705098312484708,-0.017633557568774241,0.99384417029756889
2.8666666666666667,0.025441442884692765,-0.0072576568679901038,-0.019283628290596207,0.99513403437078518
2.8833333333333333,0.026488427785767786,-0.0052094453300080071,-0.020839751113769924,0.99627307582066105
2.8999999999999999,0.027406363729278019,-0.0031358538980296728,-0.022294344764321853,0.99726094768413664
2.9166666666666665,0.028190778623577235,-0.0010469849010751218,-0.023640322608201668,0.99809734904587277
2.9333333333333331,0.028837850878149544,0.0010469849010749125,-0.024871127176651246,0.9987820251299121
2.9500000000000002,0.029344428022014174,0.0031358538980295705,-0.025980762113533198,0.99931476737728686
2.9666666666666668,0.029708042062247107,0.0052094453300078536,-0.026963821388975032,0.99969541350954794
2.9833333333333334,0.029926921507794725,0.0072576568679899528,-0.027815515637003633,0.99992384757819563
3,0.029999999999999999,0.0092705098312483736,-0.028531695488854626,1
3.0166666666666666,0.029926921507794729,0.01123819780247729,-0.029108871788279901,1
3.0333333333333332,0.029708042062247118,0.013151134403672233,-0.029544232590366242,1
3.0499999999999998,0.029344428022014184,0.014999999999999894,-0.029835656861048197,1
3.0666666666666669,0.028837850878149562,0.016775787104122371,-0.029981724810572871,1
3.0833333333333335,0.028190778623577255,0.018469844259769698,-0.029981724810572867,1
3.1000000000000001,0.02740636372927804,0.020073918190765681,-0.029835656861048197,1
3.1166666666666667,0.02648842778576781,0.021580194010159495,-0.029544232590366232,1
3.1333333333333333,0.025441442884692793,0.022981333293569287,-0.029108871788279887,1
3.1499999999999999,0.024270509831248451,0.024270509831248361,-0.028531695488854605,1
3.1666666666666665,0.022981333293569356,0.025441442884692737,-0.027815515637003609,1
3.1833333333333331,0.021580194010159568,0.026488427785767758,-0.026963821388975004,1
3.2000000000000002,0.02007391819076576,0.027406363729277999,-0.025980762113533139,1
3.2166666666666668,0.01846984425976974,0.028190778623577235,-0.024871127176651211,1
3.2333333333333334,0.016775787104122416,0.028837850878149544,-0.02364032260820163,1
3.25,0.015000000000000032,0.02934442802201415,-0.022294344764321815,1
3.2666666666666666,0.013151134403672377,0.029708042062247093,-0.020839751113769921,1
3.2833333333333332,0.01123819780247739,0.029926921507794722,-0.019283628290596159,1
3.2999999999999998,0.0092705098312484743,0.029999999999999999,-0.017633557568774189,1
3.3166666666666669,0.007257656867990056,0.029926921507794732,-0.015897577926996118,1
3.3333333333333335,0.0052094453300079065,0.029708042062247118,-0.014084146883576669,1
3.3500000000000001,0.0031358538980296234,0.029344428022014184,-0.012202099292273972,1
3.3666666666666667,0.0010469849010750723,0.028837850878149593,-0.010260604299770047,1
3.3833333333333333,-0.0010469849010750153,0.028190778623577273,-0.0082691206745099336,1
3.3999999999999999,-0.0031358538980295666,0.027406363729278061,-0.0062373507245327602,1
3.4166666666666665,-0.0052094453300078501,0.026488427785767862,-0.0041751930288019675,1
3.4333333333333331,-0.0072576568679899494,0.025441442884692852,-0.0020926942123237866,1
3.4500000000000002,-0.0092705098312484205,0.024270509831248451,5.5127675380728538e-17,1
3.4666666666666668,-0.011238197802477336,0.022981333293569391,0.00209269421232379,1
3.4833333333333334,-0.013151134403672276,0.021580194010159603,0.0041751930288019701,1
3.5,-0.01499999999999998,0.020073918190765799,0.0062373507245328157,1
3.5166666666666666,-0.016775787104122367,0.018469844259769826,0.0082691206745099874,1
3.5333333333333332,-0.018469844259769694,0.016775787104122503,0.010260604299770052,1
3.5499999999999998,-0.020073918190765715,0.015000000000000076,0.012202099292274024,1
3.5666666666666669,-0.02158019401015953,0.013151134403672377,0.014084146883576766,1
3.5833333333333335,-0.022981333293569321,0.011238197802477439,0.01589757792699617,1
3.6000000000000001,-0.02427050983124842,0.0092705098312484743,0.017633557568774237,1
3.6166666666666667,-0.025441442884692765,0.0072576568679901072,0.019283628290596204,1
3.6333333333333333,-0.026488427785767783,0.0052094453300080114,0.020839751113769924,1
3.6499999999999999,-0.027406363729278019,0.0031358538980296763,0.02229434476432185,1
3.6666666666666665,-0.028190778623577235,0.0010469849010751257,0.023640322608201668,1
3.6833333333333331,-0.028837850878149544,-0.0010469849010749089,0.024871127176651246,1
3.7000000000000002,-0.02934442802201416,-0.0031358538980295137,0.025980762113533167,1
3.7166666666666668,-0.029708042062247107,-0.0052094453300078501,0.026963821388975032,1
3.7333333333333334,-0.029926921507794725,-0.0072576568679899494,0.027815515637003633,1
3.75,-0.029999999999999999,-0.0092705098312483181,0.028531695488854605,1
3.7666666666666666,-0.029926921507794729,-0.011238197802477286,0.029108871788279901,1
3.7833333333333332,-0.029708042062247118,-0.013151134403672229,0.029544232590366242,1
3.7999999999999998,-0.029344428022014184,-0.01499999999999989,0.029835656861048197,1
3.8166666666666669,-0.028837850878149562,-0.016775787104122367,0.029981724810572871,1
3.8333333333333335,-0.028190778623577255,-0.018469844259769694,0.029981724810572867,1
3.8500000000000001,-0.02740636372927804,-0.020073918190765677,0.029835656861048197,1
3.8666666666666667,-0.026488427785767838,-0.021580194010159454,0.029544232590366242,1
3.8833333333333333,-0.025441442884692824,-0.022981333293569248,0.029108871788279901,1
3.8999999999999999,-0.024270509831248423,-0.024270509831248389,0.028531695488854588,1
3.9166666666666665,-0.022981333293569359,-0.025441442884692734,0.027815515637003612,1
3.9333333333333331,-0.021580194010159568,-0.026488427785767758,0.026963821388975007,1
3.9500000000000002,-0.020073918190765722,-0.027406363729278019,0.025980762113533114,1
3.9666666666666668,-0.018469844259769743,-0.028190778623577235,0.024871127176651214,1
3.9833333333333334,-0.016775787104122416,-0.028837850878149544,0.023640322608201633,1
4,-0.015000000000000032,-0.02934442802201415,0.022294344764321815,1
4.0166666666666666,-0.01315113440367238,-0.029708042062247093,0.020839751113769924,1
4.0333333333333332,-0.011238197802477442,-0.029926921507794718,0.019283628290596204,1
4.0499999999999998,-0.009270509831248528,-0.029999999999999999,0.017633557568774237,1
4.0666666666666664,-0.0072576568679900595,-0.029926921507794732,0.015897577926996122,1
4.083333333333333,-0.005209445330007962,-0.029708042062247125,0.014084146883576719,1
4.0999999999999996,-0.0031358538980296802,-0.029344428022014195,0.012202099292274024,1
4.1166666666666663,-0.0010469849010751292,-0.028837850878149607,0.010260604299770102,1
4.1333333333333337,0.0010469849010750118,-0.028190778623577276,0.0082691206745099371,1
4.1500000000000004,0.0031358538980295631,-0.027406363729278065,0.0062373507245327645,1
4.166666666666667,0.0052094453300079516,-0.02648842778576781,0.0041751930288018652,1
4.1833333333333336,0.0072576568679900491,-0.025441442884692796,0.0020926942123236842,1
4.2000000000000002,0.009270509831248417,-0.024270509831248455,-5.1453734983286486e-17,1
4.2166666666666668,0.011238197802477333,-0.022981333293569394,-0.0020926942123237866,1
4.2333333333333334,0.013151134403672273,-0.02158019401015961,-0.0041751930288019675,1
4.25,0.014999999999999934,-0.02007391819076584,-0.0062373507245327602,1
4.2666666666666666,0.016775787104122319,-0.018469844259769868,-0.0082691206745099336,1
4.2833333333333332,0.018469844259769736,-0.016775787104122464,-0.010260604299770097,1
4.2999999999999998,0.020073918190765712,-0.015000000000000079,-0.012202099292274018,1
4.3166666666666664,0.021580194010159488,-0.013151134403672429,-0.014084146883576716,1
4.333333333333333,0.022981333293569283,-0.011238197802477491,-0.015897577926996118,1
4.3499999999999996,0.024270509831248357,-0.0092705098312485801,-0.017633557568774147,1
4.3666666666666663,0.025441442884692706,-0.0072576568679902148,-0.019283628290596117,1
4.3833333333333337,0.026488427785767831,-0.0052094453300079099,-0.020839751113769997,1
4.4000000000000004,0.027406363729278037,-0.0031358538980296269,-0.022294344764321884,1
4.416666666666667,0.028190778623577252,-0.001046984901075076,-0.023640322608201696,1
4.4333333333333336,0.028837850878149558,0.0010469849010749585,-0.02487112717665127,1
4.4500000000000002,0.02934442802201416,0.0031358538980295098,-0.025980762113533167,1
4.4666666666666668,0.0297080420622471,0.0052094453300077937,-0.026963821388975004,1
4.4833333333333334,0.029926921507794722,0.007257656867989893,-0.027815515637003609,1
4.5,0.029999999999999999,0.0092705098312483667,-0.028531695488854623,1
4.5166666666666666,0.029926921507794729,0.011238197802477283,-0.029108871788279901,1
4.5333333333333332,0.029708042062247118,0.013151134403672226,-0.029544232590366239,1
4.5499999999999998,0.029344428022014184,0.014999999999999887,-0.029835656861048197,1
4.5666666666666664,0.028837850878149593,0.016775787104122277,-0.029981724810572867,1
4.583333333333333,0.028190778623577294,0.018469844259769608,-0.029981724810572871,1
4.5999999999999996,0.027406363729278044,0.020073918190765674,-0.029835656861048197,1
4.6166666666666663,0.026488427785767838,0.02158019401015945,-0.029544232590366242,1
4.6333333333333337,0.025441442884692772,0.022981333293569318,-0.029108871788279877,1
4.6500000000000004,0.024270509831248427,0.024270509831248385,-0.028531695488854592,1
4.666666666666667,0.022981333293569359,0.025441442884692734,-0.027815515637003612,1
4.6833333333333336,0.021580194010159572,0.026488427785767755,-0.026963821388975007,1
4.7000000000000002,0.020073918190765802,0.027406363729277971,-0.02598076211353317,1
4.7166666666666668,0.018469844259769743,0.028190778623577235,-0.024871127176651214,1
4.7333333333333334,0.016775787104122419,0.028837850878149544,-0.023640322608201637,1
4.75,0.015000000000000036,0.02934442802201415,-0.022294344764321815,1
4.7666666666666666,0.013151134403672384,0.029708042062247093,-0.020839751113769924,1
4.7833333333333332,0.011238197802477446,0.029926921507794715,-0.019283628290596207,1
4.7999999999999998,0.0092705098312485315,0.029999999999999999,-0.017633557568774241,1
4.8166666666666664,0.007257656867990063,0.029926921507794732,-0.015897577926996125,1
4.833333333333333,0.0052094453300079654,0.029708042062247125,-0.014084146883576723,1
4.8499999999999996,0.0031358538980296837,0.029344428022014195,-0.012202099292274027,1
4.8666666666666663,0.0010469849010751328,0.02883785087814961,-0.010260604299770106,1
4.8833333333333337,-0.0010469849010750079,0.028190778623577276,-0.0082691206745099388,1
4.9000000000000004,-0.0031358538980295596,0.027406363729278065,-0.0062373507245327671,1
4.916666666666667,-0.0052094453300078423,0.026488427785767866,-0.0041751930288019745,1
4.9333333333333336,-0.0072576568679900448,0.025441442884692796,-0.0020926942123236873,1
4.9500000000000002,-0.0092705098312484135,0.024270509831248458,4.7779794585844422e-17,1
4.9666666666666668,-0.011238197802477329,0.022981333293569398,0.0020926942123237827,1
4.9833333333333334,-0.013151134403672269,0.02158019401015961,0.0041751930288019641,1
5,-0.01499999999999993,0.020073918190765844,0.0062373507245327567,1
5.0166666666666666,-0.016775787104122315,0.018469844259769871,0.0082691206745099301,1
5.0333333333333332,-0.018469844259769733,0.016775787104122468,0.010260604299770094,1
5.0499999999999998,-0.020073918190765712,0.015000000000000083,0.012202099292274015,1
5.0666666666666664,-0.021580194010159485,0.013151134403672432,0.014084146883576712,1
5.083333333333333,-0.02298133329356928,0.011238197802477494,0.015897577926996115,1
5.0999999999999996,-0.024270509831248354,0.0092705098312485835,0.017633557568774143,1
5.1166666666666663,-0.025441442884692706,0.0072576568679902182,0.019283628290596117,1
5.1333333333333337,-0.026488427785767828,0.0052094453300079134,0.020839751113769994,1
5.1500000000000004,-0.027406363729278033,0.0031358538980296308,0.022294344764321881,1
5.166666666666667,-0.028190778623577252,0.0010469849010750797,0.023640322608201692,1
5.1833333333333336,-0.028837850878149558,-0.0010469849010749548,0.024871127176651266,1
5.2000000000000002,-0.02934442802201416,-0.0031358538980295067,0.025980762113533163,1
5.2166666666666668,-0.0297080420622471,-0.0052094453300077902,0.026963821388975004,1
5.2333333333333334,-0.029926921507794718,-0.0072576568679898904,0.027815515637003609,1
5.25,-0.029999999999999999,-0.0092705098312483632,0.028531695488854623,1
5.2666666666666666,-0.029926921507794729,-0.011238197802477281,0.029108871788279901,1
5.2833333333333332,-0.029708042062247118,-0.013151134403672224,0.029544232590366239,1
5.2999999999999998,-0.029344428022014188,-0.014999999999999883,0.029835656861048197,1
5.3166666666666664,-0.028837850878149596,-0.016775787104122274,0.029981724810572867,1
5.333333333333333,-0.028190778623577294,-0.018469844259769604,0.029981724810572871,1
5.3499999999999996,-0.027406363729278089,-0.020073918190765594,0.029835656861048207,1
5.3666666666666663,-0.026488427785767842,-0.021580194010159447,0.029544232590366242,1
5.3833333333333337,-0.025441442884692772,-0.022981333293569318,0.029108871788279877,1
5.4000000000000004,-0.02427050983124843,-0.024270509831248385,0.028531695488854592,1
5.416666666666667,-0.022981333293569363,-0.02544144288469273,0.027815515637003612,1
5.4333333333333336,-0.021580194010159575,-0.026488427785767755,0.026963821388975011,1
5.4500000000000002,-0.020073918190765806,-0.027406363729277971,0.02598076211353317,1
5.4666666666666668,-0.018469844259769747,-0.028190778623577231,0.024871127176651218,1
5.4833333333333334,-0.016775787104122423,-0.028837850878149541,0.023640322608201637,1
5.5,-0.015000000000000039,-0.029344428022014146,0.022294344764321818,1
5.5166666666666666,-0.013151134403672387,-0.02970804206224709,0.020839751113769928,1
5.5333333333333332,-0.011238197802477447,-0.029926921507794715,0.019283628290596211,1
5.5499999999999998,-0.0092705098312485367,-0.029999999999999999,0.017633557568774244,1
5.5666666666666664,-0.0072576568679901697,-0.029926921507794742,0.015897577926996219,1
5.583333333333333,-0.0052094453300079698,-0.029708042062247125,0.014084146883576724,1
5.5999999999999996,-0.0031358538980296871,-0.029344428022014195,0.012202099292274031,1
5.6166666666666663,-0.0010469849010751368,-0.02883785087814961,0.010260604299770109,1
5.6333333333333337,0.0010469849010750045,-0.028190778623577276,0.008269120674509944,1
5.6500000000000004,0.0031358538980295557,-0.027406363729278068,0.0062373507245327706,1
5.666666666666667,0.0052094453300078388,-0.026488427785767866,0.0041751930288019779,1
5.6833333333333336,0.0072576568679900413,-0.0254414428846928,0.0020926942123236912,1
5.7000000000000002,0.0092705098312484101,-0.024270509831248458,-4.4105854188402365e-17,1
5.7166666666666668,0.011238197802477326,-0.022981333293569398,-0.0020926942123237792,1
5.7333333333333334,0.013151134403672266,-0.021580194010159613,-0.0041751930288019597,1
5.75,0.014999999999999927,-0.020073918190765847,-0.0062373507245327533,1
5.7666666666666666,0.016775787104122312,-0.018469844259769875,-0.0082691206745099267,1
5.7833333333333332,0.018469844259769646,-0.016775787104122558,-0.010260604299769991,1
5.7999999999999998,0.020073918190765708,-0.015000000000000086,-0.012202099292274013,1
5.8166666666666664,0.021580194010159481,-0.013151134403672434,-0.014084146883576709,1
5.833333333333333,0.022981333293569276,-0.011238197802477498,-0.015897577926996115,1
5.8499999999999996,0.024270509831248351,-0.009270509831248587,-0.01763355756877414,1
5.8666666666666663,0.025441442884692703,-0.0072576568679902217,-0.019283628290596114,1
5.8833333333333337,0.026488427785767779,-0.0052094453300080218,-0.020839751113769914,1
5.9000000000000004,0.027406363729278033,-0.0031358538980296342,-0.022294344764321881,1
5.916666666666667,0.028190778623577249,-0.0010469849010750834,-0.023640322608201692,1
5.9333333333333336,0.028837850878149558,0.0010469849010749511,-0.024871127176651266,1
5.9500000000000002,0.029344428022014157,0.0031358538980295028,-0.025980762113533163,1
5.9666666666666668,0.029708042062247097,0.0052094453300077868,-0.026963821388975,1
5.9833333333333334,0.029926921507794718,0.0072576568679898869,-0.027815515637003605,1
6,0.029999999999999999,0.0092705098312483598,-0.028531695488854619,1
6.0166666666666666,0.029926921507794729,0.011238197802477277,-0.029108871788279898,1
6.0333333333333332,0.029708042062247118,0.013151134403672221,-0.029544232590366239,1
6.0499999999999998,0.029344428022014188,0.01499999999999988,-0.029835656861048197,1
6.0666666666666664,0.028837850878149596,0.01677578710412227,-0.029981724810572867,1
6.083333333333333,0.028190778623577294,0.018469844259769601,-0.029981724810572874,1
6.0999999999999996,0.027406363729278089,0.02007391819076559,-0.02983565686104821,1
6.1166666666666663,0.026488427785767842,0.021580194010159447,-0.029544232590366242,1
6.1333333333333337,0.025441442884692776,0.022981333293569314,-0.029108871788279877,1
6.1500000000000004,0.024270509831248434,0.024270509831248382,-0.028531695488854592,1
6.166666666666667,0.022981333293569366,0.02544144288469273,-0.027815515637003616,1
6.1833333333333336,0.021580194010159578,0.026488427785767751,-0.026963821388975011,1
6.2000000000000002,0.020073918190765809,0.027406363729277967,-0.025980762113533173,1
6.2166666666666668,0.01846984425976975,0.028190778623577231,-0.024871127176651221,1
6.2333333333333334,0.016775787104122426,0.028837850878149541,-0.02364032260820164,1
6.25,0.015000000000000043,0.029344428022014146,-0.022294344764321822,1
6.2666666666666666,0.013151134403672391,0.02970804206224709,-0.020839751113769931,1
6.2833333333333332,0.011238197802477451,0.029926921507794715,-0.019283628290596211,1
6.2999999999999998,0.0092705098312485402,0.029999999999999999,-0.017633557568774248,1
6.3166666666666664,0.0072576568679901731,0.029926921507794742,-0.015897577926996222,1
6.333333333333333,0.0052094453300079733,0.029708042062247125,-0.014084146883576728,1
6.3499999999999996,0.0031358538980296911,0.029344428022014195,-0.012202099292274034,1
6.3666666666666663,0.0010469849010751402,0.02883785087814961,-0.010260604299770113,1
6.3833333333333337,-0.0010469849010750008,0.02819077862357728,-0.0082691206745099475,1
6.4000000000000004,-0.0031358538980295518,0.027406363729278068,-0.0062373507245327749,1
6.416666666666667,-0.0052094453300078353,0.026488427785767869,-0.0041751930288019814,1
6.4333333333333336,-0.0072576568679900387,0.0254414428846928,-0.0020926942123236951,1
6.4500000000000002,-0.0092705098312484066,0.024270509831248462,4.0431913790960307e-17,1
6.4666666666666668,-0.011238197802477323,0.022981333293569401,0.0020926942123237757,1
6.4833333333333334,-0.013151134403672264,0.021580194010159613,0.0041751930288019563,1
6.5,-0.014999999999999923,0.020073918190765851,0.0062373507245327498,1
6.5166666666666666,-0.016775787104122308,0.018469844259769878,0.0082691206745099232,1
6.5333333333333332,-0.018469844259769642,0.016775787104122558,0.010260604299769988,1
6.5499999999999998,-0.020073918190765705,0.01500000000000009,0.01220209929227401,1
6.5666666666666664,-0.021580194010159478,0.013151134403672438,0.014084146883576705,1
6.583333333333333,-0.022981333293569276,0.011238197802477501,0.015897577926996111,1
6.5999999999999996,-0.024270509831248351,0.0092705098312485905,0.01763355756877414,1
6.6166666666666663,-0.025441442884692703,0.0072576568679902261,0.01928362829059611,1
6.6333333333333337,-0.026488427785767776,0.0052094453300080253,0.02083975111376991,1
6.6500000000000004,-0.027406363729278033,0.0031358538980296381,0.022294344764321877,1
6.666666666666667,-0.028190778623577249,0.0010469849010750871,0.023640322608201689,1
6.6833333333333336,-0.028837850878149555,-0.0010469849010749474,0.024871127176651263,1
6.7000000000000002,-0.029344428022014157,-0.0031358538980294989,0.02598076211353316,1
6.7166666666666668,-0.029708042062247097,-0.0052094453300077833,0.026963821388975,1
6.7333333333333334,-0.029926921507794718,-0.0072576568679898826,0.027815515637003605,1
6.75,-0.029999999999999999,-0.0092705098312482557,0.028531695488854585,1
6.7666666666666666,-0.029926921507794729,-0.011238197802477274,0.029108871788279898,1
6.7833333333333332,-0.029708042062247118,-0.013151134403672217,0.029544232590366239,1
6.7999999999999998,-0.029344428022014188,-0.014999999999999876,0.029835656861048193,1
6.8166666666666664,-0.028837850878149596,-0.016775787104122267,0.029981724810572867,1
6.833333333333333,-0.028190778623577297,-0.018469844259769597,0.029981724810572874,1
6.8499999999999996,-0.027406363729278092,-0.020073918190765587,0.02983565686104821,1
6.8666666666666663,-0.026488427785767894,-0.021580194010159367,0.029544232590366263,1
6.8833333333333337,-0.025441442884692776,-0.022981333293569311,0.029108871788279877,1
6.9000000000000004,-0.024270509831248434,-0.024270509831248378,0.028531695488854595,1
6.916666666666667,-0.022981333293569366,-0.025441442884692727,0.027815515637003616,1
6.9333333333333336,-0.021580194010159578,-0.026488427785767751,0.026963821388975014,1
6.9500000000000002,-0.020073918190765812,-0.027406363729277967,0.025980762113533173,1
6.9666666666666668,-0.018469844259769837,-0.028190778623577196,0.02487112717665128,1
6.9833333333333334,-0.01677578710412243,-0.028837850878149541,0.023640322608201644,1
7,-0.015000000000000046,-0.029344428022014146,0.022294344764321822,1
7.0166666666666666,-0.013151134403672392,-0.02970804206224709,0.020839751113769935,1
7.0333333333333332,-0.011238197802477456,-0.029926921507794715,0.019283628290596214,1
7.0499999999999998,-0.0092705098312485437,-0.029999999999999999,0.017633557568774251,1
7.0666666666666664,-0.0072576568679901775,-0.029926921507794742,0.015897577926996226,1
7.083333333333333,-0.0052094453300079767,-0.029708042062247128,0.014084146883576731,1
7.0999999999999996,-0.003135853898029695,-0.029344428022014195,0.012202099292274038,1
7.1166666666666663,-0.0010469849010751439,-0.028837850878149614,0.010260604299770116,1
7.1333333333333337,0.0010469849010749969,-0.028190778623577297,0.008269120674509951,1
7.1500000000000004,0.0031358538980295488,-0.027406363729278047,0.0062373507245327784,1
7.166666666666667,0.0052094453300078319,-0.026488427785767894,0.0041751930288019858,1
7.1833333333333336,0.0072576568679899311,-0.025441442884692831,0.0020926942123238048,1
7.2000000000000002,0.0092705098312484031,-0.024270509831248434,-3.6757973393518243e-17,1
7.2166666666666668,0.011238197802477321,-0.022981333293569436,-0.0020926942123237718,1
7.2333333333333334,0.013151134403672261,-0.021580194010159578,-0.0041751930288019519,1
7.25,0.01499999999999992,-0.020073918190765892,-0.0062373507245327463,1
7.2666666666666666,0.016775787104122308,-0.018469844259769837,-0.0082691206745099197,1
7.2833333333333332,0.018469844259769639,-0.016775787104122607,-0.010260604299769984,1
7.2999999999999998,0.020073918190765701,-0.01500000000000014,-0.012202099292274006,1
7.3166666666666664,0.021580194010159478,-0.013151134403672392,-0.014084146883576702,1
7.333333333333333,0.022981333293569273,-0.011238197802477555,-0.015897577926996108,1
7.3499999999999996,0.024270509831248347,-0.0092705098312485437,-0.017633557568774137,1
7.3666666666666663,0.025441442884692699,-0.0072576568679902807,-0.019283628290596107,1
7.3833333333333337,0.026488427785767776,-0.0052094453300080817,-0.02083975111376991,1
7.4000000000000004,0.027406363729277988,-0.003135853898029695,-0.022294344764321804,1
7.416666666666667,0.028190778623577249,-0.0010469849010750374,-0.023640322608201685,1
7.4333333333333336,0.028837850878149555,0.0010469849010748906,-0.024871127176651263,1
7.4500000000000002,0.029344428022014157,0.0031358538980295488,-0.025980762113533156,1
7.4666666666666668,0.029708042062247097,0.0052094453300077269,-0.026963821388974997,1
7.4833333333333334,0.029926921507794718,0.0072576568679899311,-0.027815515637003602,1
7.5,0.029999999999999999,0.0092705098312482002,-0.028531695488854585,1
7.5166666666666666,0.029926921507794729,0.01123819780247722,-0.029108871788279898,1
7.5333333333333332,0.029708042062247118,0.013151134403672261,-0.029544232590366239,1
7.5499999999999998,0.029344428022014188,0.014999999999999828,-0.029835656861048193,1
7.5666666666666664,0.028837850878149596,0.016775787104122308,-0.029981724810572867,1
7.583333333333333,0.028190778623577297,0.018469844259769556,-0.029981724810572874,1
7.5999999999999996,0.027406363729278092,0.020073918190765622,-0.02983565686104821,1
7.6166666666666663,0.026488427785767894,0.021580194010159332,-0.029544232590366263,1
7.6333333333333337,0.025441442884692779,0.022981333293569342,-0.02910887178827988,1
7.6500000000000004,0.0242705098312485,0.024270509831248347,-0.02853169548885463,1
7.666666666666667,0.02298133329356937,0.025441442884692755,-0.027815515637003619,1
7.6833333333333336,0.021580194010159509,0.026488427785767824,-0.026963821388974966,1
7.7000000000000002,0.020073918190765816,0.027406363729277988,-0.025980762113533177,1
7.7166666666666668,0.018469844259769757,0.028190778623577249,-0.024871127176651225,1
7.7333333333333334,0.016775787104122523,0.028837850878149527,-0.02364032260820171,1
7.75,0.01500000000000005,0.029344428022014157,-0.022294344764321825,1
7.7666666666666666,0.013151134403672491,0.029708042062247083,-0.020839751113770014,1
7.7833333333333332,0.01123819780247746,0.029926921507794718,-0.019283628290596218,1
7.7999999999999998,0.0092705098312484448,0.029999999999999999,-0.017633557568774168,1
7.8166666666666664,0.0072576568679901809,0.029926921507794739,-0.015897577926996229,1
7.833333333333333,0.0052094453300079802,0.029708042062247118,-0.014084146883576735,1
7.8499999999999996,0.0031358538980298042,0.029344428022014209,-0.012202099292274138,1
7.8666666666666663,0.0010469849010751476,0.028837850878149596,-0.01026060429977012,1
7.8833333333333337,-0.0010469849010749934,0.028190778623577262,-0.0082691206745099544,1
7.9000000000000004,-0.0031358538980296507,0.027406363729278006,-0.0062373507245326778,1
7.916666666666667,-0.0052094453300078284,0.026488427785767845,-0.0041751930288019892,1
7.9333333333333336,-0.0072576568679900309,0.025441442884692779,-0.0020926942123237024,1
7.9500000000000002,-0.0092705098312482991,0.0242705098312485,-7.3497377367938832e-17,1
7.9666666666666668,-0.011238197802477317,0.02298133329356937,0.0020926942123237684,1
7.9833333333333334,-0.013151134403672162,0.021580194010159658,0.0041751930288018435,1
8,-0.014999999999999916,0.020073918190765816,0.0062373507245327428,1
8.0166666666666675,-0.016775787104122392,0.018469844259769757,0.0082691206745100186,1
8.0333333333333332,-0.018469844259769636,0.016775787104122523,0.010260604299769981,1
8.0500000000000007,-0.020073918190765701,0.01500000000000005,0.012202099292274003,1
8.0666666666666664,-0.021580194010159402,0.013151134403672491,0.014084146883576605,1
8.0833333333333339,-0.022981333293569269,0.01123819780247746,0.015897577926996108,1
8.0999999999999996,-0.024270509831248281,0.0092705098312486477,0.017633557568774046,1
8.1166666666666671,-0.025441442884692807,0.0072576568679899745,0.019283628290596266,1
8.1333333333333329,-0.026488427785767772,0.0052094453300079802,0.020839751113769907,1
8.1500000000000004,-0.02740636372927803,0.0031358538980295922,0.022294344764321874,1
8.1666666666666661,-0.028190778623577207,0.0010469849010751476,0.023640322608201619,1
8.1833333333333336,-0.028837850878149555,-0.0010469849010749934,0.024871127176651259,1
8.1999999999999993,-0.029344428022014132,-0.0031358538980294387,0.025980762113533104,1
8.2166666666666668,-0.029708042062247097,-0.0052094453300078284,0.026963821388974997,1
8.2333333333333325,-0.029926921507794711,-0.0072576568679898245,0.027815515637003563,1
8.25,-0.029999999999999999,-0.0092705098312482991,0.028531695488854581,1
8.2666666666666675,-0.029926921507794729,-0.011238197802477317,0.029108871788279898,1
8.2833333333333332,-0.029708042062247132,-0.013151134403672162,0.029544232590366218,1
8.3000000000000007,-0.029344428022014188,-0.014999999999999916,0.029835656861048193,1
8.3166666666666664,-0.028837850878149624,-0.016775787104122218,0.029981724810572864,1
8.3333333333333339,-0.028190778623577228,-0.018469844259769806,0.029981724810572864,1
8.3499999999999996,-0.027406363729278051,-0.020073918190765701,0.0298356568610482,1
8.3666666666666671,-0.0264884277857678,-0.021580194010159547,0.029544232590366225,1
8.3833333333333329,-0.025441442884692834,-0.022981333293569269,0.029108871788279908,1
8.4000000000000004,-0.024270509831248437,-0.024270509831248406,0.028531695488854598,1
8.4166666666666661,-0.022981333293569439,-0.025441442884692699,0.027815515637003657,1
8.4333333333333336,-0.021580194010159585,-0.026488427785767772,0.026963821388975018,1
8.4499999999999993,-0.020073918190765896,-0.027406363729277943,0.025980762113533229,1
8.4666666666666668,-0.018469844259769844,-0.028190778623577207,0.024871127176651284,1
8.4833333333333325,-0.016775787104122614,-0.028837850878149496,0.023640322608201775,1
8.5,-0.015000000000000145,-0.029344428022014132,0.022294344764321898,1
8.5166666666666675,-0.013151134403672399,-0.029708042062247097,0.020839751113769938,1
8.5333333333333332,-0.011238197802477562,-0.029926921507794711,0.019283628290596301,1
8.5500000000000007,-0.0092705098312483459,-0.029999999999999999,0.017633557568774084,1
8.5666666666666664,-0.0072576568679900803,-0.029926921507794729,0.015897577926996143,1
8.5833333333333339,-0.0052094453300078787,-0.029708042062247104,0.014084146883576643,1
8.5999999999999996,-0.0031358538980297019,-0.029344428022014188,0.012202099292274044,1
8.6166666666666671,-0.0010469849010750448,-0.028837850878149569,0.010260604299770023,1
8.6333333333333329,0.001046984901074883,-0.028190778623577297,0.008269120674510062,1
8.6500000000000004,0.003135853898029541,-0.027406363729278051,0.0062373507245327862,1
8.6666666666666661,0.00520944533000772,-0.026488427785767897,0.0041751930288020976,1
8.6833333333333336,0.0072576568679899242,-0.025441442884692834,0.0020926942123238122,1
8.6999999999999993,0.0092705098312481932,-0.024270509831248562,1.8375272812939591e-16,1
8.7166666666666668,0.011238197802477213,-0.022981333293569439,-0.0020926942123236582,1
8.7333333333333325,0.013151134403672061,-0.021580194010159731,-0.0041751930288017342,1
8.75,0.014999999999999821,-0.020073918190765896,-0.0062373507245326344,1
8.7666666666666675,0.016775787104122478,-0.018469844259769674,-0.0082691206745101175,1
8.7833333333333332,0.018469844259769715,-0.016775787104122437,-0.010260604299770078,1
8.8000000000000007,0.020073918190765778,-0.014999999999999961,-0.012202099292274097,1
8.8166666666666664,0.021580194010159471,-0.013151134403672399,-0.014084146883576695,1
8.8333333333333339,0.022981333293569335,-0.011238197802477364,-0.015897577926996195,1
8.8499999999999996,0.024270509831248344,-0.0092705098312485506,-0.01763355756877413,1
8.8666666666666671,0.025441442884692751,-0.0072576568679900803,-0.019283628290596183,1
8.8833333333333329,0.026488427785767724,-0.0052094453300080886,-0.020839751113769827,1
8.9000000000000004,0.027406363729277985,-0.0031358538980297019,-0.022294344764321801,1
8.9166666666666661,0.028190778623577172,-0.0010469849010752577,-0.023640322608201553,1
8.9333333333333336,0.028837850878149527,0.001046984901074883,-0.0248711271766512,1
8.9499999999999993,0.029344428022014108,0.0031358538980293294,-0.025980762113533049,1
8.9666666666666668,0.029708042062247079,0.00520944533000772,-0.026963821388974952,1
8.9833333333333325,0.029926921507794718,0.0072576568679899242,-0.027815515637003602,1
9,0.029999999999999999,0.0092705098312483962,-0.028531695488854616,1
9.0166666666666675,0.029926921507794722,0.011238197802477411,-0.029108871788279918,1
9.0333333333333332,0.029708042062247121,0.013151134403672255,-0.029544232590366235,1
9.0500000000000007,0.029344428022014167,0.015000000000000006,-0.029835656861048204,1
9.0666666666666664,0.0288378508781496,0.016775787104122305,-0.029981724810572867,1
9.0833333333333339,0.028190778623577266,0.018469844259769715,-0.029981724810572871,1
9.0999999999999996,0.027406363729278096,0.020073918190765618,-0.02983565686104821,1
9.1166666666666671,0.026488427785767849,0.021580194010159471,-0.029544232590366246,1
9.1333333333333329,0.025441442884692893,0.0229813332935692,-0.029108871788279932,1
9.1500000000000004,0.024270509831248503,0.024270509831248344,-0.028531695488854633,1
9.1666666666666661,0.022981333293569512,0.025441442884692637,-0.027815515637003699,1
9.1833333333333336,0.021580194010159662,0.026488427785767724,-0.026963821388975063,1
9.1999999999999993,0.020073918190765819,0.027406363729277985,-0.02598076211353318,1
9.2166666666666668,0.01846984425976976,0.028190778623577245,-0.024871127176651228,1
9.2333333333333325,0.016775787104122527,0.028837850878149527,-0.023640322608201713,1
9.25,0.015000000000000057,0.029344428022014157,-0.022294344764321832,1
9.2666666666666675,0.013151134403672307,0.029708042062247111,-0.020839751113769865,1
9.2833333333333332,0.011238197802477467,0.029926921507794718,-0.019283628290596225,1
9.3000000000000007,0.0092705098312484517,0.029999999999999999,-0.017633557568774175,1
9.3166666666666664,0.0072576568679901879,0.029926921507794739,-0.015897577926996236,1
9.3333333333333339,0.0052094453300079871,0.029708042062247121,-0.014084146883576742,1
9.3499999999999996,0.0031358538980298116,0.029344428022014209,-0.012202099292274143,1
9.3666666666666671,0.001046984901075155,0.0288378508781496,-0.010260604299770127,1
9.3833333333333329,-0.0010469849010747729,0.028190778623577339,-0.0082691206745101661,1
9.4000000000000004,-0.0031358538980294317,0.027406363729278096,-0.0062373507245328929,1
9.4166666666666661,-0.0052094453300078206,0.026488427785767849,-0.0041751930288019962,1
9.4333333333333336,-0.007257656867990024,0.025441442884692782,-0.0020926942123237094,1
9.4499999999999993,-0.0092705098312482921,0.024270509831248503,-8.084525816282296e-17,1
9.4666666666666668,-0.01123819780247731,0.022981333293569377,0.002092694212323761,1
9.4833333333333325,-0.013151134403672155,0.021580194010159662,0.0041751930288018366,1
9.5,-0.014999999999999909,0.020073918190765819,0.006237350724532735,1
9.5166666666666675,-0.016775787104122388,0.01846984425976976,0.0082691206745100117,1
9.5333333333333332,-0.018469844259769629,0.016775787104122527,0.010260604299769974,1
9.5500000000000007,-0.020073918190765698,0.015000000000000057,0.012202099292273996,1
9.5666666666666664,-0.021580194010159395,0.013151134403672498,0.0140841468835766,1
9.5833333333333339,-0.022981333293569266,0.011238197802477467,0.015897577926996101,1
9.5999999999999996,-0.024270509831248278,0.0092705098312486547,0.017633557568774039,1
9.6166666666666671,-0.025441442884692692,0.0072576568679901879,0.019283628290596096,1
9.6333333333333329,-0.026488427785767769,0.0052094453300079871,0.0208397511137699,1
9.6500000000000004,-0.02740636372927803,0.0031358538980295995,0.022294344764321867,1
9.6666666666666661,-0.028190778623577207,0.001046984901075155,0.023640322608201616,1
9.6833333333333336,-0.028837850878149551,-0.001046984901074986,0.024871127176651259,1
9.6999999999999993,-0.029344428022014132,-0.0031358538980294317,0.025980762113533101,1
9.7166666666666668,-0.029708042062247097,-0.0052094453300078206,0.026963821388974994,1
9.7333333333333325,-0.029926921507794711,-0.0072576568679898167,0.02781551563700356,1
9.75,-0.029999999999999999,-0.0092705098312482921,0.028531695488854581,1
9.7666666666666675,-0.029926921507794732,-0.01123819780247731,0.029108871788279894,1
9.7833333333333332,-0.029708042062247132,-0.013151134403672155,0.029544232590366218,1
9.8000000000000007,-0.029344428022014188,-0.014999999999999909,0.029835656861048193,1
9.8166666666666664,-0.028837850878149628,-0.016775787104122211,0.029981724810572864,1
9.8333333333333339,-0.028190778623577301,-0.018469844259769629,0.029981724810572874,1
9.8499999999999996,-0.027406363729278054,-0.020073918190765698,0.0298356568610482,1
9.8666666666666671,-0.026488427785767803,-0.02158019401015954,0.029544232590366228,1
9.8833333333333329,-0.025441442884692841,-0.022981333293569266,0.029108871788279908,1
9.9000000000000004,-0.024270509831248444,-0.024270509831248403,0.028531695488854598,1
9.9166666666666661,-0.022981333293569446,-0.025441442884692692,0.027815515637003661,1
9.9333333333333336,-0.021580194010159589,-0.026488427785767769,0.026963821388975021,1
9.9499999999999993,-0.020073918190765903,-0.027406363729277943,0.025980762113533236,1
9.9666666666666668,-0.018469844259769847,-0.028190778623577207,0.024871127176651291,1
9.9833333333333325,-0.016775787104122621,-0.028837850878149492,0.023640322608201782,1
10,-0.015000000000000152,-0.029344428022014132,0.022294344764321905,1
10.016666666666667,-0.013151134403672406,-0.029708042062247097,0.020839751113769945,1
10.033333333333333,-0.011238197802477569,-0.029926921507794711,0.019283628290596308,1
10.050000000000001,-0.0092705098312483528,-0.029999999999999999,0.017633557568774088,1
10.066666666666666,-0.0072576568679900881,-0.029926921507794732,0.01589757792699615,1
10.083333333333334,-0.0052094453300078865,-0.029708042062247104,0.01408414688357665,1
10.1,-0.0031358538980297093,-0.029344428022014188,0.012202099292274051,1
10.116666666666667,-0.0010469849010750522,-0.028837850878149572,0.01026060429977003,1
10.133333333333333,0.0010469849010748759,-0.028190778623577301,0.0082691206745100672,1
10.15,0.0031358538980295341,-0.027406363729278054,0.0062373507245327923,1
10.166666666666666,0.0052094453300077122,-0.026488427785767901,0.0041751930288021055,1
10.183333333333334,0.0072576568679899164,-0.025441442884692841,0.0020926942123238195,1
10.199999999999999,0.0092705098312481863,-0.024270509831248566,1.9110060892428004e-16,1
10.216666666666667,0.011238197802477206,-0.022981333293569446,-0.0020926942123236508,1
10.233333333333333,0.013151134403672056,-0.021580194010159738,-0.0041751930288017264,1
10.25,0.014999999999999814,-0.020073918190765903,-0.0062373507245326275,1
10.266666666666667,0.016775787104122475,-0.018469844259769681,-0.0082691206745101088,1
10.283333333333333,0.018469844259769712,-0.016775787104122444,-0.010260604299770071,1
10.300000000000001,0.020073918190765774,-0.014999999999999968,-0.012202099292274091,1
10.316666666666666,0.021580194010159467,-0.013151134403672406,-0.014084146883576688,1
10.333333333333334,0.022981333293569332,-0.011238197802477369,-0.015897577926996188,1
10.35,0.02427050983124834,-0.0092705098312485558,-0.017633557568774123,1
10.366666666666667,0.025441442884692748,-0.0072576568679900881,-0.019283628290596176,1
10.383333333333333,0.02648842778576772,-0.0052094453300080964,-0.02083975111376982,1
10.4,0.027406363729277981,-0.0031358538980297093,-0.022294344764321794,1
10.416666666666666,0.028190778623577169,-0.0010469849010752651,-0.023640322608201546,1
10.433333333333334,0.028837850878149524,0.0010469849010748759,-0.024871127176651193,1
10.449999999999999,0.029344428022014108,0.0031358538980293216,-0.025980762113533045,1
10.466666666666667,0.029708042062247079,0.0052094453300077122,-0.026963821388974948,1
10.483333333333333,0.029926921507794701,0.00725765686798971,-0.027815515637003518,1
10.5,0.029999999999999999,0.0092705098312483875,-0.028531695488854612,1
10.516666666666667,0.029926921507794722,0.011238197802477406,-0.029108871788279918,1
10.533333333333333,0.029708042062247121,0.013151134403672248,-0.029544232590366235,1
10.550000000000001,0.029344428022014171,0.014999999999999999,-0.029835656861048204,1
10.566666666666666,0.028837850878149603,0.016775787104122298,-0.029981724810572867,1
10.583333333333334,0.028190778623577269,0.018469844259769712,-0.029981724810572871,1
10.6,0.027406363729278099,0.020073918190765615,-0.02983565686104821,1
10.616666666666667,0.026488427785767852,0.021580194010159467,-0.029544232590366246,1
10.633333333333333,0.025441442884692897,0.022981333293569196,-0.029108871788279932,1
10.65,0.024270509831248507,0.02427050983124834,-0.028531695488854633,1
10.666666666666666,0.022981333293569516,0.025441442884692633,-0.027815515637003702,1
10.683333333333334,0.021580194010159669,0.02648842778576772,-0.026963821388975066,1
10.699999999999999,0.020073918190765986,0.027406363729277895,-0.025980762113533291,1
10.716666666666667,0.018469844259769767,0.028190778623577242,-0.024871127176651232,1
10.733333333333333,0.016775787104122534,0.028837850878149524,-0.02364032260820172,1
10.75,0.015000000000000062,0.029344428022014153,-0.022294344764321836,1
10.766666666666667,0.013151134403672313,0.029708042062247111,-0.020839751113769869,1
10.783333333333333,0.011238197802477473,0.029926921507794718,-0.019283628290596228,1
10.800000000000001,0.0092705098312484586,0.029999999999999999,-0.017633557568774178,1
10.816666666666666,0.0072576568679901948,0.029926921507794739,-0.015897577926996243,1
10.833333333333334,0.0052094453300079949,0.029708042062247121,-0.014084146883576749,1
10.85,0.003135853898029819,0.029344428022014212,-0.01220209929227415,1
10.866666666666667,0.0010469849010751623,0.028837850878149603,-0.010260604299770132,1
10.883333333333333,-0.0010469849010747657,0.028190778623577339,-0.008269120674510173,1
10.9,-0.0031358538980294243,0.027406363729278099,-0.0062373507245329007,1
10.916666666666666,-0.0052094453300076038,0.026488427785767953,-0.0041751930288022147,1
10.933333333333334,-0.007257656867990017,0.025441442884692786,-0.0020926942123237167,1
10.949999999999999,-0.0092705098312482834,0.024270509831248507,-8.8193138957707075e-17,1
10.966666666666667,-0.011238197802477302,0.02298133329356938,0.0020926942123237536,1
10.983333333333333,-0.013151134403672148,0.021580194010159669,0.0041751930288018288,1
11,-0.014999999999999904,0.020073918190765826,0.0062373507245327281,1
11.016666666666667,-0.016775787104122381,0.018469844259769767,0.0082691206745100047,1
11.033333333333333,-0.018469844259769625,0.016775787104122534,0.010260604299769967,1
11.050000000000001,-0.020073918190765691,0.015000000000000062,0.012202099292273989,1
11.066666666666666,-0.021580194010159391,0.013151134403672505,0.014084146883576593,1
11.083333333333334,-0.022981333293569262,0.011238197802477473,0.015897577926996094,1
11.1,-0.024270509831248274,0.0092705098312486616,0.017633557568774032,1
11.116666666666667,-0.025441442884692689,0.0072576568679901948,0.019283628290596093,1
11.133333333333333,-0.026488427785767665,0.0052094453300082048,0.020839751113769744,1
11.15,-0.027406363729278026,0.0031358538980296069,0.022294344764321863,1
11.166666666666666,-0.028190778623577203,0.0010469849010751623,0.023640322608201609,1
11.183333333333334,-0.028837850878149548,-0.0010469849010749787,0.024871127176651252,1
11.199999999999999,-0.029344428022014129,-0.0031358538980294243,0.025980762113533097,1
11.216666666666667,-0.029708042062247093,-0.0052094453300078137,0.02696382138897499,1
11.233333333333333,-0.029926921507794711,-0.0072576568679898097,0.027815515637003557,1
11.25,-0.029999999999999999,-0.0092705098312482834,0.028531695488854578,1
11.266666666666667,-0.029926921507794732,-0.011238197802477302,0.029108871788279891,1
11.283333333333333,-0.029708042062247135,-0.013151134403672148,0.029544232590366218,1
11.300000000000001,-0.029344428022014191,-0.014999999999999904,0.029835656861048193,1
11.316666666666666,-0.028837850878149631,-0.016775787104122204,0.029981724810572864,1
11.333333333333334,-0.028190778623577304,-0.018469844259769625,0.029981724810572874,1
11.35,-0.027406363729278144,-0.020073918190765531,0.029835656861048224,1
11.366666666666667,-0.026488427785767807,-0.021580194010159537,0.029544232590366228,1
11.383333333333333,-0.025441442884692845,-0.022981333293569262,0.029108871788279908,1
11.4,-0.024270509831248448,-0.024270509831248399,0.028531695488854602,1
11.416666666666666,-0.02298133329356945,-0.025441442884692689,0.027815515637003664,1
11.433333333333334,-0.021580194010159596,-0.026488427785767765,0.026963821388975025,1
11.449999999999999,-0.02007391819076591,-0.02740636372927794,0.025980762113533239,1
11.466666666666667,-0.018469844259769854,-0.028190778623577203,0.024871127176651294,1
11.483333333333333,-0.016775787104122628,-0.028837850878149492,0.023640322608201786,1
11.5,-0.015000000000000159,-0.029344428022014129,0.022294344764321909,1
11.516666666666667,-0.013151134403672413,-0.029708042062247093,0.020839751113769948,1
11.533333333333333,-0.011238197802477574,-0.029926921507794711,0.019283628290596315,1
11.550000000000001,-0.0092705098312485627,-0.029999999999999999,0.017633557568774268,1
11.566666666666666,-0.0072576568679903024,-0.029926921507794746,0.015897577926996337,1
11.583333333333334,-0.0052094453300078935,-0.029708042062247107,0.014084146883576657,1
11.6,-0.0031358538980297162,-0.029344428022014191,0.012202099292274057,1
11.616666666666667,-0.0010469849010750593,-0.028837850878149572,0.010260604299770036,1
11.633333333333333,0.0010469849010748685,-0.028190778623577304,0.0082691206745100741,1
11.65,0.0031358538980295267,-0.027406363729278058,0.0062373507245328001,1
11.666666666666666,0.0052094453300077052,-0.026488427785767904,0.0041751930288021133,1
11.683333333333334,0.0072576568679899103,-0.025441442884692845,0.0020926942123238269,1
11.699999999999999,0.0092705098312481776,-0.024270509831248573,1.9844848971916416e-16,1
11.716666666666667,0.011238197802477199,-0.02298133329356945,-0.0020926942123236439,1
11.733333333333333,0.013151134403672051,-0.021580194010159745,-0.0041751930288017195,1
11.75,0.014999999999999809,-0.02007391819076591,-0.0062373507245326205,1
11.766666666666667,0.016775787104122291,-0.018469844259769854,-0.0082691206745098972,1
11.783333333333333,0.018469844259769538,-0.016775787104122628,-0.010260604299769863,1
11.800000000000001,0.020073918190765767,-0.014999999999999975,-0.012202099292274084,1
11.816666666666666,0.021580194010159461,-0.013151134403672413,-0.014084146883576683,1
11.833333333333334,0.022981333293569325,-0.011238197802477376,-0.015897577926996181,1
11.85,0.024270509831248333,-0.0092705098312485627,-0.017633557568774116,1
11.866666666666667,0.025441442884692741,-0.0072576568679900951,-0.019283628290596169,1
11.883333333333333,0.026488427785767717,-0.0052094453300081025,-0.020839751113769817,1
11.9,0.027406363729277978,-0.0031358538980297162,-0.022294344764321791,1
11.916666666666666,0.028190778623577165,-0.0010469849010752725,-0.023640322608201543,1
11.933333333333334,0.02883785087814952,0.0010469849010748685,-0.02487112717665119,1
11.949999999999999,0.029344428022014105,0.0031358538980293146,-0.025980762113533042,1
11.966666666666667,0.029708042062247079,0.0052094453300077052,-0.026963821388974941,1
11.983333333333333,0.029926921507794701,0.007257656867989703,-0.027815515637003515,1
12,0.029999999999999999,0.0092705098312483823,-0.028531695488854612,1
12.016666666666667,0.029926921507794725,0.011238197802477399,-0.029108871788279915,1
12.033333333333333,0.029708042062247121,0.013151134403672242,-0.029544232590366235,1
12.050000000000001,0.029344428022014171,0.014999999999999993,-0.029835656861048204,1
12.066666666666666,0.028837850878149603,0.016775787104122291,-0.029981724810572867,1
12.083333333333334,0.028190778623577269,0.018469844259769705,-0.029981724810572871,1
12.1,0.027406363729278103,0.020073918190765608,-0.02983565686104821,1
12.116666666666667,0.026488427785767855,0.021580194010159461,-0.029544232590366249,1
12.133333333333333,0.0254414428846929,0.022981333293569189,-0.029108871788279936,1
12.15,0.024270509831248514,0.024270509831248333,-0.028531695488854633,1
12.166666666666666,0.022981333293569522,0.02544144288469263,-0.027815515637003706,1
12.183333333333334,0.021580194010159672,0.026488427785767717,-0.02696382138897507,1
12.199999999999999,0.020073918190765989,0.027406363729277891,-0.025980762113533295,1
12.216666666666667,0.018469844259769774,0.028190778623577238,-0.024871127176651239,1
12.233333333333333,0.016775787104122541,0.02883785087814952,-0.023640322608201723,1
12.25,0.015000000000000069,0.029344428022014153,-0.022294344764321843,1
12.266666666666667,0.01315113440367232,0.029708042062247111,-0.020839751113769872,1
12.283333333333333,0.01123819780247748,0.029926921507794718,-0.019283628290596235,1
12.300000000000001,0.0092705098312484673,0.029999999999999999,-0.017633557568774185,1
12.316666666666666,0.0072576568679902026,0.029926921507794739,-0.01589757792699625,1
12.333333333333334,0.0052094453300080019,0.029708042062247121,-0.014084146883576754,1
12.35,0.0031358538980298264,0.029344428022014212,-0.012202099292274157,1
12.366666666666667,0.0010469849010751695,0.028837850878149603,-0.010260604299770139,1
12.383333333333333,-0.0010469849010747581,0.028190778623577342,-0.0082691206745101817,1
12.4,-0.003135853898029417,0.027406363729278103,-0.0062373507245329076,1
12.416666666666666,-0.0052094453300075968,0.026488427785767956,-0.0041751930288022217,1
12.433333333333334,-0.0072576568679900092,0.025441442884692789,-0.0020926942123237241,1
12.449999999999999,-0.0092705098312482765,0.024270509831248514,-9.554101975259119e-17,1
12.466666666666667,-0.011238197802477295,0.022981333293569384,0.0020926942123237462,1
12.483333333333333,-0.013151134403672141,0.021580194010159672,0.0041751930288018218,1
12.5,-0.014999999999999897,0.020073918190765833,0.0062373507245327212,1
12.516666666666667,-0.016775787104122378,0.018469844259769774,0.0082691206745099961,1
12.533333333333333,-0.018469844259769618,0.016775787104122541,0.010260604299769962,1
12.550000000000001,-0.020073918190765684,0.015000000000000069,0.012202099292273982,1
12.566666666666666,-0.021580194010159384,0.013151134403672512,0.014084146883576586,1
12.583333333333334,-0.022981333293569255,0.01123819780247748,0.015897577926996087,1
12.6,-0.024270509831248271,0.0092705098312486686,0.017633557568774029,1
12.616666666666667,-0.025441442884692685,0.0072576568679902026,0.019283628290596086,1
12.633333333333333,-0.026488427785767661,0.0052094453300082118,0.020839751113769737,1
12.65,-0.027406363729278023,0.0031358538980296143,0.022294344764321856,1
12.666666666666666,-0.028190778623577203,0.0010469849010751695,0.023640322608201605,1
12.683333333333334,-0.028837850878149548,-0.0010469849010749713,0.024871127176651249,1
12.699999999999999,-0.029344428022014129,-0.003135853898029417,0.025980762113533094,1
12.716666666666667,-0.029708042062247093,-0.0052094453300078067,0.026963821388974987,1
12.733333333333333,-0.029926921507794708,-0.0072576568679898028,0.027815515637003557,1
12.75,-0.029999999999999999,-0.0092705098312482765,0.028531695488854574,1
12.766666666666667,-0.029926921507794732,-0.011238197802477295,0.029108871788279891,1
12.783333333333333,-0.029708042062247135,-0.013151134403672141,0.029544232590366218,1
12.800000000000001,-0.029344428022014191,-0.014999999999999897,0.02983565686104819,1
12.816666666666666,-0.028837850878149631,-0.016775787104122201,0.029981724810572864,1
12.833333333333334,-0.028190778623577308,-0.018469844259769618,0.029981724810572874,1
12.85,-0.027406363729278148,-0.020073918190765528,0.029835656861048224,1
12.866666666666667,-0.02648842778576781,-0.02158019401015953,0.029544232590366228,1
12.883333333333333,-0.025441442884692848,-0.022981333293569255,0.029108871788279908,1
12.9,-0.024270509831248448,-0.024270509831248396,0.028531695488854605,1
12.916666666666666,-0.022981333293569457,-0.025441442884692685,0.027815515637003664,1
12.933333333333334,-0.021580194010159599,-0.026488427785767762,0.026963821388975028,1
12.949999999999999,-0.020073918190765913,-0.027406363729277936,0.025980762113533243,1
12.966666666666667,-0.018469844259769861,-0.028190778623577203,0.024871127176651298,1
12.983333333333333,-0.016775787104122631,-0.028837850878149489,0.023640322608201789,1
13,-0.015000000000000166,-0.029344428022014129,0.022294344764321915,1
13.016666666666667,-0.01315113440367242,-0.029708042062247093,0.020839751113769952,1
13.033333333333333,-0.011238197802477581,-0.029926921507794708,0.019283628290596318,1
13.050000000000001,-0.0092705098312485697,-0.029999999999999999,0.017633557568774272,1
13.066666666666666,-0.0072576568679903093,-0.029926921507794746,0.015897577926996344,1
13.083333333333334,-0.0052094453300079004,-0.029708042062247107,0.014084146883576664,1
13.1,-0.003135853898029724,-0.029344428022014191,0.012202099292274064,1
13.116666666666667,-0.0010469849010750667,-0.028837850878149576,0.010260604299770043,1
13.133333333333333,0.0010469849010748611,-0.028190778623577308,0.0082691206745100811,1
13.15,0.0031358538980295189,-0.027406363729278058,0.0062373507245328079,1
13.166666666666666,0.0052094453300076983,-0.026488427785767907,0.0041751930288021193,1
13.183333333333334,0.0072576568679899025,-0.025441442884692848,0.0020926942123238343,1
13.199999999999999,0.0092705098312481724,-0.024270509831248576,2.0579637051404829e-16,1
13.216666666666667,0.011238197802477194,-0.022981333293569457,-0.0020926942123236361,1
13.233333333333333,0.013151134403672044,-0.021580194010159749,-0.0041751930288017125,1
13.25,0.014999999999999802,-0.020073918190765913,-0.0062373507245326127,1
13.266666666666667,0.016775787104122284,-0.018469844259769861,-0.008269120674509892,1
13.283333333333333,0.018469844259769531,-0.016775787104122631,-0.010260604299769856,1
13.300000000000001,0.02007391819076576,-0.014999999999999979,-0.012202099292274077,1
13.316666666666666,0.021580194010159457,-0.01315113440367242,-0.014084146883576678,1
13.333333333333334,0.022981333293569321,-0.011238197802477385,-0.015897577926996174,1
13.35,0.02427050983124833,-0.0092705098312485697,-0.017633557568774112,1
13.366666666666667,0.025441442884692737,-0.007257656867990102,-0.019283628290596166,1
13.383333333333333,0.026488427785767713,-0.0052094453300081103,-0.02083975111376981,1
13.4,0.027406363729277974,-0.003135853898029724,-0.022294344764321784,1
13.416666666666666,0.028190778623577165,-0.0010469849010752799,-0.023640322608201536,1
13.433333333333334,0.02883785087814952,0.0010469849010748611,-0.024871127176651187,1
13.449999999999999,0.029344428022014105,0.0031358538980293072,-0.025980762113533038,1
13.466666666666667,0.029708042062247079,0.0052094453300076983,-0.026963821388974941,1
13.483333333333333,0.029926921507794701,0.0072576568679896961,-0.027815515637003511,1
13.5,0.029999999999999999,0.0092705098312481724,-0.028531695488854543,1
13.516666666666667,0.029926921507794725,0.011238197802477392,-0.029108871788279912,1
13.533333333333333,0.029708042062247125,0.013151134403672235,-0.029544232590366232,1
13.550000000000001,0.029344428022014174,0.014999999999999986,-0.029835656861048204,1
13.566666666666666,0.028837850878149607,0.016775787104122284,-0.029981724810572867,1
13.583333333333334,0.028190778623577273,0.018469844259769698,-0.029981724810572871,1
13.6,0.027406363729278106,0.020073918190765604,-0.029835656861048214,1
13.616666666666667,0.026488427785767859,0.021580194010159457,-0.029544232590366249,1
13.633333333333333,0.025441442884692904,0.022981333293569186,-0.029108871788279936,1
13.65,0.024270509831248517,0.02427050983124833,-0.028531695488854637,1
13.666666666666666,0.022981333293569526,0.025441442884692623,-0.027815515637003709,1
13.683333333333334,0.021580194010159679,0.026488427785767713,-0.026963821388975073,1
13.699999999999999,0.020073918190765996,0.027406363729277888,-0.025980762113533298,1
13.716666666666667,0.018469844259769948,0.028190778623577165,-0.02487112717665136,1
13.733333333333333,0.016775787104122725,0.028837850878149458,-0.023640322608201859,1
13.75,0.015000000000000076,0.02934442802201415,-0.022294344764321846,1
13.766666666666667,0.013151134403672327,0.029708042062247107,-0.020839751113769879,1
13.783333333333333,0.011238197802477487,0.029926921507794718,-0.019283628290596239,1
13.800000000000001,0.0092705098312484725,0.029999999999999999,-0.017633557568774189,1
13.816666666666666,0.0072576568679902087,0.029926921507794739,-0.015897577926996254,1
13.833333333333334,0.0052094453300080088,0.029708042062247125,-0.014084146883576761,1
13.85,0.0031358538980298333,0.029344428022014216,-0.012202099292274164,1
13.866666666666667,0.0010469849010751771,0.028837850878149607,-0.010260604299770146,1
13.883333333333333,-0.001046984901074751,0.028190778623577346,-0.0082691206745101886,1
13.9,-0.0031358538980294096,0.027406363729278106,-0.0062373507245329146,1
13.916666666666666,-0.005209445330007589,0.02648842778576796,-0.0041751930288022295,1
13.933333333333334,-0.0072576568679897958,0.025441442884692904,-0.0020926942123239444,1
13.949999999999999,-0.0092705098312480666,0.024270509831248639,-3.1605172127550532e-16,1
13.966666666666667,-0.011238197802477288,0.022981333293569391,0.0020926942123237389,1
13.983333333333333,-0.013151134403672136,0.021580194010159679,0.004175193028801814,1
14,-0.014999999999999892,0.020073918190765837,0.0062373507245327134,1
14.016666666666667,-0.016775787104122371,0.018469844259769781,0.0082691206745099891,1
14.033333333333333,-0.018469844259769611,0.016775787104122548,0.010260604299769953,1
14.050000000000001,-0.020073918190765681,0.015000000000000076,0.012202099292273975,1
14.066666666666666,-0.021580194010159377,0.013151134403672517,0.014084146883576579,1
14.083333333333334,-0.022981333293569252,0.011238197802477487,0.01589757792699608,1
14.1,-0.024270509831248267,0.0092705098312486755,0.017633557568774022,1
14.116666666666667,-0.025441442884692682,0.0072576568679902087,0.019283628290596079,1
14.133333333333333,-0.026488427785767658,0.0052094453300082196,0.020839751113769733,1
14.15,-0.027406363729277933,0.0031358538980298333,0.022294344764321711,1
14.166666666666666,-0.0281907786235772,0.0010469849010751771,0.023640322608201599,1
14.183333333333334,-0.028837850878149544,-0.0010469849010749641,0.024871127176651246,1
14.199999999999999,-0.029344428022014125,-0.0031358538980294096,0.025980762113533087,1
14.216666666666667,-0.029708042062247093,-0.0052094453300077989,0.026963821388974983,1
14.233333333333333,-0.029926921507794708,-0.0072576568679897958,0.027815515637003553,1
14.25,-0.029999999999999999,-0.0092705098312482696,0.028531695488854574,1
14.266666666666667,-0.029926921507794732,-0.011238197802477288,0.029108871788279887,1
14.283333333333333,-0.029708042062247135,-0.013151134403672136,0.029544232590366214,1
14.300000000000001,-0.029344428022014191,-0.014999999999999892,0.02983565686104819,1
14.316666666666666,-0.028837850878149635,-0.016775787104122194,0.029981724810572864,1
14.333333333333334,-0.028190778623577308,-0.018469844259769611,0.029981724810572874,1
14.35,-0.027406363729278148,-0.020073918190765521,0.029835656861048224,1
14.366666666666667,-0.026488427785767911,-0.021580194010159377,0.02954423259036627,1
14.383333333333333,-0.025441442884692852,-0.022981333293569252,0.029108871788279912,1
14.4,-0.024270509831248451,-0.024270509831248389,0.028531695488854605,1
14.416666666666666,-0.02298133329356946,-0.025441442884692682,0.027815515637003668,1
14.433333333333334,-0.021580194010159606,-0.026488427785767758,0.026963821388975032,1
14.449999999999999,-0.02007391819076592,-0.027406363729277933,0.025980762113533246,1
14.466666666666667,-0.018469844259769868,-0.0281907786235772,0.024871127176651301,1
14.483333333333333,-0.016775787104122638,-0.028837850878149489,0.023640322608201796,1
14.5,-0.015000000000000173,-0.029344428022014125,0.022294344764321919,1
14.516666666666667,-0.013151134403672427,-0.029708042062247093,0.020839751113769959,1
14.533333333333333,-0.011238197802477588,-0.029926921507794708,0.019283628290596322,1
14.550000000000001,-0.0092705098312485783,-0.029999999999999999,0.017633557568774279,1
14.566666666666666,-0.0072576568679903163,-0.029926921507794749,0.015897577926996351,1
14.583333333333334,-0.0052094453300081181,-0.029708042062247135,0.014084146883576858,1
14.6,-0.0031358538980297314,-0.029344428022014191,0.012202099292274071,1
14.616666666666667,-0.0010469849010750743,-0.028837850878149576,0.010260604299770049,1
14.633333333333333,0.0010469849010748538,-0.028190778623577308,0.0082691206745100897,1
14.65,0.0031358538980295119,-0.027406363729278061,0.006237350724532814,1
14.666666666666666,0.0052094453300076905,-0.026488427785767911,0.0041751930288021271,1
14.683333333333334,0.0072576568679898947,-0.025441442884692852,0.0020926942123238416,1
14.699999999999999,0.0092705098312481655,-0.02427050983124858,2.1314425130893239e-16,1
14.716666666666667,0.011238197802477187,-0.02298133329356946,-0.0020926942123236291,1
14.733333333333333,0.013151134403672037,-0.021580194010159752,-0.0041751930288017047,1
14.75,0.014999999999999796,-0.02007391819076592,-0.0062373507245326058,1
14.766666666666667,0.016775787104122277,-0.018469844259769868,-0.008269120674509885,1
14.783333333333333,0.018469844259769524,-0.016775787104122638,-0.010260604299769849,1
14.800000000000001,0.020073918190765597,-0.015000000000000173,-0.012202099292273876,1
14.816666666666666,0.02158019401015945,-0.013151134403672427,-0.014084146883576671,1
14.833333333333334,0.022981333293569321,-0.011238197802477392,-0.015897577926996167,1
14.85,0.024270509831248326,-0.0092705098312485783,-0.017633557568774105,1
14.866666666666667,0.025441442884692734,-0.007257656867990109,-0.019283628290596159,1
14.883333333333333,0.02648842778576771,-0.0052094453300081181,-0.020839751113769806,1
14.9,0.027406363729277974,-0.0031358538980297314,-0.022294344764321777,1
14.916666666666666,0.028190778623577162,-0.0010469849010752872,-0.023640322608201533,1
14.933333333333334,0.028837850878149517,0.0010469849010748538,-0.02487112717665118,1
14.949999999999999,0.029344428022014105,0.0031358538980292999,-0.025980762113533035,1
14.966666666666667,0.029708042062247076,0.0052094453300076905,-0.026963821388974938,1
14.983333333333333,0.029926921507794701,0.0072576568679896883,-0.027815515637003508,1
15,0.029999999999999999,0.0092705098312481655,-0.028531695488854539,1
15.016666666666667,0.029926921507794739,0.011238197802477187,-0.029108871788279859,1
15.033333333333333,0.029708042062247125,0.013151134403672228,-0.029544232590366232,1
15.050000000000001,0.029344428022014174,0.014999999999999979,-0.0298356568610482,1
15.066666666666666,0.028837850878149607,0.016775787104122277,-0.029981724810572867,1
15.083333333333334,0.028190778623577276,0.018469844259769691,-0.029981724810572871,1
15.1,0.02740636372927811,0.020073918190765597,-0.029835656861048214,1
15.116666666666667,0.026488427785767862,0.02158019401015945,-0.029544232590366253,1
15.133333333333333,0.025441442884692911,0.022981333293569182,-0.029108871788279939,1
15.15,0.024270509831248521,0.024270509831248326,-0.028531695488854637,1
15.166666666666666,0.022981333293569529,0.025441442884692623,-0.027815515637003713,1
15.183333333333334,0.021580194010159683,0.02648842778576771,-0.026963821388975077,1
15.199999999999999,0.020073918190766,0.027406363729277884,-0.025980762113533302,1
15.216666666666667,0.018469844259769955,0.028190778623577162,-0.024871127176651363,1
15.233333333333333,0.016775787104122728,0.028837850878149454,-0.023640322608201862,1
15.25,0.015000000000000083,0.02934442802201415,-0.02229434476432185,1
15.266666666666667,0.013151134403672333,0.029708042062247107,-0.020839751113769883,1
15.283333333333333,0.011238197802477493,0.029926921507794715,-0.019283628290596242,1
15.300000000000001,0.0092705098312486824,0.029999999999999999,-0.017633557568774366,1
15.316666666666666,0.0072576568679904229,0.029926921507794756,-0.015897577926996444,1
15.333333333333334,0.0052094453300080166,0.029708042062247125,-0.014084146883576766,1
15.35,0.0031358538980298411,0.029344428022014216,-0.012202099292274171,1
15.366666666666667,0.0010469849010749713,0.028837850878149548,-0.010260604299769953,1
15.383333333333333,-0.0010469849010749566,0.028190778623577276,-0.0082691206745099891,1
15.4,-0.0031358538980294022,0.02740636372927811,-0.0062373507245329224,1
15.416666666666666,-0.0052094453300075821,0.026488427785767963,-0.0041751930288022364,1
15.433333333333334,-0.0072576568679899953,0.025441442884692796,-0.0020926942123237389,1
15.449999999999999,-0.0092705098312482626,0.024270509831248521,-1.1023678134235942e-16,1
15.466666666666667,-0.011238197802477085,0.022981333293569529,0.002092694212323519,1
15.483333333333333,-0.013151134403671936,0.021580194010159832,0.0041751930288015954,1
15.5,-0.014999999999999885,0.020073918190765844,0.0062373507245327064,1
15.516666666666667,-0.016775787104122187,0.018469844259769955,0.0082691206745097775,1
15.533333333333333,-0.018469844259769438,0.016775787104122728,0.010260604299769747,1
15.550000000000001,-0.020073918190765674,0.015000000000000083,0.01220209929227397,1
15.566666666666666,-0.021580194010159374,0.013151134403672524,0.014084146883576572,1
15.583333333333334,-0.022981333293569384,0.011238197802477295,0.015897577926996254,1
15.6,-0.024270509831248385,0.0092705098312484795,0.017633557568774189,1
15.616666666666667,-0.025441442884692678,0.0072576568679902165,0.019283628290596076,1
15.633333333333333,-0.026488427785767654,0.0052094453300082265,0.020839751113769726,1
15.65,-0.027406363729278016,0.003135853898029629,0.022294344764321846,1
15.666666666666666,-0.0281907786235772,0.0010469849010751842,0.023640322608201595,1
15.683333333333334,-0.028837850878149485,-0.0010469849010747436,0.024871127176651121,1
15.699999999999999,-0.02934442802201408,-0.0031358538980291902,0.025980762113532976,1
15.716666666666667,-0.02970804206224709,-0.005209445330007792,0.02696382138897498,1
15.733333333333333,-0.029926921507794708,-0.0072576568679897889,0.02781551563700355,1
15.75,-0.029999999999999999,-0.0092705098312480597,0.028531695488854505,1
15.766666666666667,-0.029926921507794732,-0.011238197802477281,0.029108871788279887,1
15.783333333333333,-0.029708042062247138,-0.013151134403672129,0.029544232590366214,1
15.800000000000001,-0.029344428022014153,-0.015000000000000069,0.029835656861048214,1
15.816666666666666,-0.028837850878149579,-0.016775787104122364,0.029981724810572871,1
15.833333333333334,-0.028190778623577311,-0.018469844259769604,0.029981724810572874,1
15.85,-0.027406363729278151,-0.020073918190765514,0.029835656861048224,1
15.866666666666667,-0.026488427785767814,-0.021580194010159526,0.029544232590366232,1
15.883333333333333,-0.025441442884692855,-0.022981333293569245,0.029108871788279912,1
15.9,-0.024270509831248583,-0.02427050983124826,0.028531695488854675,1
15.916666666666666,-0.022981333293569602,-0.025441442884692564,0.027815515637003751,1
15.933333333333334,-0.021580194010159613,-0.026488427785767755,0.026963821388975035,1
15.949999999999999,-0.020073918190765927,-0.027406363729277929,0.02598076211353325,1
15.966666666666667,-0.018469844259770041,-0.028190778623577124,0.024871127176651426,1
15.983333333333333,-0.016775787104122818,-0.028837850878149426,0.023640322608201932,1
16,-0.015000000000000176,-0.029344428022014125,0.022294344764321926,1
16.016666666666666,-0.013151134403672625,-0.029708042062247062,0.020839751113770115,1
16.033333333333335,-0.011238197802477399,-0.029926921507794725,0.019283628290596166,1
16.050000000000001,-0.0092705098312485853,-0.029999999999999999,0.017633557568774282,1
16.066666666666666,-0.0072576568679903232,-0.029926921507794749,0.015897577926996354,1
16.083333333333332,-0.0052094453300083349,-0.02970804206224717,0.014084146883577054,1
16.100000000000001,-0.0031358538980297383,-0.029344428022014195,0.012202099292274077,1
16.116666666666667,-0.0010469849010752944,-0.028837850878149638,0.010260604299770257,1
16.133333333333333,0.0010469849010746335,-0.028190778623577384,0.0082691206745103014,1
16.149999999999999,0.0031358538980290809,-0.027406363729278238,0.006237350724533239,1
16.166666666666668,0.0052094453300076836,-0.026488427785767914,0.0041751930288021349,1
16.183333333333334,0.0072576568679896813,-0.025441442884692966,0.0020926942123240615,1
16.199999999999999,0.0092705098312479556,-0.024270509831248708,4.3365495283184657e-16,1
16.216666666666665,0.011238197802476783,-0.022981333293569738,-0.0020926942123231963,1
16.233333333333334,0.013151134403672413,-0.021580194010159461,-0.0041751930288021193,1
16.25,0.014999999999999975,-0.020073918190765767,-0.0062373507245328079,1
16.266666666666666,0.01677578710412227,-0.018469844259769871,-0.0082691206745098764,1
16.283333333333335,0.018469844259769854,-0.016775787104122291,-0.010260604299770245,1
16.300000000000001,0.02007391819076575,-0.014999999999999993,-0.012202099292274064,1
16.316666666666666,0.021580194010159447,-0.013151134403672432,-0.014084146883576664,1
16.333333333333332,0.022981333293569176,-0.011238197802477595,-0.01589757792699598,1
16.350000000000001,0.024270509831248448,-0.0092705098312483823,-0.017633557568774272,1
16.366666666666667,0.02544144288469273,-0.0072576568679901168,-0.019283628290596152,1
16.383333333333333,0.026488427785767706,-0.005209445330008125,-0.020839751113769799,1
16.399999999999999,0.027406363729277884,-0.0031358538980299504,-0.022294344764321631,1
16.416666666666668,0.028190778623577231,-0.0010469849010750815,-0.023640322608201661,1
16.433333333333334,0.028837850878149513,0.0010469849010748464,-0.024871127176651176,1
16.449999999999999,0.029344428022014105,0.0031358538980292925,-0.025980762113533031,1
16.466666666666665,0.029708042062247045,0.0052094453300074737,-0.026963821388974841,1
16.483333333333334,0.029926921507794715,0.0072576568679898886,-0.027815515637003584,1
16.5,0.029999999999999999,0.0092705098312481585,-0.028531695488854539,1
16.516666666666666,0.029926921507794756,0.011238197802476983,-0.029108871788279807,1
16.533333333333335,0.029708042062247125,0.013151134403672222,-0.029544232590366228,1
16.550000000000001,0.029344428022014219,0.01499999999999979,-0.029835656861048179,1
16.566666666666666,0.028837850878149669,0.016775787104122097,-0.02998172481057286,1
16.583333333333332,0.028190778623577422,0.018469844259769351,-0.029981724810572884,1
16.600000000000001,0.027406363729278113,0.02007391819076559,-0.029835656861048214,1
16.616666666666667,0.026488427785767966,0.021580194010159297,-0.029544232590366291,1
16.633333333333333,0.025441442884693029,0.02298133329356904,-0.029108871788279991,1
16.649999999999999,0.024270509831248777,0.02427050983124807,-0.028531695488854775,1
16.666666666666668,0.022981333293569262,0.025441442884692845,-0.027815515637003553,1
16.683333333333334,0.021580194010159537,0.026488427785767807,-0.026963821388974987,1
16.699999999999999,0.020073918190765847,0.027406363729277971,-0.025980762113533201,1
16.716666666666665,0.018469844259769958,0.028190778623577158,-0.024871127176651367,1
16.733333333333334,0.016775787104122381,0.028837850878149572,-0.023640322608201605,1
16.75,0.01500000000000009,0.029344428022014146,-0.022294344764321856,1
16.766666666666666,0.013151134403672531,0.029708042062247076,-0.020839751113770042,1
16.783333333333335,0.011238197802477302,0.029926921507794732,-0.019283628290596086,1
16.800000000000001,0.0092705098312484864,0.029999999999999999,-0.017633557568774199,1
16.816666666666666,0.0072576568679902234,0.029926921507794742,-0.015897577926996267,1
16.833333333333332,0.0052094453300082335,0.029708042062247152,-0.014084146883576962,1
16.850000000000001,0.003135853898029636,0.029344428022014174,-0.012202099292273982,1
16.866666666666667,0.0010469849010751916,0.02883785087814961,-0.010260604299770161,1
16.883333333333333,-0.0010469849010747365,0.028190778623577353,-0.0082691206745102008,1
16.899999999999999,-0.0031358538980291832,0.0274063637292782,-0.0062373507245331384,1
16.916666666666668,-0.005209445330007785,0.026488427785767866,-0.0041751930288020326,1
16.933333333333334,-0.0072576568679897811,0.025441442884692914,-0.0020926942123239587,1
16.949999999999999,-0.0092705098312480527,0.024270509831248649,-3.3074748286527362e-16,1
16.966666666666665,-0.01123819780247688,0.022981333293569672,0.0020926942123232991,1
16.983333333333334,-0.013151134403672122,0.02158019401015969,0.0041751930288018001,1
17,-0.014999999999999692,0.020073918190766007,0.0062373507245324913,1
17.016666666666666,-0.016775787104122003,0.018469844259770128,0.0082691206745095659,1
17.033333333333335,-0.018469844259769601,0.016775787104122558,0.010260604299769939,1
17.050000000000001,-0.020073918190765511,0.015000000000000272,0.012202099292273767,1
17.066666666666666,-0.021580194010159221,0.013151134403672724,0.014084146883576378,1
17.083333333333332,-0.022981333293568971,0.011238197802477895,0.015897577926995705,1
17.100000000000001,-0.024270509831248507,0.0092705098312482834,0.017633557568774355,1
17.116666666666667,-0.025441442884692786,0.007257656867990017,0.019283628290596235,1
17.133333333333333,-0.026488427785767751,0.0052094453300080236,0.020839751113769872,1
17.149999999999999,-0.027406363729277926,0.003135853898029848,0.0222943447643217,1
17.166666666666668,-0.028190778623577269,0.0010469849010749787,0.023640322608201723,1
17.183333333333334,-0.028837850878149541,-0.0010469849010749494,0.024871127176651239,1
17.199999999999999,-0.029344428022014122,-0.0031358538980293948,0.02598076211353308,1
17.216666666666665,-0.029708042062247059,-0.0052094453300075751,0.026963821388974882,1
17.233333333333334,-0.029926921507794722,-0.0072576568679899884,0.027815515637003626,1
17.25,-0.029999999999999999,-0.0092705098312482574,0.028531695488854567,1
17.266666666666666,-0.029926921507794749,-0.011238197802477076,0.029108871788279832,1
17.283333333333335,-0.029708042062247111,-0.013151134403672313,0.029544232590366249,1
17.300000000000001,-0.029344428022014195,-0.014999999999999878,0.02983565686104819,1
17.316666666666666,-0.028837850878149638,-0.01677578710412218,0.02998172481057286,1
17.333333333333332,-0.028190778623577387,-0.018469844259769431,0.029981724810572881,1
17.350000000000001,-0.027406363729278068,-0.020073918190765667,0.029835656861048204,1
17.366666666666667,-0.026488427785767918,-0.021580194010159367,0.029544232590366273,1
17.383333333333333,-0.02544144288469297,-0.022981333293569106,0.029108871788279967,1
17.399999999999999,-0.024270509831248711,-0.024270509831248128,0.028531695488854741,1
17.416666666666668,-0.02298133329356947,-0.025441442884692671,0.027815515637003674,1
17.433333333333334,-0.021580194010159762,-0.026488427785767651,0.026963821388975129,1
17.449999999999999,-0.02007391819076609,-0.027406363729277839,0.025980762113533361,1
17.466666666666665,-0.018469844259770215,-0.028190778623577047,0.024871127176651547,1
17.483333333333334,-0.016775787104122648,-0.028837850878149482,0.023640322608201807,1
17.5,-0.015000000000000369,-0.02934442802201408,0.022294344764322072,1
17.516666666666666,-0.013151134403672823,-0.029708042062247031,0.020839751113770278,1
17.533333333333335,-0.011238197802477206,-0.029926921507794739,0.019283628290596006,1
17.550000000000001,-0.0092705098312483875,-0.029999999999999999,0.017633557568774116,1
17.566666666666666,-0.0072576568679901228,-0.029926921507794732,0.015897577926996181,1
17.583333333333332,-0.005209445330008132,-0.029708042062247138,0.014084146883576872,1
17.600000000000001,-0.0031358538980295336,-0.029344428022014153,0.012202099292273888,1
17.616666666666667,-0.0010469849010750888,-0.028837850878149583,0.010260604299770064,1
17.633333333333333,0.0010469849010748392,-0.028190778623577314,0.0082691206745101036,1
17.649999999999999,0.0031358538980292856,-0.027406363729278155,0.0062373507245330377,1
17.666666666666668,0.0052094453300078865,-0.026488427785767817,0.0041751930288019302,1
17.683333333333334,0.0072576568679898808,-0.025441442884692859,0.002092694212323856,1
17.699999999999999,0.0092705098312481516,-0.02427050983124859,2.2784001289870062e-16,1
17.716666666666665,0.011238197802476976,-0.022981333293569606,-0.0020926942123234019,1
17.733333333333334,0.013151134403672216,-0.021580194010159613,-0.0041751930288019016,1
17.75,0.014999999999999783,-0.02007391819076593,-0.0062373507245325919,1
17.766666666666666,0.01677578710412209,-0.018469844259770045,-0.0082691206745096647,1
17.783333333333335,0.018469844259769681,-0.016775787104122475,-0.010260604299770036,1
17.800000000000001,0.020073918190765587,-0.015000000000000183,-0.012202099292273862,1
17.816666666666666,0.021580194010159294,-0.013151134403672632,-0.014084146883576469,1
17.833333333333332,0.022981333293569037,-0.0112381978024778,-0.015897577926995792,1
17.850000000000001,0.024270509831248316,-0.0092705098312485922,-0.017633557568774095,1
17.866666666666667,0.025441442884692616,-0.0072576568679903301,-0.019283628290595985,1
17.883333333333333,0.026488427785767602,-0.0052094453300083419,-0.020839751113769643,1
17.899999999999999,0.027406363729277794,-0.0031358538980301698,-0.022294344764321482,1
17.916666666666668,0.028190778623577155,-0.001046984901075302,-0.023640322608201522,1
17.933333333333334,0.028837850878149454,0.0010469849010746261,-0.024871127176651055,1
17.949999999999999,0.029344428022014056,0.0031358538980290731,-0.02598076211353292,1
17.966666666666665,0.029708042062247076,0.0052094453300076766,-0.026963821388974931,1
17.983333333333334,0.029926921507794732,0.0072576568679900881,-0.027815515637003664,1
18,0.029999999999999999,0.0092705098312483528,-0.028531695488854602,1
