y_m,u_at_crest_m_s,v_at_phase_pi_over_2_m_s
-0.59999999999999998,0.077466598121961119,0
-0.58999999999999997,0.077483698394692629,0.0016277875568588519
-0.57999999999999996,0.077535006762446221,0.0032562937618020667
-0.56999999999999995,0.077620545877231981,0.0048862375801882558
-0.55999999999999994,0.077740353503511703,0.0065183386120645902
-0.54999999999999993,0.077894482534871357,0.0081533174098613343
-0.54000000000000004,0.078083001017373033,0.0097918957965068103
-0.53000000000000003,0.078305992179596384,0.011434797184103382
-0.52000000000000002,0.078563554469382998,0.01308274689330483
-0.51000000000000001,0.078855801597299935,0.014736472473536544
-0.5,0.079182862586841568,0.016396704024199571
-0.48999999999999999,0.079544881831391759,0.018064174517000486
-0.47999999999999998,0.079942019157971902,0.019739620119549321
-0.46999999999999997,0.080374449897802416,0.021423780520368495
-0.45999999999999996,0.080842364963709432,0.023117399255456104
-0.44999999999999996,0.081345970934410358,0.024821224036547945
-0.43999999999999995,0.081885490145715945,0.026536007081222935
-0.42999999999999994,0.082461160788688675,0.028262505444997907
-0.41999999999999998,0.083073237014801224,0.030001481355558243
-0.40999999999999998,0.08372198904814121,0.031753702549272032
-0.39999999999999997,0.08440770330471177,0.033519942610136105
-0.39000000000000001,0.08513068251888066,0.035300981311303846
-0.38,0.085891245877033839,0.037097604959345429
-0.37,0.086689729158492143,0.038910606741392378
-0.35999999999999999,0.087526484883753822,0.040740787075319959
-0.34999999999999998,0.088401882470128035,0.042588953963121706
-0.33999999999999997,0.089316308394827848,0.044455923347632369
-0.32999999999999996,0.090270166365595289,0.046342519472756555
-0.31999999999999995,0.091263877498933305,0.048249575247362252
-0.31,0.092297880506023389,0.050177932612999743
-0.29999999999999999,0.093372631886411359,0.052128442915608475
-0.28999999999999998,0.094488606129546002,0.054101967281375715
-0.27999999999999997,0.095646295924260522,0.056099376996913107
-0.26999999999999996,0.09684621237628839,0.058121553893918945
-0.25999999999999995,0.098088885233910392,0.060169390738496031
-0.24999999999999994,0.099374863121831761,0.062243791625296772
-0.23999999999999999,0.10070471378339331,0.064345672376669855
-0.22999999999999998,0.10207902433122312,0.066475960946984533
-0.21999999999999997,0.10349840150643945,0.068635597832310893
-0.20999999999999996,0.10496347194651945,0.070825536485637303
-0.19999999999999996,0.1064748824619518,0.073046743737808201
-0.18999999999999995,0.10803330032179574,0.075300200224367814
-0.17999999999999999,0.10963941354827191,0.077586900818498714
-0.16999999999999998,0.1112939312205157,0.079907855070246059
-0.15999999999999998,0.11299758378762702,0.08226408765222136
-0.14999999999999997,0.11475112339115448,0.08465663881198289
-0.13999999999999996,0.11655532419715649,0.087086564831291971
-0.12999999999999995,0.11841098273798621,0.089554938492448499
-0.12,0.12031891826395054,0.092062849551910908
-0.10999999999999999,0.12227997310499923,0.094611405221410302
-0.099999999999999978,0.12429501304260285,0.09720173065677061
-0.089999999999999969,0.12636492769198485,0.099834969454651118
-0.07999999999999996,0.12849063089487547,0.10251228415743012
-0.069999999999999951,0.1306730611229619,0.10523485676645314
-0.059999999999999942,0.13291318189221155,0.10800388926387179
-0.049999999999999933,0.13521198218825267,0.11082060414330416
-0.039999999999999925,0.1375704769029992,0.11368624494955054
-0.029999999999999916,0.13998970728271307,0.1166020768276031
-0.020000000000000018,0.14247074138770138,0.11956938708119172
-0.010000000000000009,0.14501467456385214,0.12258948574111288
0,0.14762262992621558,0.12566370614359171
