x_m,steady_eta_t0_m,steady_eta_t_quarter_period_m
0,0.029999999999999999,1.8369701987210296e-18
0.029903951732918224,0.029940801852848146,0.0018837155858794058
0.059807903465836448,0.029763441039434336,0.0037599970069291276
0.089711855198754673,0.029468617521860661,0.0056214394375717416
0.1196158069316729,0.029057494833858933,0.0074606966149456423
0.14951975866459111,0.028531695488854609,0.009270509831248424
0.17942371039750935,0.027893294576647541,0.011043736580540342
0.20932766213042758,0.027144811573980587,0.012773378746952179
0.23923161386334579,0.026289200401315906,0.014452610223051453
0.269135565596264,0.025329837765060453,0.016074803849369896
0.29903951732918221,0.024270509831248423,0.017633557568774189
0.32894346906210048,0.023115397283273678,0.019122719692460693
0.35884742079501869,0.021869058822642347,0.020536413177860657
0.3887513725279369,0.02053641317786066,0.021869058822642347
0.41865532426085517,0.019122719692460693,0.023115397283273678
0.44855927599377338,0.017633557568774192,0.024270509831248423
0.47846322772669159,0.016074803849369903,0.025329837765060446
0.50836717945960985,0.014452610223051459,0.026289200401315906
0.53827113119252801,0.012773378746952184,0.027144811573980583
0.56817508292544627,0.011043736580540342,0.027893294576647538
0.59807903465836443,0.0092705098312484292,0.028531695488854605
0.62798298639128269,0.0074606966149456484,0.02905749483385893
0.65788693812420096,0.0056214394375717416,0.029468617521860661
0.68779088985711911,0.0037599970069291341,0.029763441039434332
0.71769484159003738,0.0018837155858794058,0.029940801852848146
0.74759879332295565,1.8369701987210296e-18,0.029999999999999999
0.7775027450558738,-0.0018837155858793953,0.029940801852848146
0.80740669678879207,-0.0037599970069291241,0.029763441039434336
0.83731064852171033,-0.0056214394375717382,0.029468617521860661
0.86721460025462849,-0.0074606966149456388,0.029057494833858933
0.89711855198754675,-0.0092705098312484205,0.028531695488854605
0.92702250372046491,-0.011043736580540333,0.027893294576647541
0.95692645545338317,-0.012773378746952169,0.02714481157398059
0.98683040718630144,-0.01445261022305145,0.02628920040131591
1.0167343589192197,-0.016074803849369892,0.025329837765060453
1.0466383106521377,-0.017633557568774182,0.02427050983124843
1.076542262385056,-0.019122719692460682,0.023115397283273685
1.1064462141179743,-0.02053641317786065,0.021869058822642354
1.1363501658508925,-0.02186905882264234,0.020536413177860664
1.1662541175838108,-0.023115397283273675,0.019122719692460696
1.1961580693167289,-0.024270509831248413,0.017633557568774202
1.2260620210496471,-0.025329837765060443,0.01607480384936991
1.2559659727825654,-0.026289200401315903,0.014452610223051466
1.2858699245154837,-0.02714481157398058,0.012773378746952184
1.3157738762484019,-0.027893294576647538,0.011043736580540342
1.3456778279813202,-0.028531695488854605,0.009270509831248424
1.3755817797142382,-0.02905749483385893,0.0074606966149456553
1.4054857314471565,-0.029468617521860658,0.0056214394375717477
1.4353896831800748,-0.029763441039434332,0.0037599970069291341
1.465293634912993,-0.029940801852848146,0.0018837155858794058
1.4951975866459113,-0.029999999999999999,1.8369701987210296e-18
1.5251015383788293,-0.029940801852848146,-0.0018837155858793886
1.5550054901117476,-0.029763441039434336,-0.0037599970069291176
1.5849094418446659,-0.029468617521860661,-0.0056214394375717312
1.6148133935775841,-0.029057494833858933,-0.0074606966149456388
1.6447173453105024,-0.028531695488854609,-0.0092705098312484205
1.6746212970434207,-0.027893294576647541,-0.011043736580540338
1.7045252487763387,-0.02714481157398059,-0.012773378746952169
1.734429200509257,-0.02628920040131591,-0.01445261022305145
1.7643331522421752,-0.025329837765060453,-0.016074803849369892
1.7942371039750935,-0.024270509831248423,-0.017633557568774189
1.8241410557080118,-0.023115397283273678,-0.019122719692460693
1.8540450074409298,-0.021869058822642357,-0.02053641317786065
1.8839489591738481,-0.020536413177860667,-0.02186905882264234
1.9138529109067663,-0.019122719692460707,-0.023115397283273664
1.9437568626396846,-0.017633557568774196,-0.02427050983124842
1.9736608143726029,-0.016074803849369913,-0.025329837765060443
2.0035647661055211,-0.014452610223051457,-0.026289200401315906
2.0334687178384394,-0.012773378746952188,-0.02714481157398058
2.0633726695713577,-0.011043736580540333,-0.027893294576647541
2.0932766213042755,-0.0092705098312484534,-0.028531695488854598
2.1231805730371938,-0.0074606966149456588,-0.02905749483385893
2.153084524770112,-0.0056214394375717642,-0.029468617521860654
2.1829884765030303,-0.0037599970069291376,-0.029763441039434332
2.2128924282359486,-0.0018837155858794229,-0.029940801852848146
2.2427963799688668,-5.5109105961630888e-18,-0.029999999999999999
2.2727003317017851,0.0018837155858793849,-0.029940801852848146
2.3026042834347034,0.0037599970069291267,-0.029763441039434336
2.3325082351676216,0.0056214394375717278,-0.029468617521860661
2.3624121869005399,0.0074606966149456475,-0.02905749483385893
2.3923161386334577,0.009270509831248391,-0.028531695488854616
2.422220090366376,0.011043736580540323,-0.027893294576647545
2.4521240420992942,0.012773378746952155,-0.027144811573980597
2.4820279938322125,0.014452610223051448,-0.02628920040131591
2.5119319455651308,0.016074803849369879,-0.02532983776506046
2.541835897298049,0.017633557568774185,-0.024270509831248423
2.5717398490309673,0.019122719692460679,-0.023115397283273685
2.6016438007638856,0.020536413177860657,-0.021869058822642347
2.6315477524968038,0.021869058822642336,-0.020536413177860667
2.6614517042297221,0.023115397283273682,-0.019122719692460686
2.6913556559626404,0.02427050983124842,-0.017633557568774196
2.7212596076955582,0.025329837765060443,-0.016074803849369913
2.7511635594284765,0.026289200401315892,-0.014452610223051481
2.7810675111613947,0.02714481157398058,-0.012773378746952188
2.810971462894313,0.027893294576647534,-0.011043736580540357
2.8408754146272313,0.028531695488854605,-0.0092705098312484257
2.8707793663601495,0.02905749483385893,-0.0074606966149456588
2.9006833180930678,0.029468617521860661,-0.005621439437571739
2.9305872698259861,0.029763441039434332,-0.0037599970069291376
2.9604912215589043,0.029940801852848146,-0.0018837155858793962
2.9903951732918226,0.029999999999999999,-5.5109105961630888e-18
3.0202991250247408,0.029940801852848146,0.0018837155858794116
3.0502030767576587,0.029763441039434339,0.0037599970069291003
3.0801070284905769,0.029468617521860661,0.0056214394375717278
3.1100109802234952,0.029057494833858936,0.0074606966149456215
3.1399149319564135,0.028531695488854609,0.009270509831248417
3.1698188836893317,0.027893294576647548,0.011043736580540323
3.19972283542225,0.027144811573980587,0.012773378746952177
3.2296267871551683,0.026289200401315913,0.014452610223051448
3.2595307388880865,0.02532983776506045,0.016074803849369903
3.2894346906210048,0.024270509831248427,0.017633557568774185
3.3193386423539231,0.023115397283273671,0.0191227196924607
3.3492425940868413,0.021869058822642347,0.020536413177860657
3.3791465458197592,0.020536413177860667,0.021869058822642336
3.4090504975526774,0.019122719692460707,0.023115397283273664
3.4389544492855957,0.017633557568774199,0.02427050983124842
3.4688584010185139,0.016074803849369913,0.025329837765060443
3.4987623527514322,0.01445261022305146,0.026289200401315906
3.5286663044843505,0.012773378746952191,0.02714481157398058
3.5585702562172687,0.011043736580540336,0.027893294576647541
3.588474207950187,0.0092705098312484309,0.028531695488854605
3.6183781596831053,0.0074606966149456371,0.029057494833858933
3.6482821114160235,0.0056214394375717416,0.029468617521860661
3.6781860631489414,0.0037599970069291675,0.029763441039434329
3.7080900148818596,0.0018837155858794261,0.029940801852848146
3.7379939666147779,3.5830203584608903e-17,0.029999999999999999
3.7678979183476962,-0.0018837155858793812,0.029940801852848146
3.7978018700806144,-0.0037599970069290968,0.029763441039434339
3.8277058218135327,-0.0056214394375716983,0.029468617521860668
3.857609773546451,-0.0074606966149456441,0.02905749483385893
3.8875137252793692,-0.0092705098312484135,0.028531695488854609
3.9174176770122875,-0.011043736580540319,0.027893294576647548
3.9473216287452058,-0.012773378746952151,0.027144811573980597
3.977225580478124,-0.014452610223051467,0.026289200401315899
4.0071295322110423,-0.016074803849369899,0.02532983776506045
4.0370334839439606,-0.017633557568774185,0.024270509831248427
4.0669374356768788,-0.019122719692460675,0.023115397283273685
4.0968413874097971,-0.020536413177860674,0.02186905882264233
4.1267453391427154,-0.021869058822642354,0.02053641317786065
4.1566492908756327,-0.023115397283273643,0.019122719692460731
4.186553242608551,-0.024270509831248385,0.017633557568774244
4.2164571943414693,-0.025329837765060443,0.016074803849369913
4.2463611460743875,-0.026289200401315892,0.014452610223051485
4.2762650978073058,-0.027144811573980566,0.012773378746952216
4.3061690495402241,-0.027893294576647524,0.011043736580540385
4.3360730012731423,-0.028531695488854602,0.0092705098312484309
4.3659769530060606,-0.02905749483385893,0.0074606966149456623
4.3958809047389789,-0.029468617521860654,0.0056214394375717685
4.4257848564718971,-0.029763441039434329,0.0037599970069291675
4.4556888082048154,-0.029940801852848146,0.0018837155858793995
4.4855927599377337,-0.029999999999999999,9.1848509936051487e-18
4.5154967116706519,-0.029940801852848146,-0.0018837155858793812
4.5454006634035702,-0.029763441039434339,-0.0037599970069290968
4.5753046151364885,-0.029468617521860658,-0.0056214394375717503
4.6052085668694067,-0.02905749483385893,-0.0074606966149456441
4.635112518602325,-0.028531695488854609,-0.0092705098312484135
4.6650164703352432,-0.027893294576647548,-0.011043736580540319
4.6949204220681615,-0.027144811573980576,-0.0127733787469522
4.7248243738010798,-0.026289200401315903,-0.014452610223051467
4.754728325533998,-0.02532983776506045,-0.016074803849369899
4.7846322772669154,-0.024270509831248458,-0.01763355756877414
4.8145362289998337,-0.023115397283273689,-0.019122719692460675
4.844440180732752,-0.021869058822642368,-0.020536413177860639
4.8743441324656702,-0.020536413177860691,-0.021869058822642316
4.9042480841985885,-0.019122719692460731,-0.023115397283273643
4.9341520359315068,-0.017633557568774202,-0.024270509831248416
4.964055987664425,-0.016074803849369917,-0.025329837765060443
4.9939599393973433,-0.014452610223051488,-0.026289200401315892
5.0238638911302615,-0.012773378746952219,-0.027144811573980566
5.0537678428631798,-0.01104373658054034,-0.027893294576647541
5.0836717945960981,-0.0092705098312484344,-0.028531695488854602
5.1135757463290163,-0.0074606966149456657,-0.02905749483385893
5.1434796980619346,-0.005621439437571772,-0.029468617521860654
5.1733836497948529,-0.0037599970069291185,-0.029763441039434336
5.2032876015277711,-0.0018837155858794032,-0.029940801852848146
5.2331915532606894,-1.2858791391047208e-17,-0.029999999999999999
5.2630955049936077,0.0018837155858793778,-0.029940801852848146
5.2929994567265259,0.0037599970069291458,-0.029763441039434332
5.3229034084594442,0.0056214394375717468,-0.029468617521860658
5.3528073601923625,0.0074606966149456415,-0.02905749483385893
5.3827113119252807,0.0092705098312484101,-0.028531695488854609
5.412615263658199,0.011043736580540366,-0.027893294576647531
5.4425192153911164,0.012773378746952148,-0.0271448115739806
5.4724231671240346,0.014452610223051417,-0.026289200401315927
5.5023271188569529,0.016074803849369851,-0.025329837765060481
5.5322310705898712,0.01763355756877414,-0.024270509831248458
5.5621350223227894,0.019122719692460672,-0.023115397283273689
5.5920389740557077,0.020536413177860636,-0.021869058822642368
5.621942925788626,0.021869058822642312,-0.020536413177860691
5.6518468775215442,0.02311539728327364,-0.019122719692460731
5.6817508292544625,0.024270509831248413,-0.017633557568774202
5.7116547809873808,0.025329837765060439,-0.016074803849369917
5.741558732720299,0.026289200401315889,-0.014452610223051488
5.7714626844532173,0.027144811573980566,-0.012773378746952219
5.8013666361861356,0.027893294576647538,-0.01104373658054034
5.8312705879190538,0.028531695488854602,-0.0092705098312484344
5.8611745396519721,0.02905749483385893,-0.0074606966149456657
5.8910784913848904,0.029468617521860654,-0.005621439437571772
5.9209824431178086,0.029763441039434336,-0.0037599970069291185
5.9508863948507269,0.029940801852848146,-0.0018837155858794032
5.9807903465836452,0.029999999999999999,-1.2858791391047208e-17
6.0106942983165634,0.029940801852848149,0.0018837155858793778
6.0405982500494817,0.029763441039434332,0.0037599970069291458
6.0705022017823991,0.029468617521860668,0.0056214394375716948
6.1004061535153173,0.029057494833858947,0.0074606966149455894
6.1303101052482356,0.02853169548885463,0.0092705098312483598
6.1602140569811539,0.027893294576647548,0.011043736580540316
6.1901180087140721,0.0271448115739806,0.012773378746952148
6.2200219604469904,0.026289200401315931,0.014452610223051417
6.2499259121799087,0.025329837765060481,0.016074803849369851
6.2798298639128269,0.024270509831248434,0.017633557568774185
6.3097338156457452,0.023115397283273692,0.019122719692460672
6.3396377673786635,0.021869058822642368,0.020536413177860636
6.3695417191115817,0.020536413177860695,0.021869058822642312
6.3994456708445,0.019122719692460696,0.023115397283273675
6.4293496225774183,0.017633557568774206,0.024270509831248413
6.4592535743103365,0.01607480384936992,0.025329837765060439
6.4891575260432548,0.014452610223051492,0.026289200401315889
6.5190614777761731,0.012773378746952174,0.027144811573980587
6.5489654295090913,0.011043736580540343,0.027893294576647538
6.5788693812420096,0.0092705098312484378,0.028531695488854602
6.6087733329749279,0.0074606966149456692,0.02905749483385893
6.6386772847078461,0.0056214394375717234,0.029468617521860665
6.6685812364407644,0.0037599970069291228,0.029763441039434336
6.6984851881736827,0.0018837155858794071,0.029940801852848146
6.7283891399066,6.9823436970496781e-17,0.029999999999999999
6.7582930916395183,-0.0018837155858793741,0.029940801852848149
6.7881970433724366,-0.0037599970069290894,0.029763441039434339
6.8181009951053548,-0.0056214394375716913,0.029468617521860668
6.8480049468382731,-0.0074606966149455859,0.029057494833858947
6.8779088985711914,-0.0092705098312484066,0.028531695488854612
6.9078128503041096,-0.011043736580540312,0.027893294576647548
6.9377168020370279,-0.012773378746952144,0.0271448115739806
6.9676207537699462,-0.014452610223051414,0.026289200401315931
6.9975247055028644,-0.016074803849369892,0.025329837765060453
7.0274286572357827,-0.017633557568774182,0.024270509831248434
7.057332608968701,-0.019122719692460668,0.023115397283273692
7.0872365607016192,-0.020536413177860632,0.021869058822642368
7.1171405124345375,-0.02186905882264235,0.020536413177860653
7.1470444641674558,-0.023115397283273675,0.019122719692460696
7.176948415900374,-0.024270509831248413,0.017633557568774206
7.2068523676332923,-0.025329837765060436,0.01607480384936992
7.2367563193662106,-0.026289200401315913,0.014452610223051445
7.2666602710991288,-0.027144811573980587,0.012773378746952174
7.2965642228320471,-0.027893294576647538,0.011043736580540343
7.3264681745649654,-0.028531695488854602,0.0092705098312484378
7.3563721262978827,-0.029057494833858912,0.0074606966149457212
7.386276078030801,-0.029468617521860651,0.0056214394375717755
7.4161800297637193,-0.029763441039434329,0.0037599970069291753
7.4460839814966375,-0.029940801852848142,0.0018837155858794602
7.4759879332295558,-0.029999999999999999,6.9823436970496781e-17
7.5058918849624741,-0.029940801852848149,-0.0018837155858793741
7.5357958366953923,-0.029763441039434339,-0.0037599970069290894
7.5656997884283106,-0.029468617521860668,-0.0056214394375716913
7.5956037401612289,-0.029057494833858947,-0.0074606966149455859
7.6255076918941471,-0.02853169548885463,-0.0092705098312483546
7.6554116436270654,-0.027893294576647572,-0.011043736580540264
7.6853155953599837,-0.02714481157398058,-0.012773378746952193
7.7152195470929019,-0.026289200401315906,-0.01445261022305146
7.7451234988258202,-0.025329837765060453,-0.016074803849369892
7.7750274505587385,-0.024270509831248434,-0.017633557568774182
7.8049314022916567,-0.023115397283273692,-0.019122719692460668
7.834835354024575,-0.021869058822642371,-0.020536413177860632
7.8647393057574932,-0.020536413177860698,-0.021869058822642312
7.8946432574904115,-0.019122719692460738,-0.023115397283273637
7.9245472092233298,-0.017633557568774168,-0.024270509831248444
7.954451160956248,-0.016074803849369879,-0.025329837765060464
7.9843551126891654,-0.01445261022305154,-0.026289200401315865
8.0142590644220846,-0.012773378746952177,-0.027144811573980587
8.044163016155002,-0.011043736580540347,-0.027893294576647538
8.0740669678879211,-0.0092705098312484413,-0.028531695488854602
8.1039709196208385,-0.0074606966149456727,-0.029057494833858926
8.1338748713537576,-0.0056214394375717798,-0.029468617521860651
8.163778823086675,-0.0037599970069291792,-0.029763441039434329
8.1936827748195942,-0.0018837155858793574,-0.029940801852848149
8.2235867265525115,-7.3497377367938832e-17,-0.029999999999999999
8.2534906782854307,0.0018837155858794235,-0.029940801852848146
8.2833946300183481,0.0037599970069291384,-0.029763441039434332
8.3132985817512655,0.005621439437571635,-0.029468617521860679
8.3432025334841846,0.0074606966149456336,-0.029057494833858933
8.373106485217102,0.0092705098312483008,-0.02853169548885463
8.4030104369500211,0.011043736580540309,-0.027893294576647534
8.4329143886829385,0.012773378746952141,-0.027144811573980625
8.4628183404158577,0.01445261022305141,-0.026289200401315906
8.4927222921487751,0.016074803849369847,-0.025329837765060516
8.5226262438816942,0.01763355756877422,-0.024270509831248434
8.5525301956146116,0.019122719692460623,-0.023115397283273765
8.5824341473475307,0.020536413177860667,-0.021869058822642371
8.6123380990804481,0.021869058822642274,-0.020536413177860775
8.6422420508133673,0.023115397283273671,-0.019122719692460738
8.6721460025462846,0.02427050983124841,-0.017633557568774168
8.7020499542792038,0.025329837765060436,-0.016074803849369969
8.7319539060121212,0.026289200401315885,-0.014452610223051448
8.7618578577450403,0.027144811573980607,-0.01277337874695208
8.7917618094779577,0.027893294576647517,-0.011043736580540347
8.8216657612108769,0.028531695488854616,-0.0092705098312483407
8.8515697129437942,0.029057494833858912,-0.0074606966149456727
8.8814736646767134,0.029468617521860661,-0.0056214394375716749
8.9113776164096308,0.029763441039434336,-0.0037599970069291792
8.9412815681425482,0.029940801852848139,-0.0018837155858795701
8.9711855198754673,0.029999999999999999,-7.3497377367938832e-17
9.0010894716083847,0.029940801852848156,0.0018837155858792108
9.0309934233413038,0.029763441039434339,0.0037599970069290326
9.0608973750742212,0.029468617521860672,0.0056214394375717399
9.0908013268071404,0.029057494833858947,0.0074606966149455304
9.1207052785400577,0.02853169548885463,0.0092705098312484031
9.1506092302729769,0.027893294576647534,0.011043736580540409
9.1805131820058943,0.027144811573980625,0.012773378746952141
9.2104171337388134,0.026289200401315906,0.014452610223051504
9.2403210854717308,0.025329837765060516,0.016074803849369847
9.27022503720465,0.024270509831248437,0.01763355756877422
9.3001289889375673,0.023115397283273696,0.019122719692460623
9.3300329406704865,0.021869058822642375,0.020536413177860667
9.3599368924034039,0.020536413177860698,0.021869058822642274
9.389840844136323,0.019122719692460658,0.023115397283273671
9.4197447958692404,0.017633557568774254,0.024270509831248347
9.4496487476021596,0.016074803849369882,0.025329837765060436
9.4795526993350769,0.014452610223051544,0.026289200401315833
9.5094566510679961,0.012773378746952181,0.027144811573980562
9.5393606028009135,0.01104373658054035,0.027893294576647555
9.5692645545338308,0.0092705098312485471,0.028531695488854581
9.59916850626675,0.007460696614945677,0.029057494833858936
9.6290724579996674,0.0056214394375717824,0.029468617521860641
9.6589764097325865,0.0037599970069291827,0.029763441039434336
9.6888803614655039,0.0018837155858794673,0.029940801852848139
9.7187843131984231,7.7171317765380896e-17,0.029999999999999999
9.7486882649313404,-0.0018837155858793134,0.029940801852848156
9.7785922166642596,-0.0037599970069291349,0.029763441039434339
9.808496168397177,-0.0056214394375716315,0.029468617521860689
9.8384001201300961,-0.0074606966149456302,0.029057494833858947
9.8683040718630135,-0.0092705098312483997,0.028531695488854598
9.8982080235959327,-0.011043736580540305,0.027893294576647572
9.92811197532885,-0.012773378746952137,0.02714481157398058
9.9580159270617692,-0.014452610223051408,0.026289200401315958
9.9879198787946866,-0.016074803849369844,0.025329837765060457
10.017823830527606,-0.017633557568774216,0.024270509831248371
10.047727782260523,-0.019122719692460623,0.023115397283273696
10.077631733993442,-0.020536413177860664,0.021869058822642302
10.10753568572636,-0.021869058822642343,0.020536413177860698
10.137439637459279,-0.023115397283273668,0.019122719692460658
10.167343589192196,-0.024270509831248406,0.017633557568774254
10.197247540925115,-0.025329837765060433,0.016074803849369882
10.227151492658033,-0.026289200401315882,0.014452610223051544
10.25705544439095,-0.027144811573980559,0.012773378746952181
10.286959396123869,-0.027893294576647517,0.011043736580540449
10.316863347856787,-0.028531695488854581,0.0092705098312484448
10.346767299589706,-0.029057494833858936,0.0074606966149455738
10.376671251322623,-0.029468617521860641,0.0056214394375717824
10.406575203055542,-0.029763441039434332,0.0037599970069290768
10.43647915478846,-0.029940801852848139,0.0018837155858794673
10.466383106521379,-0.029999999999999999,-2.9410092598634122e-17
10.496287058254296,-0.029940801852848149,-0.0018837155858793134
10.526191009987215,-0.029763441039434339,-0.0037599970069291349
10.556094961720133,-0.029468617521860672,-0.0056214394375716315
10.585998913453052,-0.029057494833858926,-0.0074606966149456302
10.615902865185969,-0.028531695488854633,-0.0092705098312482991
10.645806816918888,-0.027893294576647538,-0.011043736580540305
10.675710768651806,-0.027144811573980625,-0.01277337874695204
10.705614720384725,-0.02628920040131591,-0.014452610223051408
10.735518672117642,-0.02532983776506046,-0.016074803849369934
10.765422623850561,-0.024270509831248437,-0.01763355756877413
10.795326575583479,-0.023115397283273699,-0.019122719692460707
10.825230527316398,-0.021869058822642305,-0.02053641317786074
10.855134479049315,-0.020536413177860702,-0.021869058822642343
10.885038430782233,-0.019122719692460745,-0.023115397283273602
10.914942382515152,-0.017633557568774258,-0.024270509831248406
10.944846334248069,-0.016074803849369976,-0.025329837765060374
10.974750285980988,-0.014452610223051452,-0.026289200401315882
11.004654237713906,-0.012773378746952281,-0.027144811573980517
11.034558189446825,-0.011043736580540354,-0.027893294576647517
11.064462141179742,-0.0092705098312485506,-0.02853169548885455
11.094366092912662,-0.0074606966149456805,-0.029057494833858912
11.124270044645579,-0.0056214394375717859,-0.029468617521860661
11.154173996378498,-0.0037599970069291857,-0.029763441039434319
11.184077948111415,-0.001883715585879471,-0.029940801852848146
11.213981899844335,2.5736152201192067e-17,-0.029999999999999999
11.243885851577252,0.0018837155858793099,-0.029940801852848149
11.273789803310171,0.0037599970069291319,-0.029763441039434325
11.303693755043088,0.005621439437571628,-0.029468617521860672
11.333597706776008,0.0074606966149456267,-0.029057494833858926
11.363501658508925,0.0092705098312483962,-0.028531695488854633
11.393405610241844,0.011043736580540302,-0.027893294576647538
11.423309561974762,0.012773378746952134,-0.027144811573980625
11.453213513707681,0.014452610223051499,-0.02628920040131591
11.483117465440598,0.01607480384936984,-0.025329837765060519
11.513021417173515,0.017633557568774126,-0.024270509831248437
11.542925368906435,0.01912271969246062,-0.023115397283273768
11.572829320639352,0.020536413177860584,-0.021869058822642378
11.602733272372271,0.02186905882264234,-0.020536413177860625
11.632637224105189,0.023115397283273598,-0.019122719692460745
11.662541175838108,0.024270509831248406,-0.017633557568774175
11.692445127571025,0.025329837765060433,-0.016074803849369976
11.722349079303944,0.026289200401315882,-0.014452610223051452
11.752253031036862,0.027144811573980559,-0.012773378746952281
11.782156982769781,0.027893294576647517,-0.011043736580540354
11.812060934502698,0.028531695488854581,-0.0092705098312485506
11.841964886235617,0.029057494833858933,-0.0074606966149456805
11.871868837968535,0.029468617521860641,-0.0056214394375718908
11.901772789701454,0.029763441039434332,-0.0037599970069291857
11.931676741434371,0.029940801852848146,-0.001883715585879365
11.96158069316729,0.029999999999999999,-8.084525816282296e-17
11.991484644900208,0.029940801852848149,0.0018837155858794162
12.021388596633127,0.029763441039434343,0.0037599970069290261
12.051292548366044,0.029468617521860672,0.0056214394375717321
12.081196500098963,0.029057494833858926,0.0074606966149457299
12.111100451831881,0.028531695488854633,0.0092705098312483962
12.141004403564798,0.027893294576647576,0.011043736580540205
12.170908355297717,0.027144811573980583,0.012773378746952134
12.200812307030635,0.026289200401315962,0.014452610223051311
12.230716258763554,0.02532983776506046,0.01607480384936984
12.260620210496471,0.024270509831248503,0.017633557568774039
12.29052416222939,0.023115397283273702,0.01912271969246062
12.320428113962308,0.021869058822642378,0.02053641317786066
12.350332065695227,0.020536413177860705,0.021869058822642267
12.380236017428144,0.019122719692460748,0.023115397283273664
12.410139969161063,0.017633557568774175,0.024270509831248469
12.440043920893981,0.016074803849369979,0.025329837765060433
12.4699478726269,0.014452610223051455,0.026289200401315934
12.499851824359817,0.012773378746952285,0.027144811573980559
12.529755776092736,0.011043736580540357,0.027893294576647552
12.559659727825654,0.0092705098312484517,0.028531695488854581
12.589563679558573,0.007460696614945684,0.029057494833858933
12.61946763129149,0.0056214394375717902,0.029468617521860641
12.64937158302441,0.0037599970069290842,0.029763441039434332
12.679275534757327,0.0018837155858794749,0.029940801852848139
12.709179486490246,-2.2062211803750007e-17,0.029999999999999999
12.739083438223163,-0.0018837155858793062,0.029940801852848156
12.768987389956081,-0.0037599970069290218,0.029763441039434343
12.798891341689,-0.0056214394375717286,0.029468617521860651
12.828795293421917,-0.00746069661494552,0.02905749483385895
12.858699245154837,-0.009270509831248391,0.028531695488854598
12.888603196887754,-0.011043736580540201,0.027893294576647576
12.918507148620673,-0.012773378746952131,0.027144811573980583
12.94841110035359,-0.014452610223051403,0.026289200401315962
12.97831505208651,-0.016074803849369837,0.02532983776506046
13.008219003819427,-0.017633557568774123,0.024270509831248503
13.038122955552346,-0.0191227196924607,0.023115397283273702
13.068026907285264,-0.02053641317786058,0.021869058822642451
13.097930859018183,-0.02186905882264234,0.020536413177860705
13.1278348107511,-0.023115397283273595,0.019122719692460828
13.157738762484019,-0.024270509831248403,0.017633557568774261
13.187642714216937,-0.025329837765060429,0.016074803849369889
13.217546665949856,-0.026289200401315879,0.014452610223051549
13.247450617682773,-0.027144811573980555,0.012773378746952188
13.277354569415692,-0.027893294576647552,0.011043736580540257
13.30725852114861,-0.028531695488854578,0.0092705098312484517
13.337162472881529,-0.029057494833858933,0.0074606966149455799
13.367066424614446,-0.029468617521860641,0.0056214394375717902
13.396970376347365,-0.029763441039434332,0.0037599970069290842
13.426874328080283,-0.029940801852848146,0.0018837155858794749
13.4567782798132,-0.029999999999999999,1.9110060892428004e-16
13.486682231546119,-0.029940801852848149,-0.0018837155858793062
13.516586183279037,-0.029763441039434343,-0.0037599970069291276
13.546490135011956,-0.029468617521860672,-0.0056214394375716237
13.576394086744873,-0.02905749483385895,-0.0074606966149456224
13.606298038477792,-0.028531695488854633,-0.0092705098312482921
13.63620199021071,-0.027893294576647576,-0.011043736580540298
13.666105941943629,-0.027144811573980587,-0.012773378746952228
13.696009893676546,-0.026289200401315962,-0.014452610223051403
13.725913845409465,-0.025329837765060464,-0.016074803849369927
13.755817797142383,-0.024270509831248444,-0.017633557568774123
13.785721748875302,-0.023115397283273702,-0.0191227196924607
13.815625700608219,-0.021869058822642382,-0.02053641317786058
13.845529652341138,-0.020536413177860709,-0.02186905882264234
13.875433604074056,-0.019122719692460752,-0.023115397283273595
13.905337555806975,-0.017633557568774178,-0.024270509831248403
13.935241507539892,-0.016074803849369983,-0.02532983776506037
13.965145459272811,-0.014452610223051459,-0.026289200401315879
13.995049411005729,-0.012773378746952191,-0.027144811573980604
14.024953362738648,-0.011043736580540361,-0.027893294576647513
14.054857314471565,-0.0092705098312484552,-0.028531695488854612
14.084761266204483,-0.0074606966149457898,-0.029057494833858909
14.114665217937402,-0.0056214394375717937,-0.029468617521860661
14.144569169670319,-0.0037599970069291935,-0.029763441039434319
14.174473121403238,-0.0018837155858794786,-0.029940801852848146
14.204377073136156,-8.8193138957707075e-17,-0.029999999999999999
14.234281024869075,0.001883715585879409,-0.029940801852848149
14.264184976601992,0.0037599970069290187,-0.029763441039434357
14.294088928334912,0.0056214394375717252,-0.029468617521860672
14.323992880067829,0.0074606966149455166,-0.029057494833858978
14.353896831800748,0.0092705098312483875,-0.028531695488854633
14.383800783533665,0.011043736580540295,-0.027893294576647538
14.413704735266585,0.012773378746952127,-0.027144811573980628
14.443608686999502,0.0144526102230514,-0.026289200401315913
14.473512638732421,0.016074803849369924,-0.025329837765060408
14.503416590465338,0.017633557568774119,-0.024270509831248444
14.533320542198258,0.019122719692460696,-0.023115397283273637
14.563224493931175,0.020536413177860577,-0.021869058822642382
14.593128445664094,0.021869058822642336,-0.020536413177860629
14.623032397397012,0.023115397283273661,-0.019122719692460752
14.652936349129931,0.024270509831248399,-0.017633557568774178
14.682840300862848,0.025329837765060429,-0.016074803849369983
14.712744252595765,0.026289200401315826,-0.014452610223051646
14.742648204328685,0.027144811573980555,-0.012773378746952288
14.772552156061602,0.027893294576647513,-0.011043736580540361
14.802456107794521,0.028531695488854578,-0.0092705098312485558
14.832360059527439,0.029057494833858909,-0.0074606966149456866
14.862264011260358,0.029468617521860658,-0.0056214394375716887
14.892167962993275,0.029763441039434319,-0.0037599970069291935
14.922071914726194,0.029940801852848146,-0.0018837155858793719
14.951975866459112,0.029999999999999999,-8.8193138957707075e-17
14.981879818192031,0.029940801852848149,0.001883715585879409
15.011783769924948,0.029763441039434343,0.0037599970069290187
15.041687721657867,0.029468617521860675,0.0056214394375717252
15.071591673390785,0.02905749483385895,0.0074606966149455166
15.101495625123704,0.028531695488854602,0.0092705098312483875
15.131399576856621,0.027893294576647579,0.011043736580540198
15.16130352858954,0.027144811573980587,0.012773378746952127
15.191207480322458,0.026289200401315965,0.014452610223051306
15.221111432055377,0.025329837765060464,0.016074803849369834
15.251015383788294,0.024270509831248507,0.017633557568774032
15.280919335521213,0.023115397283273706,0.019122719692460616
15.310823287254131,0.021869058822642458,0.020536413177860501
15.340727238987048,0.020536413177860712,0.021869058822642264
15.370631190719967,0.019122719692460672,0.023115397283273661
15.400535142452885,0.017633557568774268,0.02427050983124834
15.430439094185804,0.016074803849369892,0.025329837765060429
15.460343045918721,0.014452610223051556,0.026289200401315826
15.49024699765164,0.012773378746952195,0.027144811573980555
15.520150949384558,0.011043736580540463,0.027893294576647472
15.550054901117477,0.0092705098312484586,0.028531695488854578
15.579958852850394,0.0074606966149457941,0.029057494833858881
15.609862804583313,0.0056214394375717971,0.029468617521860637
15.639766756316231,0.0037599970069293023,0.029763441039434305
15.66967070804915,0.0018837155858794823,0.029940801852848139
15.699574659782067,-1.4714331008865888e-17,0.029999999999999999
15.729478611514986,-0.0018837155858792986,0.029940801852848156
15.759382563247904,-0.0037599970069291202,0.029763441039434343
15.789286514980823,-0.0056214394375716167,0.029468617521860693
15.81919046671374,-0.0074606966149456163,0.02905749483385895
15.84909441844666,-0.0092705098312484864,0.028531695488854602
15.878998370179577,-0.011043736580540291,0.027893294576647579
15.908902321912496,-0.012773378746952221,0.027144811573980587
15.938806273645413,-0.014452610223051396,0.026289200401315965
15.968710225378331,-0.01607480384936974,0.025329837765060582
15.99861417711125,-0.017633557568774116,0.024270509831248507
16.028518128844169,-0.019122719692460693,0.023115397283273706
16.058422080577085,-0.020536413177860573,0.021869058822642458
16.088326032310004,-0.021869058822642333,0.020536413177860712
16.118229984042923,-0.023115397283273591,0.019122719692460835
16.148133935775842,-0.024270509831248399,0.017633557568774268
16.178037887508758,-0.025329837765060367,0.016074803849370073
16.207941839241677,-0.026289200401315875,0.014452610223051556
16.237845790974596,-0.0271448115739806,0.012773378746952195
16.267749742707515,-0.02789329457664751,0.011043736580540463
16.297653694440431,-0.028531695488854546,0.0092705098312486616
16.32755764617335,-0.029057494833858909,0.0074606966149457941
16.357461597906269,-0.029468617521860658,0.0056214394375717971
16.387365549639188,-0.029763441039434346,0.0037599970069290911
16.417269501372104,-0.029940801852848128,0.001883715585879695
16.447173453105023,-0.029999999999999999,1.9844848971916416e-16
16.477077404837942,-0.029940801852848149,-0.0018837155858792986
16.506981356570861,-0.029763441039434329,-0.0037599970069291202
16.536885308303777,-0.029468617521860675,-0.0056214394375716167
16.566789260036696,-0.02905749483385893,-0.0074606966149456163
16.596693211769615,-0.028531695488854633,-0.0092705098312482834
16.626597163502531,-0.027893294576647621,-0.011043736580540094
16.65650111523545,-0.027144811573980632,-0.012773378746952028
16.686405066968369,-0.026289200401315917,-0.014452610223051396
16.716309018701288,-0.025329837765060412,-0.01607480384936992
16.746212970434204,-0.024270509831248573,-0.017633557568773946
16.776116922167123,-0.023115397283273775,-0.01912271969246053
16.806020873900042,-0.021869058822642388,-0.020536413177860573
16.835924825632961,-0.020536413177860636,-0.021869058822642333
16.865828777365877,-0.019122719692460755,-0.023115397283273591
16.895732729098796,-0.017633557568774355,-0.024270509831248274
16.925636680831715,-0.016074803849369986,-0.025329837765060367
16.955540632564635,-0.014452610223051466,-0.026289200401315875
16.98544458429755,-0.012773378746952294,-0.02714481157398051
17.015348536030469,-0.011043736580540368,-0.02789329457664751
17.045252487763388,-0.0092705098312483615,-0.028531695488854612
17.075156439496308,-0.0074606966149456944,-0.029057494833858909
17.105060391229223,-0.0056214394375719064,-0.029468617521860616
17.134964342962142,-0.0037599970069292009,-0.029763441039434319
17.164868294695061,-0.0018837155858793795,-0.029940801852848142
17.194772246427981,1.1762180097543886e-16,-0.029999999999999999
17.224676198160896,0.0018837155858791889,-0.029940801852848163
17.254580149893815,0.0037599970069290109,-0.029763441039434357
17.284484101626735,0.0056214394375717182,-0.029468617521860675
17.31438805335965,0.0074606966149455096,-0.029057494833858982
17.344292005092569,0.0092705098312483823,-0.028531695488854633
17.374195956825488,0.011043736580540189,-0.027893294576647621
17.404099908558408,0.012773378746952122,-0.027144811573980632
17.434003860291323,0.014452610223051299,-0.026289200401316021
17.463907812024242,0.016074803849369827,-0.025329837765060526
17.493811763757162,0.017633557568774199,-0.024270509831248448
17.523715715490081,0.019122719692460773,-0.02311539728327364
17.553619667222996,0.020536413177860494,-0.021869058822642534
17.583523618955915,0.021869058822642257,-0.020536413177860792
17.613427570688835,0.023115397283273657,-0.019122719692460755
17.643331522421754,0.024270509831248458,-0.017633557568774185
17.673235474154669,0.025329837765060422,-0.016074803849369986
17.703139425887588,0.026289200401315823,-0.014452610223051653
17.733043377620508,0.027144811573980552,-0.012773378746952294
17.762947329353427,0.027893294576647548,-0.011043736580540368
17.792851281086342,0.028531695488854574,-0.0092705098312485627
17.822755232819262,0.02905749483385893,-0.0074606966149456944
17.852659184552181,0.029468617521860637,-0.0056214394375719064
17.882563136285096,0.029763441039434305,-0.0037599970069294125
17.912467088018015,0.029940801852848135,-0.0018837155858795922
17.942371039750935,0.029999999999999999,-9.554101975259119e-17
