run,view,t,region,px,frame_share_pct,share_white_pct,share_mizuiro_pct,share_mizuiro_claw_pct,share_ai_mid_pct,share_ai_dark_pct,share_line_pct,share_off_palette_pct,mean_L
before,painting,6.0,hero,25171,1.214,0.0,0.0,0.0,9.39,87.74,2.86,0.01,28.26
before,painting,6.0,other,2048429,98.786,53.22,0.0,0.01,2.1,22.74,0.61,21.32,71.58
before,painting,9.0,hero,181701,8.763,18.41,2.48,0.63,11.69,62.54,3.22,1.04,43.45
before,painting,9.0,claws,1223,0.059,29.93,0.0,53.72,0.0,0.0,7.36,8.99,82.74
before,painting,9.0,other,1890676,91.178,51.05,0.03,0.04,4.18,25.67,0.5,18.52,69.71
before,painting,10.5,hero,265745,12.816,34.35,5.99,1.26,9.04,42.69,4.35,2.33,56.99
before,painting,10.5,claws,18161,0.876,28.43,0.01,59.23,0.0,0.0,5.12,7.21,83.97
before,painting,10.5,other,1789694,86.309,46.43,0.07,0.21,7.07,30.44,0.85,14.94,66.18
before,painting,12.0,hero,357665,17.249,38.31,6.35,1.15,9.19,38.79,4.05,2.16,59.85
before,painting,12.0,claws,36202,1.746,25.73,0.0,58.21,0.0,0.0,7.93,8.13,81.95
before,painting,12.0,other,1679733,81.006,44.87,0.14,0.5,8.31,30.15,1.06,14.98,65.82
before,seat,6.0,other,2073600,100.0,0.78,0.0,0.0,0.0,0.0,0.0,99.22,90.81
before,seat,9.0,hero,3628,0.175,53.42,2.26,1.32,1.3,27.51,9.01,5.18,68.16
before,seat,9.0,claws,635,0.031,38.27,0.0,14.96,0.0,0.0,27.24,19.53,70.89
before,seat,9.0,other,2069337,99.794,0.79,0.0,0.0,0.0,0.0,0.02,99.19,90.79
before,seat,10.5,hero,129825,6.261,32.2,6.26,1.46,7.12,45.71,4.35,2.9,55.6
before,seat,10.5,claws,29509,1.423,56.31,0.0,30.49,0.0,0.01,6.46,6.74,86.16
before,seat,10.5,other,1914266,92.316,1.5,0.0,0.1,0.0,0.0,0.21,98.19,90.67
before,seat,12.0,hero,525487,25.342,15.38,4.94,0.87,12.39,62.49,2.18,1.75,43.14
before,seat,12.0,claws,77250,3.725,53.05,0.0,39.07,0.0,0.0,3.27,4.61,87.98
before,seat,12.0,other,1470863,70.933,3.32,0.0,0.3,0.0,0.0,0.28,96.1,90.66
before,seat_toward_wave,6.0,hero,19754,0.953,0.0,0.0,0.0,8.38,88.43,3.11,0.08,28.15
before,seat_toward_wave,6.0,other,2053846,99.047,19.42,0.0,0.01,7.21,49.48,0.18,23.7,55.61
before,seat_toward_wave,9.0,hero,171022,8.248,4.25,0.11,0.2,14.23,78.66,2.09,0.46,32.17
before,seat_toward_wave,9.0,claws,638,0.031,39.34,0.0,15.05,0.0,0.31,23.2,22.1,72.25
before,seat_toward_wave,9.0,other,1901940,91.722,16.37,0.02,0.04,12.34,46.25,0.24,24.74,54.93
before,seat_toward_wave,10.5,hero,595441,28.715,8.43,2.99,0.65,15.43,68.34,2.6,1.56,37.55
before,seat_toward_wave,10.5,claws,23281,1.123,60.31,0.0,26.0,0.0,0.0,5.66,8.03,86.73
before,seat_toward_wave,10.5,other,1454878,70.162,13.87,0.05,0.17,24.04,41.47,0.6,19.79,51.98
before,seat_toward_wave,12.0,hero,1492579,71.98,1.6,0.95,0.24,20.21,75.68,0.76,0.55,31.66
before,seat_toward_wave,12.0,claws,1385,0.067,48.09,0.0,42.6,0.0,0.0,4.12,5.2,86.71
before,seat_toward_wave,12.0,other,579636,27.953,25.49,0.0,0.08,23.68,23.44,0.5,26.81,63.69
before,side_left,6.0,hero,283578,13.676,0.6,0.0,0.01,13.29,85.7,0.35,0.04,29.07
before,side_left,6.0,other,1790022,86.324,11.85,0.0,0.0,4.89,66.33,0.3,16.62,40.46
before,side_left,9.0,hero,277539,13.384,24.12,0.46,0.41,11.9,61.98,0.76,0.38,45.74
before,side_left,9.0,claws,1548,0.075,51.29,0.0,17.83,0.0,0.0,15.05,15.83,79.18
before,side_left,9.0,other,1794513,86.541,12.05,0.0,0.02,5.0,65.95,0.37,16.61,40.62
before,side_left,10.5,hero,268870,12.966,51.96,2.73,0.86,7.83,35.26,0.81,0.55,66.01
before,side_left,10.5,claws,7146,0.345,48.99,0.0,19.3,0.0,0.01,15.0,16.69,78.74
before,side_left,10.5,other,1797584,86.689,12.08,0.0,0.02,5.19,65.68,0.42,16.62,40.67
before,side_left,12.0,hero,277601,13.387,55.9,3.8,0.94,7.04,30.61,0.99,0.72,69.35
before,side_left,12.0,claws,8980,0.433,53.22,0.0,16.38,0.0,0.0,14.16,16.24,79.73
before,side_left,12.0,other,1787019,86.18,12.27,0.0,0.03,5.4,65.06,0.49,16.75,40.89
before,side_right,6.0,hero,146784,7.079,0.5,0.0,0.02,9.19,89.01,1.25,0.04,28.45
before,side_right,6.0,other,1926816,92.921,11.01,0.0,0.0,6.82,66.52,0.24,15.41,39.83
before,side_right,9.0,hero,130486,6.293,33.22,1.48,0.64,5.35,56.35,2.13,0.82,52.03
before,side_right,9.0,claws,1409,0.068,17.03,0.0,64.02,0.0,0.0,5.89,13.06,81.44
before,side_right,9.0,other,1941705,93.639,11.04,0.0,0.01,6.97,66.32,0.35,15.31,39.86
before,side_right,10.5,hero,122420,5.904,44.96,7.8,1.07,3.67,38.34,2.87,1.31,64.03
before,side_right,10.5,claws,3946,0.19,26.89,0.0,48.3,0.0,0.0,10.06,14.75,79.56
before,side_right,10.5,other,1947234,93.906,11.07,0.0,0.03,7.63,65.43,0.47,15.37,40.01
before,side_right,12.0,hero,122449,5.905,46.28,8.29,1.05,3.64,36.33,3.07,1.33,65.24
before,side_right,12.0,claws,4599,0.222,24.33,0.0,49.88,0.0,0.0,10.83,14.96,78.87
before,side_right,12.0,other,1946552,93.873,11.72,0.0,0.08,8.23,63.88,0.61,15.47,40.61
before,back65,6.0,hero,407475,19.651,0.19,0.0,0.01,14.99,84.52,0.26,0.03,29.04
before,back65,6.0,other,1666125,80.349,10.4,0.0,0.0,4.86,55.67,0.65,28.42,48.91
before,back65,9.0,hero,413401,19.936,29.36,1.35,0.42,10.96,56.7,0.85,0.36,49.78
before,back65,9.0,claws,4077,0.197,23.28,0.0,58.52,0.0,0.0,10.42,7.78,80.66
before,back65,9.0,other,1656122,79.867,15.04,0.0,0.02,5.63,55.42,0.65,23.24,45.19
before,back65,10.5,hero,406148,19.587,52.69,7.35,0.75,6.57,31.33,0.89,0.42,68.92
before,back65,10.5,claws,11443,0.552,35.69,0.0,38.41,0.0,0.0,16.8,9.11,78.26
before,back65,10.5,other,1656009,79.862,15.19,0.0,0.03,6.8,54.54,0.88,22.55,45.24
before,back65,12.0,hero,413251,19.929,53.5,8.01,0.76,6.44,29.88,0.98,0.42,69.85
before,back65,12.0,claws,14944,0.721,36.32,0.0,39.67,0.0,0.0,15.85,8.16,78.97
before,back65,12.0,other,1645405,79.35,16.43,0.0,0.08,7.48,53.65,1.06,21.29,45.92
before,top,6.0,hero,164941,7.954,1.73,0.0,0.01,7.69,89.88,0.64,0.05,29.19
before,top,6.0,other,1908659,92.046,0.04,0.0,0.0,11.46,88.48,0.01,0.0,28.32
before,top,9.0,hero,127603,6.154,28.91,0.36,0.55,4.89,61.27,2.9,1.11,48.59
before,top,9.0,claws,599,0.029,17.36,0.0,56.93,0.0,0.0,10.18,15.53,78.63
before,top,9.0,other,1945398,93.817,0.17,0.0,0.02,11.32,88.45,0.03,0.02,28.39
before,top,10.5,hero,110827,5.345,50.14,0.71,1.2,3.28,38.53,4.11,2.01,63.96
before,top,10.5,claws,3579,0.173,26.43,0.0,39.2,0.0,0.0,13.24,21.12,76.24
before,top,10.5,other,1959194,94.483,0.27,0.0,0.03,11.18,88.32,0.13,0.07,28.47
before,top,12.0,hero,110377,5.323,54.96,0.91,1.29,3.03,32.89,4.61,2.3,67.53
before,top,12.0,claws,5285,0.255,32.92,0.0,34.76,0.0,0.0,12.45,19.87,77.49
before,top,12.0,other,1957938,94.422,1.19,0.0,0.08,11.13,87.09,0.35,0.15,29.16
after,painting,6.0,hero,25171,1.214,0.0,0.0,0.0,9.39,87.74,2.86,0.01,28.26
after,painting,6.0,other,2048429,98.786,53.22,0.0,0.01,2.1,22.74,0.61,21.32,71.58
after,painting,9.0,hero,181701,8.763,6.51,7.98,0.26,12.81,67.17,3.29,1.98,38.7
after,painting,9.0,claws,2093,0.101,64.45,0.1,21.02,0.0,0.0,3.58,10.85,87.28
after,painting,9.0,other,1889806,91.136,51.01,0.03,0.05,4.18,25.68,0.51,18.53,69.69
after,painting,10.5,hero,265745,12.816,12.89,12.49,0.64,11.64,54.32,4.5,3.52,46.36
after,painting,10.5,claws,26278,1.267,57.3,0.01,29.76,0.01,0.03,4.24,8.65,86.86
after,painting,10.5,other,1781577,85.917,46.06,0.07,0.35,7.1,30.58,0.84,14.99,66.03
after,painting,12.0,hero,357665,17.249,19.49,9.37,0.73,11.87,51.01,4.35,3.18,49.1
after,painting,12.0,claws,52290,2.522,55.17,0.0,32.16,0.0,0.01,4.87,7.8,86.55
after,painting,12.0,other,1663645,80.23,44.11,0.14,0.72,8.39,30.44,1.09,15.11,65.5
after,seat,6.0,other,2073600,100.0,0.78,0.0,0.0,0.0,0.0,0.0,99.22,90.81
after,seat,9.0,hero,3628,0.175,10.47,29.88,0.66,5.13,37.32,8.19,8.35,55.68
after,seat,9.0,claws,905,0.044,54.14,0.0,8.51,0.0,0.0,21.55,15.8,76.0
after,seat,9.0,other,2069067,99.781,0.78,0.0,0.0,0.0,0.0,0.02,99.2,90.79
after,seat,10.5,hero,129825,6.261,4.71,12.09,0.82,11.09,63.29,4.32,3.69,40.47
after,seat,10.5,claws,47477,2.29,69.09,0.0,17.01,0.0,0.01,6.51,7.38,87.3
after,seat,10.5,other,1896298,91.45,0.65,0.0,0.14,0.0,0.0,0.15,99.05,90.68
after,seat,12.0,hero,525487,25.342,1.96,6.47,0.47,14.98,72.41,1.74,1.97,34.96
after,seat,12.0,claws,106879,5.154,64.46,0.0,26.76,0.0,0.0,3.56,5.21,88.85
after,seat,12.0,other,1441234,69.504,1.44,0.0,0.4,0.0,0.0,0.2,97.95,90.64
after,seat_toward_wave,6.0,hero,19754,0.953,0.0,0.0,0.0,8.38,88.43,3.13,0.06,28.14
after,seat_toward_wave,6.0,other,2053846,99.047,19.42,0.0,0.01,7.21,49.48,0.18,23.7,55.61
after,seat_toward_wave,9.0,hero,171022,8.248,2.29,1.46,0.13,14.32,78.95,2.1,0.76,31.66
after,seat_toward_wave,9.0,claws,941,0.045,54.3,0.0,9.35,0.0,0.64,17.96,17.75,77.03
after,seat_toward_wave,9.0,other,1901637,91.707,16.36,0.02,0.04,12.34,46.26,0.24,24.74,54.93
after,seat_toward_wave,10.5,hero,595441,28.715,1.27,3.57,0.31,18.07,72.88,2.29,1.61,33.15
after,seat_toward_wave,10.5,claws,42885,2.068,74.52,0.0,11.74,0.0,0.01,5.62,8.11,88.19
after,seat_toward_wave,10.5,other,1435274,69.217,12.8,0.05,0.23,24.37,42.03,0.54,19.97,51.46
after,seat_toward_wave,12.0,hero,1492579,71.98,0.62,1.1,0.17,29.91,66.78,0.83,0.59,32.59
after,seat_toward_wave,12.0,claws,1357,0.065,68.9,0.0,23.21,0.0,0.0,2.87,5.01,89.5
after,seat_toward_wave,12.0,other,579664,27.954,25.44,0.0,0.12,23.68,23.44,0.51,26.81,63.68
after,side_left,6.0,hero,283578,13.676,0.59,0.0,0.01,13.29,85.71,0.35,0.04,29.06
after,side_left,6.0,other,1790022,86.324,11.85,0.0,0.0,4.89,66.33,0.3,16.62,40.46
after,side_left,9.0,hero,277539,13.384,23.46,0.71,0.38,11.91,62.32,0.75,0.46,45.44
after,side_left,9.0,claws,2053,0.099,51.24,0.0,15.1,0.0,0.0,16.51,17.15,78.1
after,side_left,9.0,other,1794008,86.517,12.04,0.0,0.02,5.0,65.97,0.37,16.61,40.61
after,side_left,10.5,hero,268870,12.966,48.82,4.36,0.81,7.86,35.89,1.17,1.09,64.97
after,side_left,10.5,claws,7853,0.379,50.72,0.0,17.9,0.0,0.01,14.9,16.47,78.98
after,side_left,10.5,other,1796877,86.655,12.05,0.0,0.02,5.19,65.7,0.42,16.61,40.65
after,side_left,12.0,hero,277601,13.387,51.55,5.89,0.88,7.11,31.41,1.72,1.44,67.83
after,side_left,12.0,claws,9710,0.468,54.59,0.0,15.06,0.0,0.01,14.32,16.02,79.83
after,side_left,12.0,other,1786289,86.144,12.24,0.0,0.03,5.41,65.08,0.49,16.75,40.87
after,side_right,6.0,hero,146784,7.079,0.5,0.0,0.01,9.19,89.01,1.25,0.04,28.45
after,side_right,6.0,other,1926816,92.921,11.01,0.0,0.0,6.82,66.52,0.24,15.41,39.83
after,side_right,9.0,hero,130486,6.293,32.94,1.6,0.57,5.96,55.39,2.58,0.97,52.03
after,side_right,9.0,claws,1407,0.068,16.84,0.0,64.18,0.0,0.0,5.9,13.08,81.42
after,side_right,9.0,other,1941707,93.639,11.04,0.0,0.01,6.97,66.32,0.35,15.31,39.86
after,side_right,10.5,hero,122420,5.904,44.33,8.19,0.99,4.85,36.75,3.4,1.5,64.06
after,side_right,10.5,claws,3947,0.19,26.83,0.0,48.34,0.0,0.0,10.06,14.77,79.55
after,side_right,10.5,other,1947233,93.906,11.07,0.0,0.03,7.63,65.43,0.47,15.37,40.01
after,side_right,12.0,hero,122449,5.905,45.4,8.76,1.03,4.79,34.79,3.61,1.61,65.21
after,side_right,12.0,claws,4597,0.222,24.32,0.0,49.84,0.0,0.0,10.83,15.01,78.85
after,side_right,12.0,other,1946554,93.873,11.72,0.0,0.08,8.23,63.88,0.61,15.47,40.61
after,back65,6.0,hero,407475,19.651,0.19,0.0,0.01,14.99,84.52,0.26,0.03,29.04
after,back65,6.0,other,1666125,80.349,10.4,0.0,0.0,4.86,55.67,0.65,28.42,48.91
after,back65,9.0,hero,413401,19.936,29.38,1.34,0.4,10.96,56.7,0.85,0.36,49.79
after,back65,9.0,claws,4077,0.197,23.28,0.0,58.52,0.0,0.0,10.42,7.78,80.66
after,back65,9.0,other,1656122,79.867,15.04,0.0,0.02,5.63,55.42,0.65,23.24,45.19
after,back65,10.5,hero,406148,19.587,52.71,7.34,0.74,6.57,31.31,0.9,0.43,68.92
after,back65,10.5,claws,11443,0.552,35.69,0.0,38.41,0.0,0.0,16.8,9.11,78.26
after,back65,10.5,other,1656009,79.862,15.19,0.0,0.03,6.8,54.54,0.88,22.55,45.24
after,back65,12.0,hero,413251,19.929,53.46,8.0,0.76,6.45,29.86,1.0,0.46,69.84
after,back65,12.0,claws,14944,0.721,36.32,0.0,39.67,0.0,0.0,15.85,8.16,78.97
after,back65,12.0,other,1645405,79.35,16.43,0.0,0.08,7.48,53.65,1.07,21.29,45.92
after,top,6.0,hero,164941,7.954,1.72,0.0,0.02,7.7,89.86,0.65,0.05,29.19
after,top,6.0,other,1908659,92.046,0.04,0.0,0.0,11.46,88.48,0.01,0.0,28.32
after,top,9.0,hero,127604,6.154,25.09,2.7,0.47,6.0,60.4,3.91,1.44,47.6
after,top,9.0,claws,1019,0.049,38.76,0.0,36.41,0.0,0.0,7.07,17.76,81.36
after,top,9.0,other,1944977,93.797,0.15,0.0,0.02,11.32,88.47,0.03,0.02,28.38
after,top,10.5,hero,110827,5.345,40.23,6.29,0.99,4.66,38.8,5.95,3.07,60.92
after,top,10.5,claws,4191,0.202,40.94,0.0,27.8,0.0,0.0,11.5,19.76,78.72
after,top,10.5,other,1958582,94.453,0.23,0.0,0.05,11.18,88.35,0.13,0.07,28.45
after,top,12.0,hero,110377,5.323,42.37,7.58,1.14,4.26,34.32,6.68,3.65,63.41
after,top,12.0,claws,5800,0.28,42.69,0.0,26.78,0.02,0.02,11.69,18.81,79.04
after,top,12.0,other,1957423,94.397,1.15,0.0,0.09,11.14,87.11,0.35,0.16,29.15
