sample,seconds,G1_solver_m,G2_solver_m,G3_solver_m,G1_PFS_m,G2_PFS_m,G3_PFS_m,piston_x_m,piston_v_analytic_m_s,piston_v_collision_m_s,particles,PFS_sampled
0,0.0,-1.20693817730537e-06,-1.20693817730537e-06,-1.20693817730537e-06,-0.013189262151718117,-0.010983443260192849,-0.012592768669128396,0.0,0.0,0.0,53794,True
1,0.016666666666666666,-0.004100724898695802,-0.002580300167571339,-0.000756010337954387,,,,0.0,0.0,0.0,53794,False
2,0.03333333333333333,-0.004160180892333521,-0.002620801260581317,-0.0008564740640222802,-0.013227289915084817,-0.010971373319625832,-0.012616163492202737,0.0,0.0,0.0,53794,True
3,0.05,-0.004250988071052503,-0.002663746551034119,-0.0009833127627862817,,,,0.0,0.0,0.0,53794,False
4,0.06666666666666667,-0.004367455523125504,-0.00270397980067062,-0.0011257975001247359,-0.013312703371047951,-0.010927474498748757,-0.012641793489456155,0.0,0.0,0.0,53794,True
5,0.08333333333333333,-0.004504784697724055,-0.00273810314777938,-0.0012766868788047997,,,,0.0,0.0,0.0,53794,False
6,0.1,-0.004657253440356673,-0.0027628095879849803,-0.001430854214533523,-0.013441807031631448,-0.010844564437866189,-0.012650495767593362,0.0,0.0,0.0,53794,True
7,0.11666666666666667,-0.004818931536609974,-0.002774492017495443,-0.0015825182448870648,,,,0.0,0.0,0.0,53794,False
8,0.13333333333333333,-0.004983708070677379,-0.0027732698343341266,-0.0017340333232510685,-0.013567006587982156,-0.010713106393814065,-0.012635594606399514,0.0,0.0,0.0,53794,True
9,0.15,-0.005149468498498802,-0.0027575939040338834,-0.0018844157247513245,,,,0.0,0.0,0.0,53794,False
10,0.16666666666666666,-0.005310341544713413,-0.0027269275265689188,-0.0020320565314691005,-0.01368696093559263,-0.010540163516998269,-0.012607043981552102,0.0,0.0,0.0,53794,True
11,0.18333333333333332,-0.005458191255752115,-0.0026768295007818066,-0.002170518214051595,,,,0.0,0.0,0.0,53794,False
12,0.2,-0.005590602481498837,-0.0025979430409805854,-0.0023010222801408985,-0.013780540227889992,-0.010267502069473244,-0.012616521120071389,0.0,0.0,0.0,53794,True
13,0.21666666666666667,-0.005703285505982791,-0.0025041850253985833,-0.002425268336111957,,,,0.0,0.0,0.0,53794,False
14,0.23333333333333334,-0.005790397256770873,-0.002374574502366696,-0.002540663063652601,-0.013834601640701272,-0.009987539052963235,-0.01258430480957029,0.0,0.0,0.0,53794,True
15,0.25,-0.005845948749276958,-0.0022186786818160754,-0.0026482790184153815,,,,0.0,0.0,0.0,53794,False
16,0.26666666666666666,-0.005866244724449958,-0.002034112643116057,-0.002746745909648481,-0.013836807012557961,-0.009629195928573586,-0.012548542022705056,0.0,0.0,0.0,53794,True
17,0.2833333333333333,-0.005858972928851904,-0.0018238574526150669,-0.002837494149314914,,,,0.0,0.0,0.0,53794,False
18,0.3,-0.005812719620744844,-0.0015871374453607866,-0.0029201358204986178,-0.013789898157119729,-0.009258753061294533,-0.012515580654144265,0.0,0.0,0.0,53794,True
19,0.31666666666666665,-0.005728825705794225,-0.001330956742457601,-0.002996757770971375,,,,0.0,0.0,0.0,53797,False
20,0.3333333333333333,-0.005612477482864777,-0.0011463611497914048,-0.003069356160048754,-0.013707584142684914,-0.00894314646720884,-0.012501901388168313,0.0,0.0,0.0,53797,True
21,0.35,-0.005455896010298826,-0.0010910481155724226,-0.003143653142222238,,,,0.0,0.0,0.0,53797,False
22,0.36666666666666664,-0.005270942730201974,-0.0010683982936531985,-0.0032073409260570387,-0.013586527109146096,-0.008684998750686623,-0.012521153688430764,0.0,0.0,0.0,53797,True
23,0.38333333333333336,-0.00506873449361194,-0.0010683089562354376,-0.0032584517240451193,,,,0.0,0.0,0.0,53797,False
24,0.4,-0.004847749862349876,-0.00111268448977145,-0.003311351128066294,-0.01343918442726133,-0.008523976802825906,-0.012557423114776589,0.0,0.0,0.0,53797,True
25,0.4166666666666667,-0.004606052967191217,-0.0011829584171889752,-0.003357157073565323,,,,0.0,0.0,0.0,53797,False
26,0.43333333333333335,-0.004364058168053485,-0.0011760145861755928,-0.0033967940086042548,-0.013277447223663308,-0.008432275056838967,-0.01259607672691343,0.0,0.0,0.0,53797,True
27,0.45,-0.004115537008784613,-0.0011248142818899446,-0.0034287722444079106,,,,0.0,0.0,0.0,53797,False
28,0.4666666666666667,-0.0038658826660125704,-0.0010488479228269194,-0.0034535676842716587,-0.013103044033050515,-0.008362567424774148,-0.012632763385772683,0.0,0.0,0.0,53797,True
29,0.48333333333333334,-0.003623441010906224,-0.0009293109113867632,-0.003474012104794775,,,,0.0,0.0,0.0,53797,False
30,0.5,-0.003387793728184303,-0.000989273206685066,-0.0034867971505633875,-0.012920504808425881,-0.00836834907531736,-0.012691295146942116,0.0,0.0,0.0,53797,True
31,0.5166666666666667,-0.003158733095684527,-0.0009741932532227773,-0.003488257623132003,,,,0.0,0.0,0.0,53797,False
32,0.5333333333333333,-0.002937153163103731,-0.0009466856036629201,-0.0034811646712492763,-0.012728279829025246,-0.008407181501388528,-0.012707209587097146,0.0,0.0,0.0,53797,True
33,0.55,-0.002722457109204927,-0.0009102374571346935,-0.0034642665577877168,,,,0.0,0.0,0.0,53797,False
34,0.5666666666666667,-0.0025159866840525976,-0.0008665769607003823,-0.0034401863239054763,-0.012526547908782937,-0.008465713262557961,-0.012709534168243386,0.0,0.0,0.0,53797,True
35,0.5833333333333334,-0.002320572650967177,-0.0009229630572113372,-0.003407016472185524,,,,0.0,0.0,0.0,53797,False
36,0.6,-0.0021356193708703237,-0.000930056009094063,-0.0033620446240519414,-0.012323385477066018,-0.008543169498443581,-0.012683814764022805,0.0,0.0,0.0,53797,True
37,0.6166666666666667,-0.00196735546879391,-0.0009346753784475912,-0.003296151945460453,,,,0.0,0.0,0.0,53797,False
38,0.6333333333333333,-0.0018203408683994953,-0.0009415894866149884,-0.003232672897066773,-0.012138611078262307,-0.008618986606597878,-0.012621766328811623,0.0,0.0,0.0,53797,True
39,0.65,-0.0016916840096362217,-0.0009508282253220452,-0.00317551214888234,,,,0.0,0.0,0.0,53797,False
40,0.6666666666666666,-0.0015850514419880383,-0.0009432882485909011,-0.0030934363939309944,-0.011980390548706032,-0.008699750900268532,-0.012537306547164895,0.0,0.0,0.0,53797,True
41,0.6833333333333333,-0.0014957040603184434,-0.0009587556123298315,-0.0029978602183497187,,,,0.0,0.0,0.0,53797,False
42,0.7,-0.0014236123106612605,-0.0009789316828400516,-0.0028956978991857203,-0.011844283342361428,-0.00879806876182554,-0.01243171691894529,0.0,0.0,0.0,53797,True
43,0.7166666666666667,-0.0013670176475889919,-0.0010017603484746038,-0.0027875153526713548,,,,0.0,0.0,0.0,53797,False
44,0.7333333333333333,-0.0013198702897850943,-0.0010234267832792301,-0.002681806726445799,-0.011724686622619607,-0.008869773149490334,-0.012302076816558816,0.0,0.0,0.0,53797,True
45,0.75,-0.001270726434906016,-0.001037910591023756,-0.0025800316486786364,,,,0.0,0.0,0.0,53797,False
46,0.7666666666666667,-0.001210704525035937,-0.0010454208449089154,-0.0024739354432966316,-0.011598980426788308,-0.008912152051925637,-0.012168353796005227,0.0,0.0,0.0,53797,True
47,0.7833333333333333,-0.0011419503469991894,-0.0010489374291244866,-0.0023707897370180355,,,,0.0,0.0,0.0,53797,False
48,0.8,-0.0010666101942595242,-0.0010475070171614706,-0.002270594360963039,-0.011462455987930276,-0.008897876739501931,-0.012027388811111428,0.0,0.0,0.0,53797,True
49,0.8166666666666667,-0.0009690969672950388,-0.0010445864097838545,-0.0021689383434596214,,,,0.0,0.0,0.0,53797,False
50,0.8333333333333334,-0.0008742363354548857,-0.001064166334576312,-0.0020680277614231165,-0.01133049130439756,-0.008896178007125832,-0.011874562501907326,0.0,0.0,0.0,53797,True
51,0.85,-0.0007745177070942926,-0.001060858485801861,-0.001976832665788072,,,,0.0,0.0,0.0,53797,False
52,0.8666666666666667,-0.0006746798495901468,-0.0010316817971120756,-0.001885995257583685,-0.011189705133438088,-0.008840388059616067,-0.011727070808410622,0.0,0.0,0.0,53797,True
53,0.8833333333333333,-0.0005788952763273653,-0.0010141880445721733,-0.0017997772187328264,,,,0.0,0.0,0.0,53797,False
54,0.9,-0.0004938691911524182,-0.0009897202315334841,-0.0017115027304753973,-0.011100178956985451,-0.008782064914703347,-0.011579787731170632,0.0,0.0,0.0,53797,True
55,0.9166666666666666,-0.000421032343787935,-0.0009628683422631655,-0.001630023121241813,,,,0.0,0.0,0.0,53797,False
56,0.9333333333333333,-0.00037045773918622686,-0.0009441525754417532,-0.0015524476753802489,-0.011058723926544167,-0.008699989318847634,-0.0114013612270355,0.0,0.0,0.0,53797,True
57,0.95,-0.0003962367350443799,-0.0008906571945826226,-0.0014812499754199024,,,,0.0,0.0,0.0,53797,False
58,0.9666666666666667,-0.0004177839407054535,-0.0008540600960648592,-0.0014201551721376585,-0.011069869995117165,-0.008601939678192116,-0.011285132169723489,0.0,0.0,0.0,53797,True
59,0.9833333333333333,-0.00044851010162200085,-0.0008062571468512292,-0.001365587066746169,,,,0.0,0.0,0.0,53797,False
60,1.0,-0.0004855841167139744,-0.0007427780984575491,-0.0013125984941870397,-0.011093920469284035,-0.008468514680862405,-0.011186277866363503,0.0,0.0,0.0,53797,True
61,1.0166666666666666,-0.0005202443327283336,-0.0006690770931220204,-0.0012696535414938506,,,,0.0,0.0,0.0,53797,False
62,1.0333333333333334,-0.0005515068559110606,-0.0005670637259475588,-0.0012337714800777877,-0.011118268966674782,-0.008293187618255593,-0.011106556653976418,0.0,0.0,0.0,53797,True
63,1.05,-0.0005864352530585096,-0.0005308239771008392,-0.0012068003616639172,,,,0.0,0.0,0.0,53797,False
64,1.0666666666666667,-0.0006354301559480507,-0.0005714446370139821,-0.0011948497510203644,-0.01116628050804136,-0.008141255378723122,-0.011051422357559182,0.0,0.0,0.0,53797,True
65,1.0833333333333333,-0.0006899087550419722,-0.0005927234926621592,-0.0011928231933395856,,,,0.0,0.0,0.0,53797,False
66,1.1,-0.0007515103666242179,-0.0006052405261774891,-0.00120542939539287,-0.01125512123107908,-0.008027023077011086,-0.01102093458175657,0.0,0.0,0.0,53797,True
67,1.1166666666666667,-0.0008288770770446619,-0.000587865665021526,-0.001230224835256619,,,,0.0,0.0,0.0,53797,False
68,1.1333333333333333,-0.0009087771534458859,-0.0005442053374670214,-0.0012595803676617324,-0.011341995000839211,-0.007893180847167947,-0.01105338931083677,0.0,0.0,0.0,53797,True
69,1.15,-0.0009928792971982043,-0.0004852264292833169,-0.0012963860327408097,,,,0.0,0.0,0.0,53797,False
70,1.1666666666666667,-0.0010887234850327624,-0.00040788944170885784,-0.0013375133320741475,-0.011434501409530617,-0.007798469066619851,-0.011055028438568093,0.0,0.0,0.0,53797,True
71,1.1833333333333333,-0.0011841804314704847,-0.0004435330448378149,-0.001375094155466122,,,,0.0,0.0,0.0,53797,False
72,1.2,-0.001272663486289227,-0.00044731797906628277,-0.0014171450584624747,-0.011517292261123635,-0.007819062471389748,-0.011064445972442605,0.0,0.0,0.0,53797,True
73,1.2166666666666666,-0.0013608187454031031,-0.0004661828667570388,-0.0014595538177692917,,,,0.0,0.0,0.0,53797,False
74,1.2333333333333334,-0.0014495998730807264,-0.00048126282021932707,-0.0014968960139943549,-0.011598533391952492,-0.007882213592529275,-0.011078900098800637,0.0,0.0,0.0,53797,True
75,1.25,-0.0015362948285057953,-0.0005172044962071653,-0.0015356689599420482,,,,0.0,0.0,0.0,53797,False
76,1.2666666666666666,-0.0016229897839308638,-0.000555887766977484,-0.001568183220252269,-0.01168314218521116,-0.007919317483901955,-0.01108778119087217,0.0,0.0,0.0,53797,True
77,1.2833333333333334,-0.0017084628939542292,-0.0005980879597229875,-0.001600161287176118,,,,0.0,0.0,0.0,53797,False
78,1.3,-0.0017885119223449903,-0.0006500333617159356,-0.0016237347127583566,-0.011760061979293801,-0.007963663339614846,-0.011091029644012429,0.0,0.0,0.0,53797,True
79,1.3166666666666667,-0.0018638522439644624,-0.0006995946874772544,-0.0016457289432678488,,,,0.0,0.0,0.0,53797,False
80,1.3333333333333333,-0.0019303709599995042,-0.0007473976366908842,-0.0016675144383362203,-0.01182214021682737,-0.008015280961990334,-0.011091387271881081,0.0,0.0,0.0,53797,True
81,1.35,-0.001991048630159121,-0.0007988661221096226,-0.001685276709768826,,,,0.0,0.0,0.0,53797,False
82,1.3666666666666667,-0.002060011205877375,-0.0008478611938789703,-0.0016978829118221104,-0.011880642175674416,-0.008061563968658425,-0.011083012819290139,0.0,0.0,0.0,53797,True
83,1.3833333333333333,-0.002122267902229933,-0.0008956342513668086,-0.00170020754236177,,,,0.0,0.0,0.0,53797,False
84,1.4,-0.0021706374431951472,-0.0009255558688840869,-0.0016994923363802621,-0.011930680274963357,-0.008078640699386574,-0.011061078310012795,0.0,0.0,0.0,53797,True
85,1.4166666666666667,-0.0022075025539661937,-0.000948026847087982,-0.0016791671450006982,,,,0.0,0.0,0.0,53797,False
86,1.4333333333333333,-0.002240702466291745,-0.0009612590865848202,-0.001645520376706535,-0.011965131759643532,-0.00807378292083738,-0.011014914512634255,0.0,0.0,0.0,53797,True
87,1.45,-0.002269849094375932,-0.0009675176033424853,-0.0016165525923376766,,,,0.0,0.0,0.0,53797,False
88,1.4666666666666666,-0.0022932441828822626,-0.0009627491131196129,-0.001580581024624047,-0.011996364593505837,-0.00799736976623533,-0.010957455635070779,0.0,0.0,0.0,53797,True
89,1.4833333333333334,-0.002305611926648442,-0.0009587257206040401,-0.0015368908053437508,,,,0.0,0.0,0.0,53797,False
90,1.5,-0.002237066484052814,-0.0009538977846891982,-0.0014905780515447205,-0.012010908126831032,-0.007964944839477517,-0.010894095897674538,0.0,0.0,0.0,53797,True
91,1.5166666666666666,-0.0022397488020231317,-0.000943407308854647,-0.001447185736243499,,,,0.0,0.0,0.0,53797,False
92,1.5333333333333334,-0.0022387355231827423,-0.0009322315187643788,-0.0013957172508247606,-0.012018418312072732,-0.007929152250289895,-0.01082528233528135,0.0,0.0,0.0,53797,True
93,1.55,-0.0022296459053450296,-0.0009222775740758138,-0.001323655224013562,,,,0.0,0.0,0.0,53797,False
94,1.5666666666666667,-0.0022169797509603555,-0.0009092241782943044,-0.001247122948718179,-0.012011891603469826,-0.007883346080780007,-0.01074213385581968,0.0,0.0,0.0,53797,True
95,1.5833333333333333,-0.0021957309559177767,-0.0008793027296568326,-0.0011659414123434755,,,,0.0,0.0,0.0,53797,False
96,1.6,-0.002166375423512663,-0.0008512585489509892,-0.0010737627607140267,-0.011989152431488015,-0.007818347215652444,-0.010639554262161233,0.0,0.0,0.0,53797,True
97,1.6166666666666667,-0.0021362155165880864,-0.0008147805106969712,-0.0009811073613901745,,,,0.0,0.0,0.0,53797,False
98,1.6333333333333333,-0.0020992906223654567,-0.0007717163288602294,-0.0008893162889171741,-0.011955267190933205,-0.007796591520309426,-0.01052463650703428,0.0,0.0,0.0,53797,True
99,1.65,-0.002061084099289541,-0.0007076710264745782,-0.0007849782912030523,,,,0.0,0.0,0.0,53797,False
100,1.6666666666666667,-0.0020180790253851552,-0.0006491690348650835,-0.0006860940979675197,-0.011912769079208352,-0.007730221748352029,-0.01040721535682676,0.0,0.0,0.0,53797,True
101,1.6833333333333333,-0.0019683391936681214,-0.000600859446231259,-0.0005932301320823539,,,,0.0,0.0,0.0,53797,False
102,1.7,-0.0019184500722019366,-0.0005562454544081415,-0.0005470067157010844,-0.011859989166259743,-0.007682120800018288,-0.010306543111801125,0.0,0.0,0.0,53797,True
103,1.7166666666666666,-0.0018670408635953614,-0.0005094258923091096,-0.0005352050570470693,,,,0.0,0.0,0.0,53797,False
104,1.7333333333333334,-0.0018126814936449917,-0.0004795343353974296,-0.0005215852383937823,-0.01180378198623655,-0.007643318176269509,-0.01024506092071531,0.0,0.0,0.0,53797,True
105,1.75,-0.0017640441093063012,-0.0004632323676536317,-0.0005044490044047304,,,,0.0,0.0,0.0,53797,False
106,1.7666666666666666,-0.0017202942754542291,-0.00045980512085582126,-0.00048585229784706407,-0.011757856607437112,-0.007629549503326394,-0.010194307565689065,0.0,0.0,0.0,53797,True
107,1.7833333333333334,-0.0016732067011019144,-0.00047175590037918047,-0.0004540235206723663,,,,0.0,0.0,0.0,53797,False
108,1.8,-0.0016262978015851217,-0.00047613681144560396,-0.0004000216692728478,-0.011707222461700417,-0.007631099224090554,-0.010148233175277688,0.0,0.0,0.0,53797,True
109,1.8166666666666667,-0.001581683809762004,-0.0005041212086998644,-0.0003616064107558122,,,,0.0,0.0,0.0,53797,False
110,1.8333333333333333,-0.0015390068693220973,-0.0005341022719091123,-0.0003631562207421877,-0.0116588234901428,-0.007648772001266457,-0.010126268863677956,0.0,0.0,0.0,53797,True
111,1.85,-0.0015006512253768383,-0.0005753785232319873,-0.0003675371318086112,,,,0.0,0.0,0.0,53797,False
112,1.8666666666666667,-0.0014706404393216056,-0.000620201250496225,-0.0003747493128348894,-0.011625742912292458,-0.007676964998245217,-0.01012725234031675,0.0,0.0,0.0,53797,True
113,1.8833333333333333,-0.0014493615836734283,-0.0006532817647984172,-0.00038261708527089947,,,,0.0,0.0,0.0,53797,False
114,1.9,-0.0014316290350868074,-0.0006942599432624111,-0.0003858058737816049,-0.011607682704925515,-0.007706201076507546,-0.010126984119415261,0.0,0.0,0.0,53797,True
115,1.9166666666666667,-0.0014104396857361982,-0.0007423908570607135,-0.0003838688223983939,,,,0.0,0.0,0.0,53797,False
116,1.9333333333333333,-0.001382127492777072,-0.0007926076053519574,-0.0003867298152042333,-0.011580413579940774,-0.007743841409683205,-0.010129010677337624,0.0,0.0,0.0,53797,True
117,1.95,-0.0013540537581050501,-0.0008320062509835908,-0.0004010050563874456,,,,0.0,0.0,0.0,53797,False
118,1.9666666666666666,-0.0013180225758196444,-0.0008602588293709411,-0.0004051476780465709,-0.011545485258102395,-0.00777015686035154,-0.01013941168785093,0.0,0.0,0.0,53797,True
119,1.9833333333333334,-0.0012768356619145302,-0.0008881837809332322,-0.00041873760497406664,,,,0.0,0.0,0.0,53797,False
120,2.0,-0.0012599079944867917,-0.0009063332937626733,-0.0004211515729314875,-0.011494165658950783,-0.007786428928375222,-0.010151451826095559,0.0,0.0,0.0,53797,True
121,2.0166666666666666,-0.0011994689514940862,-0.0009164064675947908,-0.00043658904494462656,,,,0.0,0.0,0.0,53797,False
122,2.033333333333333,-0.001140162247605516,-0.0009227245989242322,-0.0004471690270767456,-0.01142684221267698,-0.007791823148727395,-0.010170793533325173,0.0,0.0,0.0,53797,True
123,2.05,-0.0010793357943361679,-0.0009226352615064712,-0.0004714877192460907,,,,0.0,0.0,0.0,53797,False
124,2.066666666666667,-0.0010168403019368923,-0.0009064525229062258,-0.00048427276501470377,-0.01135701537132261,-0.007774716615676858,-0.01018778085708616,0.0,0.0,0.0,53797,True
125,2.0833333333333335,-0.0009519011187342108,-0.0008714048966152242,-0.0005050451501224928,,,,0.0,0.0,0.0,53797,False
126,2.1,-0.0008421093165415,-0.0008389502508767792,-0.0005245357374971894,-0.011290228366851784,-0.00774494409561155,-0.01020470857620237,0.0,0.0,0.0,53797,True
127,2.1166666666666667,-0.0008586794654183874,-0.0007982402535458755,-0.0005609840529052224,,,,0.0,0.0,0.0,53797,False
128,2.1333333333333333,-0.0009369701172614597,-0.0007591694036191076,-0.0006017237730821111,-0.011255359649658181,-0.007704234123229958,-0.010243302583694436,0.0,0.0,0.0,53797,True
129,2.15,-0.0009346753784475912,-0.0006935447372809027,-0.0006417185644315071,,,,0.0,0.0,0.0,53797,False
130,2.1666666666666665,-0.0008535831794906493,-0.0006270557440918457,-0.0006709248070874705,-0.011217212677001931,-0.007651513814926125,-0.01027531027793882,0.0,0.0,0.0,53797,True
131,2.183333333333333,-0.000966265866214991,-0.0005506426979400151,-0.0006999522060281052,,,,0.0,0.0,0.0,53797,False
132,2.2,-0.0009735972763848216,-0.00046958039070886445,-0.0007307379815164289,-0.01118696331977842,-0.007588511705398537,-0.010295248031616189,0.0,0.0,0.0,53797,True
133,2.216666666666667,-0.0009583980937789807,-0.0003844350763903648,-0.0007574708105230017,,,,0.0,0.0,0.0,53797,False
134,2.2333333333333334,-0.00085256990065026,-0.00028763705540738716,-0.0007865578240354128,-0.01112902760505674,-0.007519668340682961,-0.010319626331329323,0.0,0.0,0.0,53797,True
135,2.25,-0.0009362549112799515,-0.00020413105737283085,-0.0008100121893539057,,,,0.0,0.0,0.0,53797,False
136,2.2666666666666666,-0.000922009392942724,-0.00015632810815920112,-0.000845626069636878,-0.011087572574615456,-0.007460153102874734,-0.010347521305084206,0.0,0.0,0.0,53797,True
137,2.283333333333333,-0.0009115785316799491,-0.00018866352475409363,-0.0008728653691838389,,,,0.0,0.0,0.0,53797,False
138,2.3,-0.0008780211008035468,-0.00018627944852246415,-0.0008928328731327454,-0.011041378974914529,-0.007436817884445168,-0.01037204861640928,0.0,0.0,0.0,53797,True
139,2.316666666666667,-0.0008426159559616947,-0.00018940862246139332,-0.0009227245989242322,,,,0.0,0.0,0.0,53797,False
140,2.3333333333333335,-0.0007387548748217828,-0.00016437472431053994,-0.0009370596235590274,-0.011004275083541848,-0.00739709138870237,-0.010386979579925515,0.0,0.0,0.0,53797,True
141,2.35,-0.0007926374970777489,-0.000131294041128541,-0.0009583384792072045,,,,0.0,0.0,0.0,53797,False
142,2.3666666666666667,-0.000785723388910352,-0.00011132653717963454,-0.0009786932245529466,-0.011000072956085183,-0.007378077507019021,-0.010403519868850686,0.0,0.0,0.0,53797,True
143,2.3833333333333333,-0.0007716268225626615,-0.00012786679433073067,-0.0009987205119534356,,,,0.0,0.0,0.0,53797,False
144,2.4,-0.0007484705301030498,-0.00014491385978182818,-0.0010083466609371351,-0.010989373922348,-0.007388597726821877,-0.010413622856140115,0.0,0.0,0.0,53797,True
145,2.4166666666666665,-0.0007447450415665514,-0.00016693764425749813,-0.0010290295397473565,,,,0.0,0.0,0.0,53797,False
146,2.433333333333333,-0.0007421523987736086,-0.00019024305758645393,-0.001040294836135192,-0.01099402308464048,-0.007395958900451638,-0.010416483879089333,0.0,0.0,0.0,53797,True
147,2.45,-0.0007388741039653353,-0.00020168719768961835,-0.0010375230118673069,,,,0.0,0.0,0.0,53797,False
148,2.466666666666667,-0.0007289201592767702,-0.00019533934351419235,-0.001032784582250033,-0.011001592874526955,-0.007383739948272683,-0.010403907299041726,0.0,0.0,0.0,53797,True
149,2.4833333333333334,-0.000710561911006209,-0.00018148123545360696,-0.0010319202553991805,,,,0.0,0.0,0.0,53797,False
150,2.5,-0.0006227643393229901,-0.00015975535495701146,-0.0010265856800641439,-0.01099351644515989,-0.007357513904571511,-0.010392403602600075,0.0,0.0,0.0,53797,True
151,2.5166666666666666,-0.0006792098815259142,-0.00012896957946868776,-0.0010235159518171845,,,,0.0,0.0,0.0,53797,False
152,2.533333333333333,-0.0006671697645847941,-0.00010015074708936658,-0.0010099261937694952,-0.01099274158477781,-0.007334357500076272,-0.010388886928558327,0.0,0.0,0.0,53797,True
153,2.55,-0.0006784350609726297,-8.071960540663957e-05,-0.0010293573354522223,,,,0.0,0.0,0.0,53797,False
154,2.566666666666667,-0.0006896407427886893,-6.841130733242973e-05,-0.0010355560687583041,-0.011013782024383523,-0.007321035861968972,-0.010406768321990945,0.0,0.0,0.0,53797,True
155,2.5833333333333335,-0.0007036179111130204,-6.355347969179631e-05,-0.0010423810083877473,,,,0.0,0.0,0.0,53797,False
156,2.6,-0.000716909765181635,-6.018584746576218e-05,-0.0010373742287575764,-0.011036908626556374,-0.007309412956237771,-0.010414516925811745,0.0,0.0,0.0,53797,True
157,2.6166666666666667,-0.000724926658486989,-6.018584746576218e-05,-0.0010486096334196208,,,,0.0,0.0,0.0,53797,False
158,2.6333333333333333,-0.000735625532003047,-6.560976021855982e-05,-0.0010360925999042905,-0.011058753728866555,-0.007311081886291482,-0.010411775112152077,0.0,0.0,0.0,53797,True
159,2.65,-0.0007558017713930737,-8.557743304727302e-05,-0.0010188072450458946,,,,0.0,0.0,0.0,53797,False
160,2.6666666666666665,-0.0007727892222723948,-0.00011084978948523134,-0.0010116249557454082,-0.011090999841690041,-0.0073309600353240745,-0.010394310951232888,0.0,0.0,0.0,53797,True
161,2.683333333333333,-0.0007831603000835871,-0.00014092035899204686,-0.0010152609379843387,,,,0.0,0.0,0.0,53797,False
162,2.7,-0.000789001683718625,-0.000172480955033655,-0.000990107641810126,-0.011109089851379372,-0.007353043556213357,-0.010388290882110573,0.0,0.0,0.0,53797,True
163,2.716666666666667,-0.0007907897831122988,-0.00021044901982246537,-0.0009871870344325107,,,,0.0,0.0,0.0,53797,False
164,2.7333333333333334,-0.0008037239497502558,-0.00026227536155166786,-0.0009910613060787393,-0.011131829023361184,-0.0073923826217651145,-0.010395413637161233,0.0,0.0,0.0,53797,True
165,2.75,-0.0008201152549118149,-0.0003167242377996048,-0.0009919254640497845,,,,0.0,0.0,0.0,53797,False
166,2.7666666666666666,-0.0008360296434991637,-0.0003726631405823344,-0.0010105221706074512,-0.011160260438919045,-0.007439410686492898,-0.01041588783264158,0.0,0.0,0.0,53797,True
167,2.783333333333333,-0.0008549840374874875,-0.00042478738629061135,-0.0010152609379843387,,,,0.0,0.0,0.0,53797,False
168,2.8,-0.0008822233370344482,-0.0004755109428818568,-0.0010076015632298355,-0.011195814609527566,-0.007477736473083474,-0.010423845052719094,0.0,0.0,0.0,53797,True
169,2.816666666666667,-0.000927224739134208,-0.0005309730979701833,-0.0010132043196979614,,,,0.0,0.0,0.0,53797,False
170,2.8333333333333335,-0.000989392435828618,-0.0005907862723991415,-0.0010117441848889607,-0.011268621683120705,-0.00752446651458738,-0.010430699586868264,0.0,0.0,0.0,53797,True
171,2.85,-0.0010564774058556305,-0.0006478279603198281,-0.00100858511922424,,,,0.0,0.0,0.0,53797,False
172,2.8666666666666667,-0.0011182576922733984,-0.0007051974439453807,-0.0010246187369551416,-0.011343783140182473,-0.007571852207183816,-0.010446763038635232,0.0,0.0,0.0,53797,True
173,2.8833333333333333,-0.0011807829075186592,-0.0007642954123928312,-0.00104080130667558,,,,0.0,0.0,0.0,53800,False
174,2.9,-0.001235619194043238,-0.0008186846740689917,-0.0010587126989775298,-0.011406338214874245,-0.007573014497756936,-0.010476863384246804,0.0,0.0,0.0,53800,True
175,2.9166666666666665,-0.0012825578164060158,-0.0008663385024132776,-0.0010691134996347069,,,,0.0,0.0,0.0,53800,False
176,2.933333333333333,-0.0013222844266223216,-0.0009137243185042801,-0.0010905115844264362,-0.011448717117309548,-0.007617002725601174,-0.010504609346389748,0.0,0.0,0.0,53800,True
177,2.95,-0.001354142926643004,-0.0009598285057419971,-0.0011021048453989444,,,,0.0,0.0,0.0,53800,False
178,2.966666666666667,-0.0013725310666393574,-0.0010010750342188874,-0.0011303275320605033,-0.011465138196945168,-0.007663583755493142,-0.010523742437362649,0.0,0.0,0.0,53800,True
179,2.9833333333333334,-0.0013787000770994545,-0.0010331719925266748,-0.00111390650405296,,,,0.0,0.0,0.0,53800,False
180,3.0,-0.001378104100261499,-0.0010630637183181614,-0.0011255891024432286,-0.011453247070312478,-0.007699286937713601,-0.010539746284484841,0.0,0.0,0.0,53800,True
181,3.0166666666666666,-0.0013685971804213524,-0.001085177177971206,-0.0011335761040227915,,,,0.0,0.0,0.0,53800,False
182,3.033333333333333,-0.0013441889819544393,-0.0011031777388111098,-0.0011597126184317956,-0.011419540643691994,-0.007722920179367043,-0.010573750734329201,0.0,0.0,0.0,53800,True
183,3.05,-0.0013061016880220764,-0.001117900004842741,-0.0011895448985313126,,,,0.0,0.0,0.0,53800,False
184,3.066666666666667,-0.0012532622363322912,-0.0011295527115072188,-0.0012240261019505366,-0.011354333162307717,-0.007743215560913064,-0.010627067089080788,0.0,0.0,0.0,53800,True
185,3.0833333333333335,-0.0011869818097045475,-0.001137569604812573,-0.0012551992877155023,,,,0.0,0.0,0.0,53800,False
186,3.1,-0.0011091679055558784,-0.0011435597715573416,-0.0012748687188055274,-0.011263942718505837,-0.007762289047241189,-0.010665303468704201,0.0,0.0,0.0,53800,True
187,3.1166666666666667,-0.001030102433159522,-0.0011492520343230356,-0.0012934953170889857,,,,0.0,0.0,0.0,53800,False
188,3.1333333333333333,-0.0009503513087478353,-0.001153156028815249,-0.001309022295399692,-0.011152541637420632,-0.007783776521682717,-0.010689204931259133,0.0,0.0,0.0,53800,True
189,3.15,-0.0008650869341655899,-0.0011553614302113567,-0.001333340987569037,,,,0.0,0.0,0.0,53800,False
190,3.1666666666666665,-0.0007063000602035312,-0.001150027023756127,-0.0013606995162595507,-0.011054074764251687,-0.007797396183013894,-0.010729527473449685,0.0,0.0,0.0,53800,True
191,3.183333333333333,-0.0007070451579108308,-0.0011396854999111126,-0.0013872535015507946,,,,0.0,0.0,0.0,53800,False
192,3.2,-0.0007489770006434376,-0.0011277644432337382,-0.0014101117211515256,-0.011003261804580666,-0.007797336578369118,-0.010767763853073098,0.0,0.0,0.0,53800,True
193,3.216666666666667,-0.0007425099173244594,-0.0011145918183086763,-0.0014268906054695336,,,,0.0,0.0,0.0,53800,False
194,3.2333333333333334,-0.0007438509918697145,-0.0010942071812371427,-0.0014411957383785368,-0.010973191261291482,-0.0077870547771453635,-0.01079062223434446,0.0,0.0,0.0,53800,True
195,3.25,-0.0007505565334757979,-0.0010720341070123225,-0.0014489740045169797,,,,0.0,0.0,0.0,53800,False
196,3.2666666666666666,-0.0007644445332621748,-0.0010549275958692552,-0.0014630109562928932,-0.01096559166908262,-0.007777100801467873,-0.010807996988296487,0.0,0.0,0.0,53800,True
197,3.283333333333333,-0.0007965117687239777,-0.0010398179195609818,-0.0014738290589525042,,,,0.0,0.0,0.0,53800,False
198,3.3,-0.000833585952695758,-0.0010275395132125636,-0.0014829188456700238,-0.010989046096801736,-0.007776385545730569,-0.010824030637741067,0.0,0.0,0.0,53800,True
199,3.316666666666667,-0.0008634178950356617,-0.0010208934172984498,-0.001501396323084138,,,,0.0,0.0,0.0,53800,False
200,3.3333333333333335,-0.0008886902514736203,-0.0010149032505536808,-0.0015265791732245282,-0.011011993885040261,-0.0077835381031036155,-0.010860955715179421,0.0,0.0,0.0,53800,True
201,3.35,-0.0009087472617200943,-0.0010045617267086674,-0.0015472620520347495,,,,0.0,0.0,0.0,53800,False
202,3.3666666666666667,-0.0009397417726495381,-0.000993624394905504,-0.0015656203003053108,-0.011038160324096657,-0.007776266336441018,-0.010898119211196877,0.0,0.0,0.0,53800,True
203,3.3833333333333333,-0.0009748785674784939,-0.000979527828557814,-0.0015784651295255073,,,,0.0,0.0,0.0,53800,False
204,3.4,-0.0010042339310038016,-0.0009328573873281262,-0.0015887171470729531,-0.011069095134735085,-0.0077387452125549094,-0.010917639732360818,0.0,0.0,0.0,53800,True
205,3.4166666666666665,-0.0010235159518171845,-0.0009852200913235084,-0.0016027838216948523,,,,0.0,0.0,0.0,53800,False
206,3.433333333333333,-0.001040950427544924,-0.0009575038752023372,-0.0016206948762371885,-0.011082774400711037,-0.0077460765838622825,-0.01094580292701719,0.0,0.0,0.0,53800,True
207,3.45,-0.0010528714842222985,-0.001027569067178742,-0.00163371871805252,,,,0.0,0.0,0.0,53800,False
208,3.466666666666667,-0.0010528714842222985,-0.0010399668715505195,-0.0016422121901724703,-0.011087214946746804,-0.007753854990005471,-0.010965412855148293,0.0,0.0,0.0,53800,True
209,3.4833333333333334,-0.001040592908994073,-0.0010657161445626877,-0.001648023850961524,,,,0.0,0.0,0.0,53800,False
210,3.5,-0.0010157674085247265,-0.0010558812601378685,-0.001653388149142545,-0.011067545413970925,-0.007748639583587624,-0.010977542400360085,0.0,0.0,0.0,53803,True
211,3.5166666666666666,-0.0009823292067918771,-0.0010668189297006448,-0.00165362660742965,,,,0.0,0.0,0.0,53803,False
212,3.533333333333333,-0.0009376853232429679,-0.0010281652128965044,-0.0016515701580230796,-0.011026954650878884,-0.007741427421569802,-0.010980731248855569,0.0,0.0,0.0,53803,True
213,3.55,-0.0008879750454921119,-0.001089319461870718,-0.0016542523071135908,,,,0.0,0.0,0.0,53803,False
214,3.566666666666667,-0.0008337050129595038,-0.0011024324722240038,-0.0016577690602089688,-0.010975247621536233,-0.007731920480728127,-0.010994499921798684,0.0,0.0,0.0,53803,True
215,3.5833333333333335,-0.000774636936237845,-0.0011079161684283841,-0.0016666203886393834,,,,0.0,0.0,0.0,53803,False
216,3.6,-0.0007100849944319991,-0.0011333673685816714,-0.0016794054344079963,-0.01090986132621763,-0.007723337411880471,-0.011020070314407326,0.0,0.0,0.0,53803,True
217,3.6166666666666667,-0.0006355196622456181,-0.0010752230644028343,-0.0016960948124284361,,,,0.0,0.0,0.0,53803,False
218,3.6333333333333333,-0.000510439171149499,-0.001142218697012086,-0.0017200558171671242,-0.010830616950988747,-0.007713979482650735,-0.011022543907165505,0.0,0.0,0.0,53803,True
219,3.65,-0.000503107929859475,-0.0011563449862057613,-0.0017472952855938917,,,,0.0,0.0,0.0,53803,False
220,3.6666666666666665,-0.0005026609050110566,-0.001167997692870239,-0.0017751008391328235,-0.010780131816863991,-0.007706350088119485,-0.011074578762054421,0.0,0.0,0.0,53803,True
221,3.683333333333333,-0.0005172342190531501,-0.0011903494419305818,-0.0017963796947810004,,,,0.0,0.0,0.0,53803,False
222,3.7,-0.0005038530275667749,-0.001211300501873893,-0.0018098801154109285,-0.010736232995986916,-0.007712012529373147,-0.011063700914382912,0.0,0.0,0.0,53803,True
223,3.716666666666667,-0.0004890113635117846,-0.0012213736757060102,-0.0018130690728014403,,,,0.0,0.0,0.0,53803,False
224,3.7333333333333334,-0.0004643052610657973,-0.0012230722688021168,-0.0018083303054245528,-0.010688877105712868,-0.007692849636077859,-0.01106721758842466,0.0,0.0,0.0,53803,True
225,3.75,-0.0004531591938215141,-0.0011517256168522326,-0.0018002539664272294,,,,0.0,0.0,0.0,53803,False
226,3.7666666666666666,-0.00041143591765022066,-0.0012377947037135544,-0.0017912536860072775,-0.01065031290054319,-0.007669872045516946,-0.011105126142501809,0.0,0.0,0.0,53803,True
227,3.783333333333333,-0.00043298312331129413,-0.0012066811325203643,-0.0018024890906693219,,,,0.0,0.0,0.0,53803,False
228,3.8,-0.00041459498331494136,-0.0012083500027704856,-0.0017741471748642106,-0.010607039928436257,-0.007646805047988869,-0.011057770252227761,0.0,0.0,0.0,53803,True
229,3.816666666666667,-0.00039087226798355186,-0.0012014061717571041,-0.001761361960215791,,,,0.0,0.0,0.0,53803,False
230,3.8333333333333335,-0.00036497421186165306,-0.001217231054046885,-0.0017447024739211418,-0.010567611455917336,-0.0076174497604369895,-0.011035716533660866,0.0,0.0,0.0,53803,True
231,3.85,-0.00032012159287162374,-0.0011874288345529662,-0.0017249138136875642,,,,0.0,0.0,0.0,53803,False
232,3.8666666666666667,-0.0003047734582762457,-0.0011831968754760802,-0.0017215162897357386,-0.010520046949386574,-0.007593220472335793,-0.01100943088531492,0.0,0.0,0.0,53803,True
233,3.8833333333333333,-0.00027827908755677784,-0.0011119692837899416,-0.0016778260704554426,,,,0.0,0.0,0.0,53803,False
234,3.9,-0.0002831369151974112,-0.001162007526125471,-0.0016838162372002112,-0.01048842668533323,-0.007556831836700417,-0.010974979400634743,0.0,0.0,0.0,53803,True
235,3.9166666666666665,-0.0002931504744577526,-0.001153632945389459,-0.001645222303847654,,,,0.0,0.0,0.0,53803,False
236,3.933333333333333,-0.00030307469630033295,-0.0011354238179882418,-0.0015875846390890117,-0.010486280918121316,-0.007544314861297585,-0.010936087369918801,0.0,0.0,0.0,53803,True
237,3.95,-0.00030799213851274266,-0.0011182874151193832,-0.0015326588462668649,,,,0.0,0.0,0.0,53803,False
238,3.966666666666667,-0.0003063827139545908,-0.0010732858441398164,-0.001493409321504575,-0.010473346710205056,-0.007521665096282937,-0.010890877246856667,0.0,0.0,0.0,53803,True
239,3.9833333333333334,-0.00030444566257137974,-0.000997737124838838,-0.0014707594995853513,,,,0.0,0.0,0.0,53803,False
240,4.0,-0.0002975016626781913,-0.0010022370961690077,-0.0014457256014344983,-0.01047665476799009,-0.007502830028533913,-0.01084092855453489,0.0,0.0,0.0,53803,True
241,4.016666666666667,-0.00033839050372442403,-0.0009840279687677897,-0.0013428180156833925,,,,0.0,0.0,0.0,53803,False
242,4.033333333333333,-0.00036038456535410923,-0.0008846967506838388,-0.0012955515976157492,-0.01049152612686155,-0.007484829425811745,-0.010805553197860696,0.0,0.0,0.0,53803,True
243,4.05,-0.000378236174204476,-0.0009139627767913853,-0.001256510639414773,,,,0.0,0.0,0.0,53803,False
244,4.066666666666666,-0.0003881007814752801,-0.0008798092001972206,-0.0012214929048495631,-0.010496681928634621,-0.007464951276779153,-0.01078040003776548,0.0,0.0,0.0,53803,True
245,4.083333333333333,-0.00037287170714364793,-0.0008652061633091423,-0.0012068898679614844,,,,0.0,0.0,0.0,53803,False
246,4.1,-0.0004125088110623864,-0.000774636936237845,-0.0011514574357191429,-0.01049942374229429,-0.007454907894134499,-0.010745978355407693,0.0,0.0,0.0,53803,True
247,4.116666666666666,-0.0004137308253438959,-0.0007845908809264101,-0.0010855644193680418,,,,0.0,0.0,0.0,53803,False
248,4.133333333333334,-0.00039817395530739773,-0.0007196515288439218,-0.0010543018961853149,-0.010482496023178078,-0.007435864210128762,-0.010699665546417214,0.0,0.0,0.0,53803,True
249,4.15,-0.00042091311464438256,-0.0007336585888940445,-0.0009783059831561113,,,,0.0,0.0,0.0,53803,False
250,4.166666666666667,-0.0003845543055339173,-0.0006694645033986626,-0.0009146183682011172,-0.010447746515274026,-0.0074114561080932395,-0.010658031702041604,0.0,0.0,0.0,53803,True
251,4.183333333333334,-0.0004097373245541146,-0.0005862861321891655,-0.0008887201431994115,,,,0.0,0.0,0.0,53803,False
252,4.2,-0.0003952533479297821,-0.000594094458933206,-0.0008424670039721574,-0.010417228937149026,-0.007397508621215798,-0.010627514123916604,0.0,0.0,0.0,53803,True
253,4.216666666666667,-0.00034771857984924203,-0.0005680471130621566,-0.000828131979337362,,,,0.0,0.0,0.0,53803,False
254,4.233333333333333,-0.00038237879586360126,-0.0005426258046346611,-0.0007629840606935604,-0.010407751798629739,-0.0073871076107024924,-0.010595327615737893,0.0,0.0,0.0,53803,True
255,4.25,-0.00038675970693002475,-0.0005013196615859946,-0.000735625532003047,,,,0.0,0.0,0.0,53803,False
256,4.266666666666667,-0.00038857752916968325,-0.0005078465283565559,-0.0006840378174407561,-0.01041186451911924,-0.0073871076107024924,-0.010566121339797951,0.0,0.0,0.0,53803,True
257,4.283333333333333,-0.00038786232318817506,-0.0004939884202959707,-0.0006170421848315044,,,,0.0,0.0,0.0,53803,False
258,4.3,-0.00038273631441445194,-0.0004210620666339197,-0.0005929619509492641,-0.010409599542617776,-0.00736424922943113,-0.010549372434616067,0.0,0.0,0.0,53803,True
259,4.316666666666666,-0.0003723054531516769,-0.0003974288576000981,-0.0005506724207859997,,,,0.0,0.0,0.0,53803,False
260,4.333333333333333,-0.00040389594091907647,-0.0003629476541808743,-0.0005353242861906218,-0.010413920879363991,-0.007346397638320901,-0.010551607608795144,0.0,0.0,0.0,53803,True
261,4.35,-0.0004097670474000993,-0.00036047390277187027,-0.0005411655009458531,,,,0.0,0.0,0.0,53803,False
262,4.366666666666666,-0.0004164129744344066,-0.00036148718161225964,-0.0005584209640784575,-0.01042104363441465,-0.0073610901832580344,-0.010583585500717141,0.0,0.0,0.0,53803,True
263,4.383333333333334,-0.00039379304424097414,-0.00035868580337819657,-0.0005791337346144703,,,,0.0,0.0,0.0,53803,False
264,4.4,-0.00044040387089888585,-0.0003535896863302649,-0.0006082803626986575,-0.010432606935501076,-0.007365560531616189,-0.01062796115875242,0.0,0.0,0.0,53803,True
265,4.416666666666667,-0.0004430264054176202,-0.00033827127458087156,-0.0006373673762110684,,,,0.0,0.0,0.0,53803,False
266,4.433333333333334,-0.00042371449287844585,-0.0003147870175365871,-0.0006618946349417269,-0.010433679819107033,-0.007354116439819314,-0.010666823387145974,0.0,0.0,0.0,53803,True
267,4.45,-0.00046627220417479984,-0.00031937666404413073,-0.0006891339344886878,,,,0.0,0.0,0.0,53803,False
268,4.466666666666667,-0.000471964466940494,-0.000315263934110797,-0.0007319897186439234,-0.01043579578399656,-0.007350391149520852,-0.01070449352264402,0.0,0.0,0.0,53803,True
269,4.483333333333333,-0.00047491496604390107,-0.00033752617687357193,-0.0007519274997468449,,,,0.0,0.0,0.0,53803,False
270,4.5,-0.00045506652235874037,-0.0003573150059869564,-0.0007862001366047552,-0.010445690155029275,-0.007372295856475808,-0.010748362541198708,0.0,0.0,0.0,53803,True
271,4.516666666666667,-0.0005194097287234661,-0.0003738849859840373,-0.0008206218943320096,,,,0.0,0.0,0.0,53806,False
272,4.533333333333333,-0.0005434901314855132,-0.00037850435533756573,-0.0008590072611232536,-0.010474687814712502,-0.007383918762207009,-0.01078183054924009,0.0,0.0,0.0,53806,True
273,4.55,-0.00055854019322201,-0.00037421295056871,-0.0008508713075541538,,,,0.0,0.0,0.0,53806,False
274,4.566666666666666,-0.0005650072765409884,-0.00037182870545727375,-0.0008679182041254445,-0.010486429929733254,-0.007433748245239236,-0.010810559988021828,0.0,0.0,0.0,53806,True
275,4.583333333333333,-0.0005588085432349065,-0.00035877530967576423,-0.0008766501345325,,,,0.0,0.0,0.0,53806,False
276,4.6,-0.000535711696467264,-0.0003419070879399954,-0.000886037994108901,-0.010487115383148171,-0.007423019409179665,-0.010819441080093362,0.0,0.0,0.0,53806,True
277,4.616666666666666,-0.0005816966545614283,-0.00032489008309449617,-0.0008867233083646175,,,,0.0,0.0,0.0,53806,False
278,4.633333333333334,-0.0005887299918723781,-0.00031150872272831394,-0.0008852928964016011,-0.010488784313201882,-0.007418519258499123,-0.010819888114929177,0.0,0.0,0.0,53806,True
279,4.65,-0.0005900710664176333,-0.0002881735865533734,-0.0008796899710536682,,,,0.0,0.0,0.0,53806,False
280,4.666666666666667,-0.000589922114428096,-0.00028778617627673117,-0.0008731038274709438,-0.010492062568664529,-0.007412260770797707,-0.010804808139801003,0.0,0.0,0.0,53806,True
281,4.683333333333334,-0.0005935579277872199,-0.00026895101143195984,-0.0008417815208366342,,,,0.0,0.0,0.0,53806,False
282,4.7,-0.0006026774373507245,-0.00025190411486066916,-0.0008428246914028148,-0.010509079694747903,-0.007409340143203713,-0.010779833793640115,0.0,0.0,0.0,53806,True
283,4.716666666666667,-0.0005741267861044928,-0.00025103978800981695,-0.000778183243299401,,,,0.0,0.0,0.0,53806,False
284,4.733333333333333,-0.0006365030493602163,-0.0002537518288261191,-0.0007535070325792052,-0.010527676343917824,-0.007415479421615578,-0.010749316215515115,0.0,0.0,0.0,53806,True
285,4.75,-0.0006435662783969573,-0.00026105334727015824,-0.0007114260689772543,,,,0.0,0.0,0.0,53806,False
286,4.766666666666667,-0.0006433278201098524,-0.0002718716188095755,-0.0006804020040816325,-0.010537213087081887,-0.007427132129669167,-0.010727322101592995,0.0,0.0,0.0,53806,True
287,4.783333333333333,-0.0006458610172108256,-0.00027455393677989294,-0.0006518513528354008,,,,0.0,0.0,0.0,53806,False
288,4.8,-0.0006389469090434285,-0.00026859349288110916,-0.0006207078899164197,-0.010543352365493752,-0.0074222147464751975,-0.010700678825378396,0.0,0.0,0.0,53806,True
289,4.816666666666666,-0.0005913824181169038,-0.00023962553963244402,-0.0005917399366677546,,,,0.0,0.0,0.0,53806,False
290,4.833333333333333,-0.0006456524506495121,-0.0002423078576027614,-0.0005616099214689695,-0.010552650690078713,-0.007415449619293191,-0.010671561956405617,0.0,0.0,0.0,53806,True
291,4.85,-0.0006618052975239661,-0.00024022168535020643,-0.0005273372846110592,,,,0.0,0.0,0.0,53806,False
292,4.866666666666666,-0.0006777196861113149,-0.00024305278643025436,-0.0005005747327585018,-0.010577118396759011,-0.0074176251888274924,-0.010647064447402932,0.0,0.0,0.0,53806,True
293,4.883333333333334,-0.0006915777941719004,-0.00023417173515385487,-0.00048474968158891376,,,,0.0,0.0,0.0,53806,False
294,4.9,-0.0006922036627356476,-0.00022841985781638454,-0.00045801702146214756,-0.010590916872024514,-0.007411217689514138,-0.010624742507934548,0.0,0.0,0.0,53806,True
295,4.916666666666667,-0.0006843059985738459,-0.00023938708134533902,-0.0004160552870037491,,,,0.0,0.0,0.0,53806,False
296,4.933333333333334,-0.0006171614139750569,-0.0002552121325149269,-0.0004183500258176177,-0.010593718290328957,-0.007428324222564675,-0.010632103681564309,0.0,0.0,0.0,53806,True
297,4.95,-0.0006855280128553556,-0.00027526914276140114,-0.00042654576283830047,,,,0.0,0.0,0.0,53806,False
298,4.966666666666667,-0.0006826074054777397,-0.00029583279242807004,-0.00044231119943611213,-0.010600215196609475,-0.007449811697006203,-0.01065809130668638,0.0,0.0,0.0,53806,True
299,4.983333333333333,-0.0006807892454784679,-0.00031889974746992085,-0.00046701730188209947,,,,0.0,0.0,0.0,53806,False
300,5.0,-0.0006894022845015844,-0.0003380030934477819,-0.0004919321397692071,-0.010603582859039284,-0.007469987869262673,-0.010692512989044167,0.0,0.0,0.0,53806,True
301,5.016666666666667,-0.0006857663022626539,-0.00034649673444753915,-0.0005151779385263865,,,,0.0,0.0,0.0,53806,False
302,5.033333333333333,-0.0006231218578738407,-0.0003457516367402395,-0.0005382746164142222,-0.010589963197708108,-0.007476872205734231,-0.01071924567222593,0.0,0.0,0.0,53806,True
303,5.05,-0.0006804020040816325,-0.0003460497095991207,-0.0005673319070806486,,,,0.0,0.0,0.0,53806,False
304,5.066666666666666,-0.0006736069561779812,-0.00034688414472418136,-0.0006017534959280959,-0.010582870244979836,-0.007488018274307229,-0.010756260156631448,0.0,0.0,0.0,53806,True
305,5.083333333333333,-0.000612422815477976,-0.0003601461070670043,-0.0006430596389767626,,,,0.0,0.0,0.0,53806,False
306,5.1,-0.0006500333617159356,-0.0003780276076431625,-0.0006811469329091253,-0.010569190979003884,-0.0075129926204681174,-0.01079968214035032,0.0,0.0,0.0,53806,True
307,5.116666666666666,-0.0006038099453346663,-0.0003970711701694406,-0.0007181912251551141,,,,0.0,0.0,0.0,53806,False
308,5.133333333333334,-0.0006659180274572998,-0.00041861837583051406,-0.0007580071727891812,-0.010576850175857522,-0.007533168792724587,-0.010840421915054299,0.0,0.0,0.0,53806,True
309,5.15,-0.0006855280128553556,-0.0004452318068137278,-0.0008025914417663139,,,,0.0,0.0,0.0,53806,False
310,5.166666666666667,-0.0006947667515624124,-0.00046910347413465456,-0.0008486659061580461,-0.01058993339538572,-0.007560408115386941,-0.010890221595764138,0.0,0.0,0.0,53806,True
311,5.183333333333334,-0.0006901174904830926,-0.0004848986335784509,-0.000892117667151237,,,,0.0,0.0,0.0,53806,False
312,5.2,-0.0006707756862181263,-0.0004903524380570402,-0.0009249002774743549,-0.010574972629547097,-0.007570689916610696,-0.01092628240585325,0.0,0.0,0.0,53806,True
313,5.216666666666667,-0.0006430893618227472,-0.0004948527471468228,-0.0009581297437660841,,,,0.0,0.0,0.0,53806,False
314,5.233333333333333,-0.0005799978925855158,-0.0004943758305726129,-0.0009944588300305648,-0.010548537969589211,-0.007581090927124001,-0.010955607891082741,0.0,0.0,0.0,53806,True
315,5.25,-0.000618770669653402,-0.0004901139797699352,-0.0010165125062320261,,,,0.0,0.0,0.0,53806,False
316,5.266666666666667,-0.0006019622313692163,-0.0004813521576370881,-0.001028522731447355,-0.010530149936676003,-0.007585263252258279,-0.010966396331787087,0.0,0.0,0.0,53806,True
317,5.283333333333333,-0.0006084293146881947,-0.0004800409748176243,-0.001036301335345411,,,,0.0,0.0,0.0,53806,False
318,5.3,-0.0006114691512093629,-0.0004783422128417115,-0.0010438710349225397,-0.01052669286727903,-0.007586961984634377,-0.010965949296951272,0.0,0.0,0.0,53806,True
319,5.316666666666666,-0.0006143897585869785,-0.0004808455182168934,-0.0010478346439865296,,,,0.0,0.0,0.0,53806,False
320,5.333333333333333,-0.0006147474460176359,-0.0004978925836679911,-0.0010424107312337317,-0.010529524087905862,-0.007604157924652077,-0.010958141088485696,0.0,0.0,0.0,53806,True
321,5.35,-0.0006117076094964678,-0.0005254894017658023,-0.001036539793632516,,,,0.0,0.0,0.0,53806,False
322,5.366666666666666,-0.0006260424652514563,-0.0005713254078704296,-0.0010293573354522223,-0.010539329051971413,-0.007654672861099221,-0.010946875810623147,0.0,0.0,0.0,53806,True
323,5.383333333333334,-0.0006432979283840607,-0.0006214230958979281,-0.001020267717614509,,,,0.0,0.0,0.0,53806,False
324,5.4,-0.0006642491572071785,-0.000674590512172386,-0.0010077506840991796,-0.010563737154006936,-0.007720535993576028,-0.010933077335357644,0.0,0.0,0.0,53806,True
325,5.416666666666667,-0.0006889253679273745,-0.0007274596867081558,-0.0009994656096607353,,,,0.0,0.0,0.0,53806,False
326,5.433333333333334,-0.0007188469854446527,-0.0007736533802434405,-0.0009915382226529496,-0.010598665475845315,-0.007779067754745461,-0.010924911499023415,0.0,0.0,0.0,53806,True
327,5.45,-0.0007475166969546298,-0.0008190124697738577,-0.0009828059544862802,,,,0.0,0.0,0.0,53806,False
328,5.466666666666667,-0.0007772891936025641,-0.0008623152787775115,-0.0009789316828400516,-0.01063520312309263,-0.007830834388732888,-0.010918325185775735,0.0,0.0,0.0,53806,True
329,5.483333333333333,-0.0008017271149154618,-0.0008979289901806771,-0.0009688287861619493,,,,0.0,0.0,0.0,53806,False
330,5.5,-0.0008134394361517161,-0.0009176284818763006,-0.0009564309817901716,-0.01065743565559385,-0.007857745885848977,-0.010905241966247536,0.0,0.0,0.0,53806,True
331,5.516666666666667,-0.0008165985018164367,-0.00092835724711815,-0.0009384304209502676,,,,0.0,0.0,0.0,53806,False
332,5.533333333333333,-0.0008224398854514746,-0.0009217412118096343,-0.0009302645756553763,-0.010673290491104104,-0.007848626375198342,-0.010888880491256692,0.0,0.0,0.0,53806,True
333,5.55,-0.0008348375209434457,-0.0009088962137096316,-0.0009165555884641347,,,,0.0,0.0,0.0,53806,False
334,5.566666666666666,-0.0008486956290040309,-0.0008935480791142534,-0.0008996277521565899,-0.0107013940811157,-0.00781593322753904,-0.010877048969268777,0.0,0.0,0.0,53806,True
335,5.583333333333333,-0.0008629411473412587,-0.0008616894102137643,-0.0008901804468882195,,,,0.0,0.0,0.0,53806,False
336,5.6,-0.0008736102980113319,-0.0008223206563079222,-0.0008861572232524535,-0.010728901624679543,-0.007758355140686013,-0.010866320133209206,0.0,0.0,0.0,53806,True
337,5.616666666666666,-0.0008788258130826227,-0.0007671266823526856,-0.0008725076817531815,,,,0.0,0.0,0.0,53806,False
338,5.633333333333334,-0.0008787065839390702,-0.0007070451579108308,-0.0008648484758784849,-0.010740077495574929,-0.007680720090866067,-0.01085618734359739,0.0,0.0,0.0,53806,True
339,5.65,-0.0008995384147388291,-0.000641957022718612,-0.0008495300641290916,,,,0.0,0.0,0.0,53806,False
340,5.666666666666667,-0.000922009392942724,-0.0005832462956679972,-0.000836804464052448,-0.010762369632720925,-0.007591849565505959,-0.01083911061286924,0.0,0.0,0.0,53806,True
341,5.683333333333334,-0.0009584874311967418,-0.0005161316027949999,-0.0008057802302770193,,,,0.0,0.0,0.0,53806,False
342,5.7,-0.000992432272349786,-0.0004441589134015622,-0.0007845908809264101,-0.010806477069854714,-0.00751761198043821,-0.010819649696350075,0.0,0.0,0.0,53806,True
343,5.716666666666667,-0.0010218470815670628,-0.0003754645188163976,-0.0007653981975307882,,,,0.0,0.0,0.0,53806,False
344,5.733333333333333,-0.0010432154435128078,-0.0003040879751407223,-0.0007432849067575504,-0.010837978124618508,-0.007461196184158303,-0.010800695419311501,0.0,0.0,0.0,53806,True
345,5.75,-0.001057341732706483,-0.00023709234253147053,-0.0007108300921392988,,,,0.0,0.0,0.0,53806,False
346,5.766666666666667,-0.001057252226408915,-0.00017143778446747409,-0.0006835610697463531,-0.010849362611770608,-0.0074450135231017844,-0.010782188177108742,0.0,0.0,0.0,53806,True
347,5.783333333333333,-0.0010551363313103758,-0.0001459867531939938,-0.0006615668392368611,,,,0.0,0.0,0.0,53806,False
348,5.8,-0.0010524541822198646,-0.00013907247614679009,-0.0006460994754979308,-0.010853892564773537,-0.007448619604110696,-0.01077160835266111,0.0,0.0,0.0,53806,True
349,5.816666666666666,-0.0010426490206410298,-0.000159636125813459,-0.0006408841293064464,,,,0.0,0.0,0.0,53806,False
350,5.833333333333333,-0.0010293573354522223,-0.0002009719917081102,-0.0006117076094964678,-0.010846382379531838,-0.00748101472854612,-0.010761624574661233,0.0,0.0,0.0,53806,True
351,5.85,-0.0009626001611300757,-0.0002511590171533694,-0.0005918890575370987,,,,0.0,0.0,0.0,53806,False
352,5.866666666666666,-0.0010722725652994275,-0.0003077237884998462,-0.0005605370280568039,-0.010863518714904763,-0.00752446651458738,-0.01073152422904966,0.0,0.0,0.0,53806,True
353,5.883333333333334,-0.0010907799344393328,-0.0003648549827181006,-0.0005338638136220073,,,,0.0,0.0,0.0,53806,False
354,5.9,-0.0010989158880084326,-0.0004190951235249173,-0.0005254000643480415,-0.010872310400009133,-0.007557845115661599,-0.010723298788070657,0.0,0.0,0.0,53806,True
355,5.916666666666667,-0.001093462083529843,-0.0004651695879166494,-0.0005121381020052186,,,,0.0,0.0,0.0,53806,False
356,5.933333333333334,-0.0010804384105943185,-0.0004972964379502285,-0.000503107929859475,-0.010856992006301858,-0.007569497823715188,-0.010711795091629006,0.0,0.0,0.0,53806,True
357,5.95,-0.0010580866615339758,-0.0005251318832149518,-0.0004920810917587444,,,,0.0,0.0,0.0,53806,False
358,5.966666666666667,-0.0010268241383512488,-0.0005548150424451251,-0.0004530102418319768,-0.01082942485809324,-0.00758511424064634,-0.010690575838088967,0.0,0.0,0.0,53806,True
359,5.983333333333333,-0.0008973032904967366,-0.000582143679409847,-0.00044290717627406775,,,,0.0,0.0,0.0,53806,False
360,6.0,-0.0009883791569882286,-0.0006092637498132554,-0.000417515590692557,-0.010810440778732278,-0.007603442668914773,-0.010671025514602639,0.0,0.0,9.88971919468895e-07,53806,True
361,6.016666666666667,-0.0009909717997811716,-0.0006364137119424552,-0.0004160552870037491,,,,1.3178007625805358e-07,2.3707162521368927e-05,2.5033952624653466e-05,53806,False
362,6.033333333333333,-0.0009806007219699798,-0.0006602257646916056,-0.0004046113157803914,-0.010801023244857766,-0.0076268374919891135,-0.010656809806823708,1.0515924455140866e-06,9.443163298529595e-05,9.65595172601752e-05,53806,True
363,6.05,-0.0009623617028429706,-0.0006815941266373503,-0.0003951638416322143,,,,3.5342596929018005e-06,0.00021098671392917378,0.00021278858184814453,53806,False
364,6.066666666666666,-0.0009363442486977126,-0.0006908326964646008,-0.0003888159874567883,-0.010776734352111794,-0.007634615898132302,-0.010667538642883279,8.328329891328004e-06,0.00037140904865615116,0.00037372103543020785,53806,True
365,6.083333333333333,-0.0009164064675947908,-0.0007006973037354048,-0.0003913790762835532,,,,1.614330025984738e-05,0.0005729801888414849,0.0005739929038099945,53806,False
366,6.1,-0.0008939354893908956,-0.0007150323283702,-0.00038944185602053546,-0.010758495330810525,-0.007643109560012795,-0.010673826932907082,2.7637270166928793e-05,0.000812256508409736,0.000813603401184082,53806,True
367,6.116666666666666,-0.0008883030100767847,-0.0007089823781738485,-0.00037725278708987804,,,,4.340516037378591e-05,0.0010851071857905987,0.0010862946510314941,53806,False
368,6.133333333333334,-0.0008772462802502626,-0.0007091313301633858,-0.00036887820635386656,-0.01074395179748533,-0.0076437652111053245,-0.010663366317749001,6.396763015003695e-05,0.0013867599013496785,0.0013875962467864156,53806,True
369,6.15,-0.0008529574798067088,-0.0006950050409697108,-0.00036583836983269843,,,,8.97608174001829e-05,0.0017118538244987127,0.0017130367923527956,53806,False
370,6.166666666666667,-0.0007648915581105935,-0.0006835907925923379,-0.0003592819490959589,-0.010719960927963235,-0.007630205154418923,-0.010655707120895364,0.00012112701927023276,0.0020544993963373765,0.002054572803899646,53806,True
371,6.183333333333334,-0.0008157341749655846,-0.0006507485676974438,-0.00034774847157503346,,,,0.00015830642192484932,0.0024083443492558853,0.0024086234625428915,53806,False
372,6.2,-0.0007933527030592571,-0.0006435662783969573,-0.00035817916395800177,-0.010692781209945657,-0.007622605562210061,-0.010659432411193825,0.0002014299783719232,0.0027666453452918297,0.002767143538221717,53806,True
373,6.216666666666667,-0.000715777257197693,-0.0006185323802461037,-0.00036706038411420805,,,,0.00025051352244754904,0.003122344560701277,0.0031212002504616976,53806,False
374,6.233333333333333,-0.0007725507639852898,-0.0006456225589237207,-0.0003798454298828211,-0.010673499107360818,-0.00762701630592344,-0.01066882014274595,0.00030545319545239674,0.0034681504956477287,0.0034680927637964487,53806,True
375,6.25,-0.0007565171462543888,-0.0006456225589237207,-0.00039209428226506137,,,,0.0003660222495503723,0.003796622245559161,0.0037953273858875036,53806,False
376,6.266666666666667,-0.0007389933331088878,-0.0006413905998468345,-0.00039257102995946463,-0.010654783248901345,-0.007622456550598122,-0.010679727792739846,0.0004318692790088123,0.004100256434928527,0.004099306650459766,53806,True
377,6.283333333333333,-0.0007228702090804188,-0.0006367415076473212,-0.00039805472616384526,,,,0.0005025179167886149,0.0043715759854582375,0.00436932360753417,53806,False
378,6.3,-0.0007064491810728751,-0.0006283372040653248,-0.00040294227665046343,-0.010635262727737405,-0.007613426446914651,-0.010688519477844216,0.0005773680200000537,0.004603219868739521,0.00460177194327116,53806,True
379,6.316666666666666,-0.0006816238494833351,-0.0006193369236453729,-0.00041620423899328636,,,,0.0006556983534466739,0.004788032979318954,0.004785068798810244,53806,False
380,6.333333333333333,-0.0006721466524891731,-0.0005805938694234713,-0.0004195720400991272,-0.010616606473922707,-0.007597780227661111,-0.010698890686035134,0.0007366707660098579,0.004919155257182436,0.004917374346405268,53806,True
381,6.35,-0.0006608217415295613,-0.0005626828148811351,-0.00043566527240180485,,,,0.0008193358401063864,0.004990109189464903,0.004987123887985945,53806,False
382,6.366666666666666,-0.0006409138521524312,-0.0005539208238684815,-0.00045256321698355846,-0.01059705615043638,-0.007572507858276345,-0.01072455048561094,0.0009026399800075056,0.004994884829592815,0.004991595633327961,53806,True
383,6.383333333333334,-0.0006399005733120418,-0.0005234033983930542,-0.0004681199181402499,,,,0.0009854338905675509,0.004928021488043784,0.004925420042127371,53806,False
384,6.4,-0.0006428211806896577,-0.0005098134714655587,-0.0004791766479667721,-0.01058760881423948,-0.007561361789703347,-0.010741031169891335,0.001066482383998276,0.004784685272358231,0.00478060357272625,53806,True
385,6.416666666666667,-0.0006397813441684894,-0.0005091876029018115,-0.0004878194098358734,,,,0.001144475438865408,0.004560741684794708,0.004557953216135502,53806,False
386,6.433333333333334,-0.0006279796855144743,-0.0005102008817422009,-0.0004980415356575282,-0.010576581954956032,-0.00756377577781675,-0.010750895738601662,0.0012180404225959343,0.004252822523855303,0.004248631186783314,53806,True
387,6.45,-0.0006046443804597268,-0.000513955924244877,-0.0005087106863276016,,,,0.0012857553765845769,0.0038583863805328553,0.0038552172482013702,53806,False
388,6.466666666666667,-0.0005718023244446395,-0.0005190522101726155,-0.0005094258923091096,-0.010546064376831032,-0.00756300091743467,-0.010760164260864236,0.0013461632515855658,0.003375772071203487,0.0033715483732521534,53806,True
389,6.483333333333333,-0.0005196779098565558,-0.0005292446131482855,-0.0005273073928852678,,,,0.0013977869705758378,0.002804244406207244,0.002801107009872794,53806,False
390,6.5,-0.0005641429496901363,-0.0005471556676906217,-0.0005520134953312552,-0.010529583692550637,-0.00757593512535093,-0.010785883665084817,0.001439145186774999,0.0021440317558765586,0.0021404025610536337,53806,True
391,6.516666666666667,-0.0005688817170670241,-0.0005573480706662919,-0.0005709976121655639,,,,0.0014687685960951635,0.001396354943588921,0.0013920844066888094,53806,False
392,6.533333333333333,-0.0005698949959074132,-0.0005653649639716458,-0.0005788952763273653,-0.010523384809493996,-0.007588511705398537,-0.010816013813018777,0.001485216656050544,0.0005634470677948731,0.0005605680053122342,53806,True
393,6.55,-0.0005630403334319859,-0.0005669444968040064,-0.0005965977643083882,,,,0.0014870945571537292,-0.0003514360686763124,-0.00035493908217176795,53806,False
394,6.566666666666666,-0.0005487353694027888,-0.0005737692675536422,-0.0006222575310229886,-0.010505056381225564,-0.007591700553894021,-0.010888671874999978,0.0014730702881239352,-0.0013440151640192778,-0.001347354962490499,53806,True
395,6.583333333333333,-0.0005183071124653159,-0.0005772858517692136,-0.0006500333617159356,,,,0.0014418916328830169,-0.002408996417125007,-0.002411316614598036,53806,False
396,6.6,-0.0004606991705526583,-0.0005809515568541289,-0.000678584012962167,-0.010488575696945168,-0.007600313425064065,-0.01092458367347715,0.001392402935357203,-0.0035400903966177613,-0.0035423096269369125,53806,True
397,6.616666666666666,-0.0004921704291765052,-0.0005995183716860039,-0.0007028729822855274,,,,0.0013235614675646522,-0.004730040768535212,-0.00473230704665184,53806,False
398,6.633333333333334,-0.0004792659853845331,-0.0006150156271507257,-0.0007323175143487892,-0.010469442605972268,-0.007613754272460915,-0.010946428775787331,0.001234453237367755,-0.005970662785470202,-0.005972385872155428,53806,True
399,6.65,-0.00045363611039572397,-0.0006145984940280986,-0.0007296353652582784,,,,0.001124308074609309,-0.007252891353602242,-0.007254476193338633,53806,False
400,6.666666666666667,-0.00040630990887649754,-0.0006295592183468343,-0.0007499605566378424,-0.010435616970062234,-0.007610416412353493,-0.010951584577560403,0.000992513838126086,-0.008566838408446936,-0.008567866869270802,53806,True
401,6.683333333333334,-0.0004188865569636038,-0.000571235901572862,-0.0007402151785105909,,,,0.0008386295913230722,-0.009901859246049924,-0.00990182813256979,53806,False
402,6.7,-0.0003834814121217517,-0.0006048828387468317,-0.0007561594588237311,-0.010396516323089577,-0.007614052295684792,-0.010953789949417092,0.000662397600565356,-0.011246627374464638,-0.01124650239944458,53806,True
403,6.716666666666667,-0.00030891591105556426,-0.000586405361332718,-0.0007503182440684998,,,,0.0004637540185601477,-0.01258921737136224,-0.012588501907885075,53806,False
404,6.733333333333333,-0.00031064456475726846,-0.000562474079440015,-0.0007548182153986692,-0.010362839698791482,-0.007607108354568459,-0.010958111286163308,0.00024283812410450005,-0.013917195158205959,-0.013916193507611752,53806,True
405,6.75,-0.00031928715774656307,-0.0005605370280568039,-0.0007606298761877223,,,,4.449095106459659e-19,-0.015217715030224727,-0.015216023661196232,53806,False
406,6.766666666666667,-0.00031258161614047965,-0.0005506724207859997,-0.0007548182153986692,-0.010351514816284157,-0.007589554786682107,-0.01096481680870054,-0.0002641934574913612,-0.016477622715058714,-0.0164753720164299,53806,True
407,6.783333333333333,-0.0003038495168536174,-0.0005377976998400123,-0.000753119622302563,,,,-0.0005489542916414007,-0.01768356367200303,-0.017680760473012924,53806,False
408,6.8,-0.0002841501940378006,-0.0005317180267976761,-0.0007469207201166743,-0.010335987806320168,-0.0075858592987060325,-0.010967737436294533,-0.0008532710810897712,-0.01882209578878471,-0.018818719312548637,53806,True
409,6.816666666666666,-0.00026647742890276263,-0.0005509108790731046,-0.000754103009417161,,,,-0.0011759084444427548,-0.019879805584267433,-0.019875891506671906,53806,False
410,6.833333333333333,-0.00024534769412392954,-0.0005083232760509594,-0.0007569938939487918,-0.01033208370208738,-0.0075827300548553245,-0.010980612039566018,-0.001515408504344719,-0.020843426983833763,-0.020838961005210876,53806,True
411,6.85,-0.0002528577791292823,-0.0005417913695096002,-0.0007620900109967235,,,,-0.0018700943458793045,-0.021699961699839305,-0.021694988012313843,53806,False
412,6.866666666666666,-0.0002556890490891369,-0.0005071610452210325,-0.0007712394122860193,-0.01032782196998594,-0.007573372125625588,-0.010992443561553933,-0.0022380754877971516,-0.022436800222803466,-0.02243131399154663,53806,True
413,6.883333333333334,-0.0002493411949137108,-0.0004716069483896432,-0.000785812726328113,,,,-0.002617255368326611,-0.023041842410174863,-0.023035865277051926,53806,False
414,6.9,-0.00023011861979229737,-0.0004904716672005927,-0.000799790063532251,-0.010325169563293435,-0.007556295394897439,-0.011014497280120827,-0.0030053408303372005,-0.02350361664880228,-0.02349717728793621,53806,True
415,6.916666666666667,-0.00024427480071176393,-0.000453397652108619,-0.000807240702845634,,,,-0.0033998535735295537,-0.023811396564806225,-0.02380457893013954,53806,False
416,6.933333333333334,-0.00025947398331760467,-0.0004301815761974242,-0.0008075683296706931,-0.010343766212463357,-0.007546609640121438,-0.01101911664009092,-0.0037981435242575665,-0.023955314260467674,-0.023948075249791145,53806,True
417,6.95,-0.0002746731659234454,-0.0004016012021052081,-0.0007922798096470915,,,,-0.004197404056690324,-0.02392646907205294,-0.023918941617012024,53806,False
418,6.966666666666667,-0.00029011063793658447,-0.0003909021597093433,-0.0007941871381843177,-0.010362958908081032,-0.007535910606384255,-0.011009192466735818,-0.004594688982430042,-0.02371703086512767,-0.023709291592240334,53806,True
419,6.983333333333333,-0.00032038994288452016,-0.0003636628601623824,-0.0007766932167646086,,,,-0.004986931209557424,-0.02332033691476849,-0.02331227995455265,53809,False
420,7.0,-0.000349804752101797,-0.0003872364546244279,-0.0007507949917629029,-0.010391747951507546,-0.007540529966354348,-0.011006271839141823,-0.005370962956512498,-0.022730981456978456,-0.02272278070449829,53809,True
421,7.016666666666667,-0.000378236174204476,-0.0003791005010553282,-0.0007460563932658222,,,,-0.0057435373913690925,-0.02194489704430872,-0.02193658985197544,53809,False
422,7.033333333333333,-0.00040875376855970994,-0.0003900677245842826,-0.00073938074338553,-0.010423338413238503,-0.007549738883972146,-0.011011844873428323,-0.006101351553052785,-0.020959426892876297,-0.020951036363840103,53809,True
423,7.05,-0.00045098368415119817,-0.000389650422581849,-0.00072918834040986,,,,-0.0064410703980064404,-0.019773387469278626,-0.01976507343351841,53809,False
424,7.066666666666666,-0.000498846247936604,-0.0003952533479297821,-0.0007097274758811483,-0.01047742962837217,-0.00756028890609739,-0.011000072956085183,-0.0067593518038402784,-0.018387120633912915,-0.018378794193267822,53809,True
425,7.083333333333333,-0.0005488544296665347,-0.00039331612766676426,-0.0006873458350950142,,,,-0.007052872350722159,-0.01680253473142743,-0.01679440215229988,53809,False
426,7.1,-0.0005928724446516965,-0.00039257102995946463,-0.0006371289179239634,-0.010528421401977517,-0.007558798789978005,-0.010970956087112405,-0.007318353691767474,-0.015023134098931086,-0.015015311539173126,53809,True
427,7.116666666666666,-0.000635310926804498,-0.00039561086648063276,-0.000608161133555105,,,,-0.007552589315566776,-0.013054036547579494,-0.013046386651694775,53809,False
428,7.133333333333334,-0.0006805509560711698,-0.0003926902591030171,-0.0005721897347212817,-0.010581231117248513,-0.007553344964981057,-0.01094541549682615,-0.007752471497322746,-0.010901978462616485,-0.01089465245604515,53809,True
429,7.15,-0.0007290393884203227,-0.00039820367815338243,-0.0005288869257176281,,,,-0.00791501822992491,-0.008575307260211752,-0.008568472228944302,53809,False
430,7.166666666666667,-0.0007781535204534162,-0.00040192899781007406,-0.0004950910365541209,-0.01063907742500303,-0.0075599312782287376,-0.010921186208724953,-0.008037399922729152,-0.006083961035793062,-0.006077595055103302,53809,True
431,7.183333333333334,-0.0008388609134590184,-0.0004142671876100754,-0.000471159754661418,,,,-0.008116965653873376,-0.0034394353373058406,-0.003433565841987729,53809,False
432,7.2,-0.0009098500468580513,-0.000437095853244628,-0.00044964244072613597,-0.010719394683837868,-0.007582938671112038,-0.010917580127716042,-0.008151268761686427,-0.0006547370971757182,-0.0006495540728792548,53809,True
433,7.216666666666667,-0.0010043232684215624,-0.0004720240815122702,-0.0004498511761672562,,,,-0.008138091562152377,0.0022556741420586886,0.0022603776305913925,53809,False
434,7.233333333333333,-0.0011091679055558784,-0.0005053133312555825,-0.00044257938056920177,-0.01084158420562742,-0.007621979713439919,-0.010917371511459328,-0.008075468982486319,0.005275957472222285,0.005279771517962217,53809,True
435,7.25,-0.0012122838889884907,-0.0005306154105395257,-0.00043283400244195023,,,,-0.00796171090565385,0.008388973997346312,0.008392028510570526,53809,False
436,7.266666666666667,-0.0013124196504717112,-0.000551864543341718,-0.00043357910014924986,-0.01096195578575132,-0.007645493745803811,-0.010913646221160866,-0.0077954230271066885,0.011576381909125666,0.01157873123884201,53809,True
437,7.283333333333333,-0.001410707697989481,-0.0005630702251577773,-0.00042893000794973663,,,,-0.007575526033078958,0.01481874272753102,0.01482017245143652,53809,False
438,7.3,-0.001507714454413579,-0.0005759746689497497,-0.0004245489280035064,-0.011080062389373757,-0.007662689685821511,-0.010914599895477273,-0.007301272919448062,0.01809563808047842,0.018096165731549263,53812,True
439,7.316666666666666,-0.0016148536614819572,-0.0005903095247047382,-0.0004248172780164029,,,,-0.00697226428135349,0.021385796306639938,0.021385425701737404,53812,False
440,7.333333333333333,-0.001731470234424304,-0.0006064623715791922,-0.0004270225105327036,-0.011217182874679543,-0.00768882632255552,-0.010917788743972756,-0.006588461416416006,0.02466722808021256,0.024665990844368935,53812,True
441,7.35,-0.0018607229011457262,-0.0006367713993731127,-0.0004322380256039945,,,,-0.006150197098427457,0.027917370176438586,0.027915043756365776,53812,False
442,7.366666666666666,-0.0019924194275503623,-0.0006731003167577865,-0.00044111907688039394,-0.011377131938934304,-0.007733887434005715,-0.010928368568420388,-0.005658183893694556,0.031113236422556645,0.031110022217035294,53812,True
443,7.383333333333334,-0.002126410692768865,-0.0007160157154847981,-0.00045727192375484793,,,,-0.005113519908714394,0.03423157481127776,0.034227389842271805,53812,False
444,7.4,-0.0022605211871309216,-0.0007598251639086464,-0.0004693419324217595,-0.011537826061248757,-0.007791137695312478,-0.010943269729614236,-0.004517691875422715,0.037249029693395795,0.037243831902742386,53812,True
445,7.416666666666667,-0.0023926647383839747,-0.0008075683296706931,-0.00048486891073246623,,,,-0.003872575498762916,0.040142307913292874,0.0401361845433712,53812,False
446,7.433333333333334,-0.002540156086472793,-0.0008614808436524506,-0.0005103201108857534,-0.011705195903778054,-0.007856523990631081,-0.010961776971816994,-0.0031804330106467707,0.042888347706336816,0.042881276458501816,53812,True
447,7.45,-0.002646461196175724,-0.000925168289727638,-0.0005314500145443932,,,,-0.002443907894374502,0.04546448914092542,0.045456476509571075,53812,False
448,7.466666666666667,-0.002774998488035831,-0.0009929983574619504,-0.0005630702251577773,-0.011901950836181618,-0.007940566539764382,-0.010998612642288186,-0.0016660167641102932,0.04784864486053855,0.047839757055044174,53815,True
449,7.483333333333333,-0.0029059201938871817,-0.0010643750700174322,-0.0006052702490234739,,,,-0.0008501384049183371,0.050019469862908214,0.050009723752737045,53815,False
450,7.5,-0.0030371396348378003,-0.001139804729054665,-0.000653549945931507,-0.01210663318634031,-0.008033490180969216,-0.011050170660018899,-3.038032170552467e-18,0.05195652904452216,0.05194597691297531,53815,True
451,7.516666666666667,-0.003161266630545113,-0.0012144296758128219,-0.0007029027051315122,,,,0.0008803394070230217,0.05364046123928322,0.05362986400723457,53815,False
452,7.533333333333333,-0.0032866151338945154,-0.0013066083274422711,-0.0007502287377709322,-0.01230008006095884,-0.008143788576126076,-0.011101281642913796,0.001786508145819679,0.05505313849032997,0.05504072830080986,53815,True
453,7.55,-0.00341494385919331,-0.001406952655486805,-0.0007983297598434431,,,,0.002713843759229473,0.056177819313785876,0.05616544559597969,53815,False
454,7.566666666666666,-0.003550156800933709,-0.0015099198558096863,-0.0008455365633393103,-0.012494629621505715,-0.008278256654739358,-0.011147594451904275,0.003657417339030255,0.056999294742475,0.05698620527982712,53815,True
455,7.583333333333333,-0.0036842672952957655,-0.0016177742688595728,-0.0008913428465979528,,,,0.0046120602274218455,0.05750402597627954,0.057490456849336624,53818,False
456,7.6,-0.00381691765484882,-0.0017315894635678564,-0.000944510093992604,-0.012687420845031716,-0.008426642417907693,-0.01119730472564695,0.005572392934884392,0.05768027251360244,0.05766575038433075,53818,True
457,7.616666666666666,-0.003938123367659292,-0.0018459707433883046,-0.0010011940944826335,,,,0.006532856106771041,0.05751820969505384,0.05750386789441109,53818,False
458,7.633333333333334,-0.004055246411142023,-0.00196503083825425,-0.001060530521217188,-0.012858337163925149,-0.008572971820831277,-0.0112601578235626,0.007487743353711461,0.05701003465564939,0.056995175778865814,53818,True
459,7.65,-0.004169896547614788,-0.0020866543597065743,-0.001121893505632522,,,,0.008431235744773667,0.0561500597550693,0.056135088205337524,53818,False
460,7.666666666666667,-0.004277154646067104,-0.0022103936073776314,-0.0011880844259626981,-0.013022130727767922,-0.008738106489181496,-0.011330133676528908,0.009357437747488677,0.054934792636399325,0.054919999092817307,53818,True
461,7.683333333333334,-0.004377201407892176,-0.0023367254978416316,-0.0012485830835271801,,,,0.010260414385404365,0.053363002151711816,0.05334823206067085,53818,False
462,7.7,-0.004474028645081719,-0.0024466959748698646,-0.0013128072296281598,-0.013185119628906228,-0.008888816833496072,-0.011400914192199685,0.011134229371921345,0.05143576948724703,0.051421452313661575,53818,True
463,7.716666666666667,-0.004569307254443529,-0.00255037855005406,-0.0013795941267962918,,,,0.011972983968868657,0.049156523921170786,0.04914173483848572,53818,False
464,7.733333333333333,-0.004645094094272001,-0.0026531665689020004,-0.0014448911663094374,-0.013317143917083718,-0.009028321504592873,-0.011476016044616677,0.012770856309698986,0.04653106275221141,0.046517420560121536,53818,True
465,7.75,-0.004703417579925777,-0.002759769751463813,-0.0015141813688527512,,,,0.013522140920396148,0.043567555047175854,0.04355376213788986,53821,False
466,7.766666666666667,-0.004753068243104855,-0.0028605906583229423,-0.0015939623849902285,-0.013393527269363381,-0.009189134836196877,-0.011563634872436501,0.014221288166260717,0.040276528968632166,0.04026349261403084,53821,True
467,7.783333333333333,-0.00478379406626179,-0.0029753596861796464,-0.001682117644104105,,,,0.014862943349725198,0.03667084256010806,0.0366579033434391,53821,False
468,7.8,-0.0048023311582476805,-0.003087684347713717,-0.0017754882494094657,-0.013416206836700417,-0.009362792968749978,-0.011672025918960549,0.015441985183286967,0.032765637984161586,0.032754141837358475,53821,True
469,7.816666666666666,-0.00481323876720486,-0.00319327425143514,-0.0018687099027252891,,,,0.015953563362561513,0.02857827932776598,0.02856731414794922,53824,False
470,7.833333333333333,-0.0048065629484447606,-0.003290668249256073,-0.0019578782717997486,-0.013398534059524514,-0.009519582986831643,-0.011777615547180154,0.01639313496736028,0.024128274208753627,0.024118393659591675,53824,True
471,7.85,-0.004731520699684171,-0.003376766890083572,-0.0020421297053012178,,,,0.01675649942358333,0.019437179535702193,0.019428102299571037,53824,False
472,7.866666666666666,-0.004589661662029659,-0.0034549386505427064,-0.002129212071002929,-0.013271546363830544,-0.009648209810256936,-0.011880135536193825,0.017039831765568697,0.0145284918907421,0.01452055387198925,53824,True
473,7.883333333333334,-0.004436686786616267,-0.003530427755271908,-0.0022180526443725214,,,,0.017239713947324663,0.00942752311945395,0.009420142509043217,53824,False
474,7.9,-0.004264756841695326,-0.003595844023928607,-0.002307101953183235,-0.013093209266662575,-0.009756213426589944,-0.01198158264160154,0.017353163961740768,0.004161261823440807,0.00415560370311141,53833,True
475,7.916666666666667,-0.004078939741387042,-0.00365091876874029,-0.002399519231979596,,,,0.01737766253936728,-0.0012417784415330038,-0.00124630075879395,53833,False
476,7.933333333333334,-0.0038827211649023535,-0.003699704936188711,-0.002498224412619992,-0.012875741720199563,-0.00983307361602781,-0.01209214925765989,0.017311177212594613,-0.0067517233565471515,-0.006754760630428791,53839,True
477,7.95,-0.0036859361655458864,-0.003742739395179468,-0.0026030690497543083,,,,0.017152183546966952,-0.012337513417707164,-0.012339119799435139,53839,False
478,7.966666666666667,-0.0034754722396037763,-0.003772541783553194,-0.002706035912317577,-0.012632495164871194,-0.009881860017776467,-0.01221499443054197,0.0168996833588248,-0.01796708980929031,-0.017967961728572845,53839,True
479,7.983333333333333,-0.003248468225390376,-0.003790274332139815,-0.002805844046975738,,,,0.01655321975737795,-0.023607589396545652,-0.023606276139616966,53839,False
480,8.0,-0.0030033437456742935,-0.0037961452697410315,-0.0029054730001589566,-0.012336140871047951,-0.009892410039901711,-0.012326395511627175,0.016112888869537507,-0.029225547587543643,-0.029223471879959106,53839,True
481,8.016666666666667,-0.0027389971974762163,-0.003790632019570472,-0.0029949396109721035,,,,0.015579348127248236,-0.03478710774656875,-0.03478298708796501,53839,False
482,8.033333333333333,-0.0024634750280676785,-0.0037785919026293523,-0.0030896512908227193,-0.011971062421798684,-0.009870415925979592,-0.012427127361297585,0.014953821019517565,-0.04025823578357413,-0.04025287553668022,53839,True
483,8.05,-0.00215791150535889,-0.0037635119491670646,-0.003179177516207642,,,,0.01423809823467905,-0.04560493849567271,-0.04559842124581337,53839,False
484,8.066666666666666,-0.0018277913388330715,-0.0037444383260351877,-0.0032679289210392815,-0.011548376083374001,-0.009833550453186013,-0.012521868944168069,0.013434535142500311,-0.05079348419788397,-0.050785765051841736,53839,True
485,8.083333333333334,-0.0014732033592685639,-0.0037181822447230183,-0.003319695648196708,,,,0.012546045590375076,-0.05579062415180591,-0.05578106641769409,53839,False
486,8.1,-0.001090422247008675,-0.003688112012975816,-0.0034096987901558406,-0.01107937693595884,-0.009722864627838113,-0.012612915039062478,0.011576092012863937,-0.060563813282705554,-0.060553476214408875,53839,True
487,8.116666666666667,-0.0006862133271110721,-0.003654107388371189,-0.0035012514043417367,,,,0.010528671879079365,-0.06508142866803135,-0.06506949663162231,53842,False
488,8.133333333333333,-0.0002724378728015464,-0.003612860859894298,-0.003587797407777267,-0.010567075014114358,-0.009649282693862893,-0.012701368331909157,0.00940830052768837,-0.06931298428352786,-0.06929942220449448,53842,True
489,8.15,0.00011338290709970352,-0.00356836626609454,-0.0036732109032288573,,,,0.008219990464427819,-0.0732293405071589,-0.07321532070636749,53842,False
490,8.166666666666666,0.0003136247072201592,-0.003529950838697698,-0.003752008194492123,-0.01004979610443113,-0.009566611051559426,-0.012723869085311867,0.006969227221840123,-0.07680290690573847,-0.07678800821304321,53845,True
491,8.183333333333334,0.0004913658062907348,-0.003476336735334435,-0.0038226396404604994,,,,0.005661941905234303,-0.08000783686454434,-0.07999070733785629,53848,False
492,8.2,0.0006630866780109438,-0.003409311042119585,-0.0038918406744658587,-0.009563243389129616,-0.009457176923751809,-0.012781059741973855,0.0043044805725142915,-0.08282021266592644,-0.08280333876609802,53848,True
493,8.216666666666667,0.000838771496554756,-0.003333315129090381,-0.003957584738827423,,,,0.0029035706182885864,-0.08521821967886549,-0.08520035445690155,53848,False
494,8.233333333333333,0.0010005982070379832,-0.003405943578773358,-0.004011824879634239,-0.009135878086090066,-0.009316152334213235,-0.012820398807525613,0.0014662843544501068,-0.0871823083871326,-0.08716286718845367,53848,True
495,8.25,0.0011468976014508895,-0.0033068506500967044,-0.004064694223049815,,,,7.779367979719504e-18,-0.0886953430588196,-0.08867651224136353,53848,False
496,8.266666666666667,0.001284524680028517,-0.003211513270562148,-0.0041132123782449525,-0.008780008554458596,-0.00916749835014341,-0.01283065080642698,-0.0014876396878369205,-0.08974273594398556,-0.08972281962633133,53848,True
497,8.283333333333333,0.0014046580060662417,-0.003119811366627103,-0.004156783537261503,,,,-0.00298877089136979,-0.09031256597950632,-0.09029226750135422,53851,False
498,8.3,0.0015269072272025065,-0.003014251523511279,-0.004194811216622088,-0.008468872308731057,-0.009029364585876443,-0.012836223840713479,-0.004495354053038701,-0.09039568108024666,-0.09037512540817261,53851,True
499,8.316666666666666,0.0016428678709755075,-0.002801135340204448,-0.004226580548104817,,,,-0.0059992207583539365,-0.0899857832027619,-0.08996506780385971,53851,False
500,8.333333333333334,0.0017557294014151777,-0.0026647002153027326,-0.004444583944138649,-0.008191353082656838,-0.008850759267806985,-0.012815451622009255,-0.007492121888058717,-0.08907949548112548,-0.08905885368585587,53854,True
501,8.35,0.00184847413815679,-0.0024064333401469925,-0.004441991639105318,,,,-0.008965776735697767,-0.08767641085339606,-0.08765576779842377,53854,False
502,8.366666666666667,0.0019187480655743138,-0.0022940786180073226,-0.004421815061955679,-0.007957702875137307,-0.00866512060165403,-0.012753999233245827,-0.010411922778117737,-0.08577912172086134,-0.08575879037380219,53854,True
503,8.383333333333333,0.0019718854212431723,-0.0022628458176705813,-0.004386588760829157,,,,-0.011822365779841259,-0.08339323030967102,-0.08337333798408508,53860,False
504,8.4,0.0020072905660850253,-0.002181366208436997,-0.004346803042680494,-0.007769471406936623,-0.008475667238235451,-0.012656933069229104,-0.013189029907843895,-0.0805273395348902,-0.08050774782896042,53866,True
505,8.416666666666666,0.002025559645817632,-0.001990810171872017,-0.0043013541090928965,,,,-0.014504007531021587,-0.0771930242994871,-0.07717413455247879,53866,False
506,8.433333333333334,0.002026900551483081,-0.0018506497273136089,-0.00425182267505737,-0.007637327909469582,-0.008259540796279885,-0.012552773952484109,-0.015759608378633914,-0.07340478329433253,-0.07338622957468033,53866,True
507,8.45,0.0020118205980207927,-0.0017414539019588535,-0.004186197839839359,,,,-0.016948407734215593,-0.06917997149904946,-0.06916288286447525,53866,False
508,8.466666666666667,0.0019814222328091114,-0.0015439540343804917,-0.004109367491685096,-0.007564878463745095,-0.008020555973052956,-0.012420779466629006,-0.01806329334589706,-0.06453871371649672,-0.06452251970767975,53866,True
509,8.483333333333333,0.0019363911078633667,-0.0013107507802215899,-0.004024728816786789,,,,-0.01909751074071045,-0.05950379960492632,-0.05948827788233757,53869,False
510,8.5,0.0018775613205490073,-0.0010576099138395727,-0.0039217026774113605,-0.007575219869613625,-0.007759606838226296,-0.012255644798278786,-0.020044706639274983,-0.05410056080039884,-0.05408622324466705,53872,True
511,8.516666666666667,0.0018047244731845247,-0.0007767231084904,-0.0038010032662614715,,,,-0.02089897017817124,-0.04835673084706138,-0.04834384471178055,53872,False
512,8.533333333333333,0.00171671799718038,-0.0004699379092597151,-0.003664925828790412,-0.0076375067234039085,-0.007474666833877541,-0.012046551704406716,-0.021654871660292008,-0.0423022887733703,-0.04229092597961426,53872,True
513,8.55,0.0016192942765134622,-0.0001388042950137004,-0.003525570096511081,,,,-0.02230749856838883,-0.035969287267518524,-0.035958606749773026,53872,False
514,8.566666666666666,0.001505598310948731,0.00017572944750944206,-0.003375068465867273,-0.0077294468879699485,-0.007179236412048318,-0.011822885274887063,-0.022852488593838944,-0.02939166651431558,-0.029383525252342224,53875,True
515,8.583333333333334,0.001373305976585947,0.00042013821460459686,-0.0032139571302453613,,,,-0.023286059451224042,-0.022605054857754985,-0.022597400471568108,53875,False
516,8.6,0.001231893794900045,0.0005682260461707907,-0.0030414908230582383,-0.00789857506752012,-0.006918346881866433,-0.011584585905075051,-0.023605035269509963,-0.015646557547848723,-0.015640921890735626,53875,True
517,8.616666666666667,0.0010800510897109815,0.0007056146664613132,-0.0028501003513681984,,,,-0.0238068693723239,-0.008554534916169176,-0.00855074729770422,53878,False
518,8.633333333333333,0.0009772927937090276,0.0008291750704170417,-0.0026346595375217083,-0.008106803894042947,-0.006694442033767678,-0.011300867795944192,-0.023889663282883937,-0.001368371401467688,-0.0013661384582519531,53878,True
519,8.65,0.0008937567350688724,0.0009459107036231343,-0.0023975522888705927,,,,-0.023852181813401856,0.005871763086025324,0.005872317124158144,53878,False
520,8.666666666666666,0.0007951110001204447,0.0010536163335632901,-0.002155229356268379,-0.0083706736564636,-0.006510233879089333,-0.01098716855049131,-0.023693864124079592,0.013125157915777556,0.013123627752065659,53878,True
521,8.683333333333334,0.0006840975214058378,0.0011488348217139075,-0.0018931777157639783,,,,-0.02341483066298822,0.02035081101114107,0.020348412916064262,53884,False
522,8.7,0.0005544869983739511,0.0012282579815409214,-0.0016211717928113984,-0.008677101135253884,-0.0063624143600463645,-0.010678237676620461,-0.023015885924973372,0.027507681018245873,0.02750316448509693,53890,True
523,8.716666666666667,0.00040747222909972956,0.0012972205572591758,-0.001335814570098235,,,,-0.022498516995088976,0.034554940716708324,0.03454871103167534,53893,False
524,8.733333333333333,0.00024162229498073676,0.0013550966803049227,-0.0010346324650952893,-0.009028410911560036,-0.006246155500411965,-0.010365134477615334,-0.021864887869738288,0.04145223000592531,0.04144405946135521,53896,True
525,8.75,4.0903747165877885e-05,0.0014031083649596733,-0.000701800088873362,,,,-0.021117829576499637,0.04815990679896291,0.04815065488219261,53905,False
526,8.766666666666667,-0.00019828967373779275,0.0014386026783394794,-0.0003682523377901194,-0.009429788589477517,-0.00619048476219175,-0.01004487872123716,-0.020260826141353258,0.05463929416568951,0.054628025740385056,53905,True
527,8.783333333333333,-0.0004417449454441412,0.0014616996939869286,-1.8924224175811722e-06,,,,-0.01929799647950009,0.06085292208800037,0.06084010750055313,53905,False
528,8.8,-0.000696912369506937,0.0014596135217343738,0.00023297970199144226,-0.009883022308349587,-0.0061324596405029075,-0.009764766693115212,-0.018234072312997444,0.06676476222243384,0.06675092875957489,53908,True
529,8.816666666666666,-0.0009575337669281286,0.0014601498840005533,0.0003561526956705285,,,,-0.01707437224483304,0.07234045410909574,0.0723249539732933,53914,False
530,8.833333333333334,-0.001354023697499452,0.0014436991331470243,0.00046814973037954006,-0.010362333059310891,-0.006120121479034402,-0.009572690725326516,-0.015824772144634416,0.07754752132027465,0.07753119617700577,53917,True
531,8.85,-0.0016835482249469283,0.0014108569082521305,0.000556662676924074,,,,-0.014491672025800963,0.08235557610700912,0.08233751356601715,53920,False
532,8.866666666666667,-0.001997634604862039,0.0013748853405385008,0.00062491004666082,-0.010829693078994729,-0.006159907579421975,-0.009464180469512917,-0.013081959617255926,0.0867365111768565,0.0867176502943039,53920,True
533,8.883333333333333,-0.002300009001300509,0.0012944191790251127,0.0006766766049384396,,,,-0.011602970855111768,0.09066467732054073,0.09064506739377975,53923,False
534,8.9,-0.002594277167015864,0.0012025982148263208,0.0007134229932053539,-0.011276638507842995,-0.006244635581970193,-0.009418225288391091,-0.010062447540140202,0.09411704569858848,0.09409621357917786,53923,True
535,8.916666666666666,-0.002884403048831707,0.0011055619044360449,0.0007446557935420961,,,,-0.008468492425925019,0.09707335370073077,0.09705199301242828,53923,False
536,8.933333333333334,-0.0031836479335716336,0.0010124295885379827,0.0007637888623659417,-0.01173422336578367,-0.006380236148834206,-0.009419089555740334,-0.006829522019785743,0.09951623340015563,0.09949420392513275,53929,True
537,8.95,-0.0035023538517200796,0.0008836538383907701,0.0007721632742221465,,,,-0.0051542173939112266,0.101431321740782,0.10140885412693024,53935,False
538,8.966666666666667,-0.003848984890310623,0.0007496625731722667,0.0007703452831026812,-0.0122444689273834,-0.00655669569969175,-0.009461617469787575,-0.0034514733174844823,0.10280735171788324,0.10278456658124924,53938,True
539,8.983333333333333,-0.0042020233976483665,0.0006076544146484089,0.000763282222945747,,,,-0.0017303460318652344,0.10363622393967005,0.10361321270465851,53941,False
540,9.0,-0.004560813106804352,0.00045175859409778797,0.0007508546957279846,-0.012776887416839577,-0.006787306070327737,-0.00953657031059263,-1.215212868220987e-17,0.10391305808904433,0.10389096289873123,53944,True
541,9.016666666666667,-0.004935308975745985,0.0002698451505221022,0.0007316620123323627,,,,0.0017304778119414243,0.10365993110219143,0.10363876819610596,53950,False
542,9.033333333333333,-0.005329057311534827,5.246694753278807e-05,0.0007001907537085156,-0.013358002901077248,-0.007100349664688088,-0.009633398056030251,0.003452524909929928,0.10290178335086857,0.10288145393133163,53956,True
543,9.05,-0.005733207123500068,-0.00023527452029181196,0.0006724446458615534,,,,0.005157751653604062,0.10164230845471123,0.10162173956632614,53959,False
544,9.066666666666666,-0.006166204646291584,-0.0005536825344611832,0.0006459205522961005,-0.013979083299636819,-0.00747520327568052,-0.009734338521957375,0.006837850349677005,0.09988764244881186,0.09986676275730133,53962,True
545,9.083333333333334,-0.006623551090737848,-0.0008689015912400424,0.000616148224527973,,,,0.008484635726184804,0.09764633388957238,0.09762696921825409,53962,False
546,9.1,-0.00710113372690553,-0.0011553614302113567,0.0005827098539153165,-0.014683908224105813,-0.007849758863449074,-0.009835815429687478,0.010090084810307067,0.09492930220699833,0.09490997344255447,53965,True
547,9.116666666666667,-0.007602945211185373,-0.0014146120302413081,0.0005445033308394014,,,,0.011646376015485495,0.09174978450633149,0.0917307510972023,53980,False
548,9.133333333333333,-0.00811572425675379,-0.0016487687797890169,0.0005017370529817337,-0.015456742048263528,-0.00823736786842344,-0.009969002008438088,0.013145927247405903,0.08812327107820633,0.0881059393286705,53992,True
549,9.15,-0.008641764082506373,-0.001911297505747435,0.00044943396355812804,,,,0.01458143284320109,0.084067429931508,0.08404986560344696,53995,False
550,9.166666666666666,-0.009177967432787686,-0.0021782963113102303,0.0003777296241775868,-0.016261076927185036,-0.008618092536926247,-0.010141795873641946,0.015945899163904598,0.07960202071661218,0.07958631217479706,53995,True
551,9.183333333333334,-0.009709581195066371,-0.0024481862050791375,0.00028745832418406467,,,,0.01723267866675784,0.07474879845835183,0.07473356276750565,53998,False
552,9.2,-0.009403005737811328,-0.0027200430172184924,0.00017695135747397306,-0.017043656110763528,-0.009005492925643899,-0.01037398576736448,0.018435502291369317,0.06953140756772584,0.06951680779457092,54013,True
553,9.216666666666667,-0.009748979852845275,-0.0029943139863510765,3.971153621876482e-05,,,,0.0195485100019476,0.06397526664870189,0.06396248936653137,54028,False
554,9.233333333333333,-0.010096326933552823,-0.003273054844389345,-0.00011782344803209995,-0.017863279581069924,-0.00941992402076719,-0.010663068294525124,0.02056627933680561,0.058107444661337465,0.05809575319290161,54028,True
555,9.25,-0.010440543732295436,-0.0035568921553591768,-0.00032426414762930136,,,,0.02148385182604998,0.051956529044522325,0.05194618180394173,54037,False
